run_id,tool_a,call_a,tool_b,call_b,layer,head,l2,cosine,input_tokens_a,input_tokens_b,overlap_tokens,overlap_pct_a,overlap_pct_b
20260630_210317_639286,file_creator_viewer,0,file_saver,1,0,0,0.000000,1.000000,2237,3207,2237,100.00,69.75
20260630_210317_639286,file_creator_viewer,0,file_saver,1,0,1,0.000000,1.000000,2237,3207,2237,100.00,69.75
20260630_210317_639286,file_creator_viewer,0,file_saver,1,0,2,0.000000,1.000000,2237,3207,2237,100.00,69.75
20260630_210317_639286,file_creator_viewer,0,file_saver,1,0,3,0.000000,1.000000,2237,3207,2237,100.00,69.75
20260630_210317_639286,file_creator_viewer,0,file_saver,1,0,4,0.000000,1.000000,2237,3207,2237,100.00,69.75
20260630_210317_639286,file_creator_viewer,0,file_saver,1,0,5,0.000000,1.000000,2237,3207,2237,100.00,69.75
20260630_210317_639286,file_creator_viewer,0,file_saver,1,0,6,0.000000,1.000000,2237,3207,2237,100.00,69.75
20260630_210317_639286,file_creator_viewer,0,file_saver,1,0,7,0.000000,1.000000,2237,3207,2237,100.00,69.75
20260630_210317_639286,file_creator_viewer,0,file_saver,1,1,0,0.019392,0.998416,2237,3207,2237,100.00,69.75
20260630_210317_639286,file_creator_viewer,0,file_saver,1,1,1,0.032938,0.985916,2237,3207,2237,100.00,69.75
20260630_210317_639286,file_creator_viewer,0,file_saver,1,1,2,0.016896,0.998226,2237,3207,2237,100.00,69.75
20260630_210317_639286,file_creator_viewer,0,file_saver,1,1,3,0.016982,0.998735,2237,3207,2237,100.00,69.75
20260630_210317_639286,file_creator_viewer,0,file_saver,1,1,4,0.017788,0.997826,2237,3207,2237,100.00,69.75
20260630_210317_639286,file_creator_viewer,0,file_saver,1,1,5,0.019333,0.996233,2237,3207,2237,100.00,69.75
20260630_210317_639286,file_creator_viewer,0,file_saver,1,1,6,0.018651,0.997037,2237,3207,2237,100.00,69.75
20260630_210317_639286,file_creator_viewer,0,file_saver,1,1,7,0.016791,0.999514,2237,3207,2237,100.00,69.75
20260630_210317_639286,file_creator_viewer,0,file_saver,1,2,0,0.096594,0.980511,2237,3207,2237,100.00,69.75
20260630_210317_639286,file_creator_viewer,0,file_saver,1,2,1,0.047261,0.993361,2237,3207,2237,100.00,69.75
20260630_210317_639286,file_creator_viewer,0,file_saver,1,2,2,0.034793,0.991828,2237,3207,2237,100.00,69.75
20260630_210317_639286,file_creator_viewer,0,file_saver,1,2,3,0.031350,0.993243,2237,3207,2237,100.00,69.75
20260630_210317_639286,file_creator_viewer,0,file_saver,1,2,4,0.039811,0.992036,2237,3207,2237,100.00,69.75
20260630_210317_639286,file_creator_viewer,0,file_saver,1,2,5,0.035317,0.994012,2237,3207,2237,100.00,69.75
20260630_210317_639286,file_creator_viewer,0,file_saver,1,2,6,0.035619,0.993840,2237,3207,2237,100.00,69.75
20260630_210317_639286,file_creator_viewer,0,file_saver,1,2,7,0.059187,0.993069,2237,3207,2237,100.00,69.75
20260630_210317_639286,file_creator_viewer,0,file_saver,1,3,0,0.073694,0.991514,2237,3207,2237,100.00,69.75
20260630_210317_639286,file_creator_viewer,0,file_saver,1,3,1,0.040824,0.994369,2237,3207,2237,100.00,69.75
20260630_210317_639286,file_creator_viewer,0,file_saver,1,3,2,0.074490,0.988963,2237,3207,2237,100.00,69.75
20260630_210317_639286,file_creator_viewer,0,file_saver,1,3,3,0.060139,0.988997,2237,3207,2237,100.00,69.75
20260630_210317_639286,file_creator_viewer,0,file_saver,1,3,4,0.061052,0.991749,2237,3207,2237,100.00,69.75
20260630_210317_639286,file_creator_viewer,0,file_saver,1,3,5,0.052699,0.989501,2237,3207,2237,100.00,69.75
20260630_210317_639286,file_creator_viewer,0,file_saver,1,3,6,0.043497,0.992435,2237,3207,2237,100.00,69.75
20260630_210317_639286,file_creator_viewer,0,file_saver,1,3,7,0.057017,0.995520,2237,3207,2237,100.00,69.75
20260630_210317_639286,file_creator_viewer,0,file_saver,1,4,0,0.144826,0.956989,2237,3207,2237,100.00,69.75
20260630_210317_639286,file_creator_viewer,0,file_saver,1,4,1,0.122009,0.958808,2237,3207,2237,100.00,69.75
20260630_210317_639286,file_creator_viewer,0,file_saver,1,4,2,0.115105,0.983794,2237,3207,2237,100.00,69.75
20260630_210317_639286,file_creator_viewer,0,file_saver,1,4,3,0.124986,0.964128,2237,3207,2237,100.00,69.75
20260630_210317_639286,file_creator_viewer,0,file_saver,1,4,4,0.109857,0.980781,2237,3207,2237,100.00,69.75
20260630_210317_639286,file_creator_viewer,0,file_saver,1,4,5,0.089844,0.981035,2237,3207,2237,100.00,69.75
20260630_210317_639286,file_creator_viewer,0,file_saver,1,4,6,0.059107,0.994547,2237,3207,2237,100.00,69.75
20260630_210317_639286,file_creator_viewer,0,file_saver,1,4,7,0.053625,0.991953,2237,3207,2237,100.00,69.75
20260630_210317_639286,file_creator_viewer,0,file_saver,1,5,0,0.095813,0.992266,2237,3207,2237,100.00,69.75
20260630_210317_639286,file_creator_viewer,0,file_saver,1,5,1,0.095097,0.983896,2237,3207,2237,100.00,69.75
20260630_210317_639286,file_creator_viewer,0,file_saver,1,5,2,0.059164,0.991494,2237,3207,2237,100.00,69.75
20260630_210317_639286,file_creator_viewer,0,file_saver,1,5,3,0.085505,0.994678,2237,3207,2237,100.00,69.75
20260630_210317_639286,file_creator_viewer,0,file_saver,1,5,4,0.081231,0.990416,2237,3207,2237,100.00,69.75
20260630_210317_639286,file_creator_viewer,0,file_saver,1,5,5,0.087493,0.976215,2237,3207,2237,100.00,69.75
20260630_210317_639286,file_creator_viewer,0,file_saver,1,5,6,0.140292,0.982665,2237,3207,2237,100.00,69.75
20260630_210317_639286,file_creator_viewer,0,file_saver,1,5,7,0.075877,0.988363,2237,3207,2237,100.00,69.75
20260630_210317_639286,file_creator_viewer,0,file_saver,1,6,0,0.228054,0.961133,2237,3207,2237,100.00,69.75
20260630_210317_639286,file_creator_viewer,0,file_saver,1,6,1,0.108995,0.978349,2237,3207,2237,100.00,69.75
20260630_210317_639286,file_creator_viewer,0,file_saver,1,6,2,0.252567,0.931479,2237,3207,2237,100.00,69.75
20260630_210317_639286,file_creator_viewer,0,file_saver,1,6,3,0.119584,0.971085,2237,3207,2237,100.00,69.75
20260630_210317_639286,file_creator_viewer,0,file_saver,1,6,4,0.124051,0.978345,2237,3207,2237,100.00,69.75
20260630_210317_639286,file_creator_viewer,0,file_saver,1,6,5,0.161288,0.978007,2237,3207,2237,100.00,69.75
20260630_210317_639286,file_creator_viewer,0,file_saver,1,6,6,0.231668,0.943764,2237,3207,2237,100.00,69.75
20260630_210317_639286,file_creator_viewer,0,file_saver,1,6,7,0.115779,0.983430,2237,3207,2237,100.00,69.75
20260630_210317_639286,file_creator_viewer,0,file_saver,1,7,0,0.345463,0.971596,2237,3207,2237,100.00,69.75
20260630_210317_639286,file_creator_viewer,0,file_saver,1,7,1,0.222999,0.985369,2237,3207,2237,100.00,69.75
20260630_210317_639286,file_creator_viewer,0,file_saver,1,7,2,0.220351,0.987723,2237,3207,2237,100.00,69.75
20260630_210317_639286,file_creator_viewer,0,file_saver,1,7,3,0.187984,0.982599,2237,3207,2237,100.00,69.75
20260630_210317_639286,file_creator_viewer,0,file_saver,1,7,4,0.215025,0.987610,2237,3207,2237,100.00,69.75
20260630_210317_639286,file_creator_viewer,0,file_saver,1,7,5,0.211640,0.978447,2237,3207,2237,100.00,69.75
20260630_210317_639286,file_creator_viewer,0,file_saver,1,7,6,0.261424,0.983936,2237,3207,2237,100.00,69.75
20260630_210317_639286,file_creator_viewer,0,file_saver,1,7,7,0.298691,0.986440,2237,3207,2237,100.00,69.75
20260630_210317_639286,file_creator_viewer,0,file_saver,1,8,0,0.224952,0.977566,2237,3207,2237,100.00,69.75
20260630_210317_639286,file_creator_viewer,0,file_saver,1,8,1,0.299207,0.973639,2237,3207,2237,100.00,69.75
20260630_210317_639286,file_creator_viewer,0,file_saver,1,8,2,0.189917,0.987274,2237,3207,2237,100.00,69.75
20260630_210317_639286,file_creator_viewer,0,file_saver,1,8,3,0.207007,0.984442,2237,3207,2237,100.00,69.75
20260630_210317_639286,file_creator_viewer,0,file_saver,1,8,4,0.291233,0.973743,2237,3207,2237,100.00,69.75
20260630_210317_639286,file_creator_viewer,0,file_saver,1,8,5,0.180966,0.981456,2237,3207,2237,100.00,69.75
20260630_210317_639286,file_creator_viewer,0,file_saver,1,8,6,0.185274,0.985994,2237,3207,2237,100.00,69.75
20260630_210317_639286,file_creator_viewer,0,file_saver,1,8,7,0.201976,0.984948,2237,3207,2237,100.00,69.75
20260630_210317_639286,file_creator_viewer,0,file_saver,1,9,0,0.210774,0.981817,2237,3207,2237,100.00,69.75
20260630_210317_639286,file_creator_viewer,0,file_saver,1,9,1,0.152710,0.986446,2237,3207,2237,100.00,69.75
20260630_210317_639286,file_creator_viewer,0,file_saver,1,9,2,0.203229,0.977181,2237,3207,2237,100.00,69.75
20260630_210317_639286,file_creator_viewer,0,file_saver,1,9,3,0.160521,0.981987,2237,3207,2237,100.00,69.75
20260630_210317_639286,file_creator_viewer,0,file_saver,1,9,4,0.188270,0.981326,2237,3207,2237,100.00,69.75
20260630_210317_639286,file_creator_viewer,0,file_saver,1,9,5,0.166418,0.979310,2237,3207,2237,100.00,69.75
20260630_210317_639286,file_creator_viewer,0,file_saver,1,9,6,0.197952,0.971354,2237,3207,2237,100.00,69.75
20260630_210317_639286,file_creator_viewer,0,file_saver,1,9,7,0.157976,0.976486,2237,3207,2237,100.00,69.75
20260630_210317_639286,file_creator_viewer,0,file_saver,1,10,0,0.188831,0.989602,2237,3207,2237,100.00,69.75
20260630_210317_639286,file_creator_viewer,0,file_saver,1,10,1,0.273868,0.961120,2237,3207,2237,100.00,69.75
20260630_210317_639286,file_creator_viewer,0,file_saver,1,10,2,0.170876,0.987084,2237,3207,2237,100.00,69.75
20260630_210317_639286,file_creator_viewer,0,file_saver,1,10,3,0.180917,0.975173,2237,3207,2237,100.00,69.75
20260630_210317_639286,file_creator_viewer,0,file_saver,1,10,4,0.205399,0.984898,2237,3207,2237,100.00,69.75
20260630_210317_639286,file_creator_viewer,0,file_saver,1,10,5,0.186101,0.985619,2237,3207,2237,100.00,69.75
20260630_210317_639286,file_creator_viewer,0,file_saver,1,10,6,0.286765,0.953642,2237,3207,2237,100.00,69.75
20260630_210317_639286,file_creator_viewer,0,file_saver,1,10,7,0.203867,0.986772,2237,3207,2237,100.00,69.75
20260630_210317_639286,file_creator_viewer,0,file_saver,1,11,0,0.184347,0.985128,2237,3207,2237,100.00,69.75
20260630_210317_639286,file_creator_viewer,0,file_saver,1,11,1,0.266762,0.971371,2237,3207,2237,100.00,69.75
20260630_210317_639286,file_creator_viewer,0,file_saver,1,11,2,0.186014,0.983213,2237,3207,2237,100.00,69.75
20260630_210317_639286,file_creator_viewer,0,file_saver,1,11,3,0.219513,0.980121,2237,3207,2237,100.00,69.75
20260630_210317_639286,file_creator_viewer,0,file_saver,1,11,4,0.287049,0.984747,2237,3207,2237,100.00,69.75
20260630_210317_639286,file_creator_viewer,0,file_saver,1,11,5,0.184061,0.981095,2237,3207,2237,100.00,69.75
20260630_210317_639286,file_creator_viewer,0,file_saver,1,11,6,0.218289,0.988186,2237,3207,2237,100.00,69.75
20260630_210317_639286,file_creator_viewer,0,file_saver,1,11,7,0.226085,0.977168,2237,3207,2237,100.00,69.75
20260630_210317_639286,file_creator_viewer,0,file_saver,1,12,0,0.185101,0.985284,2237,3207,2237,100.00,69.75
20260630_210317_639286,file_creator_viewer,0,file_saver,1,12,1,0.220179,0.988367,2237,3207,2237,100.00,69.75
20260630_210317_639286,file_creator_viewer,0,file_saver,1,12,2,0.259753,0.989410,2237,3207,2237,100.00,69.75
20260630_210317_639286,file_creator_viewer,0,file_saver,1,12,3,0.240923,0.977830,2237,3207,2237,100.00,69.75
20260630_210317_639286,file_creator_viewer,0,file_saver,1,12,4,0.195999,0.984562,2237,3207,2237,100.00,69.75
20260630_210317_639286,file_creator_viewer,0,file_saver,1,12,5,0.243005,0.983960,2237,3207,2237,100.00,69.75
20260630_210317_639286,file_creator_viewer,0,file_saver,1,12,6,0.170092,0.989331,2237,3207,2237,100.00,69.75
20260630_210317_639286,file_creator_viewer,0,file_saver,1,12,7,0.191693,0.987750,2237,3207,2237,100.00,69.75
20260630_210317_639286,file_creator_viewer,0,file_saver,1,13,0,0.432949,0.962702,2237,3207,2237,100.00,69.75
20260630_210317_639286,file_creator_viewer,0,file_saver,1,13,1,0.270983,0.978646,2237,3207,2237,100.00,69.75
20260630_210317_639286,file_creator_viewer,0,file_saver,1,13,2,0.332239,0.987047,2237,3207,2237,100.00,69.75
20260630_210317_639286,file_creator_viewer,0,file_saver,1,13,3,0.337542,0.987624,2237,3207,2237,100.00,69.75
20260630_210317_639286,file_creator_viewer,0,file_saver,1,13,4,0.241287,0.977942,2237,3207,2237,100.00,69.75
20260630_210317_639286,file_creator_viewer,0,file_saver,1,13,5,0.223330,0.982375,2237,3207,2237,100.00,69.75
20260630_210317_639286,file_creator_viewer,0,file_saver,1,13,6,0.287571,0.988974,2237,3207,2237,100.00,69.75
20260630_210317_639286,file_creator_viewer,0,file_saver,1,13,7,0.328246,0.966716,2237,3207,2237,100.00,69.75
20260630_210317_639286,file_creator_viewer,0,file_saver,1,14,0,0.223937,0.981251,2237,3207,2237,100.00,69.75
20260630_210317_639286,file_creator_viewer,0,file_saver,1,14,1,0.204519,0.983119,2237,3207,2237,100.00,69.75
20260630_210317_639286,file_creator_viewer,0,file_saver,1,14,2,0.209489,0.977928,2237,3207,2237,100.00,69.75
20260630_210317_639286,file_creator_viewer,0,file_saver,1,14,3,0.260915,0.973957,2237,3207,2237,100.00,69.75
20260630_210317_639286,file_creator_viewer,0,file_saver,1,14,4,0.306465,0.981514,2237,3207,2237,100.00,69.75
20260630_210317_639286,file_creator_viewer,0,file_saver,1,14,5,0.296245,0.966177,2237,3207,2237,100.00,69.75
20260630_210317_639286,file_creator_viewer,0,file_saver,1,14,6,0.239156,0.990847,2237,3207,2237,100.00,69.75
20260630_210317_639286,file_creator_viewer,0,file_saver,1,14,7,0.208026,0.975490,2237,3207,2237,100.00,69.75
20260630_210317_639286,file_creator_viewer,0,file_saver,1,15,0,0.332049,0.969585,2237,3207,2237,100.00,69.75
20260630_210317_639286,file_creator_viewer,0,file_saver,1,15,1,0.216804,0.987500,2237,3207,2237,100.00,69.75
20260630_210317_639286,file_creator_viewer,0,file_saver,1,15,2,0.210421,0.979194,2237,3207,2237,100.00,69.75
20260630_210317_639286,file_creator_viewer,0,file_saver,1,15,3,0.210979,0.981669,2237,3207,2237,100.00,69.75
20260630_210317_639286,file_creator_viewer,0,file_saver,1,15,4,0.334782,0.974759,2237,3207,2237,100.00,69.75
20260630_210317_639286,file_creator_viewer,0,file_saver,1,15,5,0.327578,0.978724,2237,3207,2237,100.00,69.75
20260630_210317_639286,file_creator_viewer,0,file_saver,1,15,6,0.221716,0.978416,2237,3207,2237,100.00,69.75
20260630_210317_639286,file_creator_viewer,0,file_saver,1,15,7,0.226147,0.981345,2237,3207,2237,100.00,69.75
20260630_210317_639286,file_creator_viewer,0,file_saver,1,16,0,0.234738,0.975843,2237,3207,2237,100.00,69.75
20260630_210317_639286,file_creator_viewer,0,file_saver,1,16,1,0.500682,0.886207,2237,3207,2237,100.00,69.75
20260630_210317_639286,file_creator_viewer,0,file_saver,1,16,2,0.258006,0.983798,2237,3207,2237,100.00,69.75
20260630_210317_639286,file_creator_viewer,0,file_saver,1,16,3,0.252044,0.970737,2237,3207,2237,100.00,69.75
20260630_210317_639286,file_creator_viewer,0,file_saver,1,16,4,0.275742,0.985990,2237,3207,2237,100.00,69.75
20260630_210317_639286,file_creator_viewer,0,file_saver,1,16,5,0.251349,0.986455,2237,3207,2237,100.00,69.75
20260630_210317_639286,file_creator_viewer,0,file_saver,1,16,6,0.241401,0.985798,2237,3207,2237,100.00,69.75
20260630_210317_639286,file_creator_viewer,0,file_saver,1,16,7,0.199393,0.988568,2237,3207,2237,100.00,69.75
20260630_210317_639286,file_creator_viewer,0,file_saver,1,17,0,0.295479,0.980390,2237,3207,2237,100.00,69.75
20260630_210317_639286,file_creator_viewer,0,file_saver,1,17,1,0.219705,0.976847,2237,3207,2237,100.00,69.75
20260630_210317_639286,file_creator_viewer,0,file_saver,1,17,2,0.261415,0.986962,2237,3207,2237,100.00,69.75
20260630_210317_639286,file_creator_viewer,0,file_saver,1,17,3,0.228083,0.984345,2237,3207,2237,100.00,69.75
20260630_210317_639286,file_creator_viewer,0,file_saver,1,17,4,0.252454,0.979878,2237,3207,2237,100.00,69.75
20260630_210317_639286,file_creator_viewer,0,file_saver,1,17,5,0.295252,0.980836,2237,3207,2237,100.00,69.75
20260630_210317_639286,file_creator_viewer,0,file_saver,1,17,6,0.287412,0.983991,2237,3207,2237,100.00,69.75
20260630_210317_639286,file_creator_viewer,0,file_saver,1,17,7,0.215464,0.990635,2237,3207,2237,100.00,69.75
20260630_210317_639286,file_creator_viewer,0,file_saver,1,18,0,0.414610,0.986889,2237,3207,2237,100.00,69.75
20260630_210317_639286,file_creator_viewer,0,file_saver,1,18,1,0.311735,0.971405,2237,3207,2237,100.00,69.75
20260630_210317_639286,file_creator_viewer,0,file_saver,1,18,2,0.324492,0.983329,2237,3207,2237,100.00,69.75
20260630_210317_639286,file_creator_viewer,0,file_saver,1,18,3,0.333889,0.985911,2237,3207,2237,100.00,69.75
20260630_210317_639286,file_creator_viewer,0,file_saver,1,18,4,0.306450,0.978929,2237,3207,2237,100.00,69.75
20260630_210317_639286,file_creator_viewer,0,file_saver,1,18,5,0.328761,0.983814,2237,3207,2237,100.00,69.75
20260630_210317_639286,file_creator_viewer,0,file_saver,1,18,6,0.344774,0.965802,2237,3207,2237,100.00,69.75
20260630_210317_639286,file_creator_viewer,0,file_saver,1,18,7,0.352489,0.970730,2237,3207,2237,100.00,69.75
20260630_210317_639286,file_creator_viewer,0,file_saver,1,19,0,0.365422,0.977211,2237,3207,2237,100.00,69.75
20260630_210317_639286,file_creator_viewer,0,file_saver,1,19,1,0.333308,0.974453,2237,3207,2237,100.00,69.75
20260630_210317_639286,file_creator_viewer,0,file_saver,1,19,2,0.393746,0.957244,2237,3207,2237,100.00,69.75
20260630_210317_639286,file_creator_viewer,0,file_saver,1,19,3,0.346014,0.981444,2237,3207,2237,100.00,69.75
20260630_210317_639286,file_creator_viewer,0,file_saver,1,19,4,0.337263,0.983070,2237,3207,2237,100.00,69.75
20260630_210317_639286,file_creator_viewer,0,file_saver,1,19,5,0.419799,0.966399,2237,3207,2237,100.00,69.75
20260630_210317_639286,file_creator_viewer,0,file_saver,1,19,6,0.399562,0.969420,2237,3207,2237,100.00,69.75
20260630_210317_639286,file_creator_viewer,0,file_saver,1,19,7,0.390674,0.972412,2237,3207,2237,100.00,69.75
20260630_210317_639286,file_creator_viewer,0,file_saver,1,20,0,0.690872,0.939358,2237,3207,2237,100.00,69.75
20260630_210317_639286,file_creator_viewer,0,file_saver,1,20,1,0.407569,0.980410,2237,3207,2237,100.00,69.75
20260630_210317_639286,file_creator_viewer,0,file_saver,1,20,2,0.604739,0.970140,2237,3207,2237,100.00,69.75
20260630_210317_639286,file_creator_viewer,0,file_saver,1,20,3,0.828671,0.953182,2237,3207,2237,100.00,69.75
20260630_210317_639286,file_creator_viewer,0,file_saver,1,20,4,0.526414,0.967376,2237,3207,2237,100.00,69.75
20260630_210317_639286,file_creator_viewer,0,file_saver,1,20,5,0.401528,0.974672,2237,3207,2237,100.00,69.75
20260630_210317_639286,file_creator_viewer,0,file_saver,1,20,6,0.482333,0.959722,2237,3207,2237,100.00,69.75
20260630_210317_639286,file_creator_viewer,0,file_saver,1,20,7,0.609574,0.975815,2237,3207,2237,100.00,69.75
20260630_210317_639286,file_creator_viewer,0,file_saver,1,21,0,0.454657,0.984006,2237,3207,2237,100.00,69.75
20260630_210317_639286,file_creator_viewer,0,file_saver,1,21,1,0.583080,0.985201,2237,3207,2237,100.00,69.75
20260630_210317_639286,file_creator_viewer,0,file_saver,1,21,2,0.435053,0.983884,2237,3207,2237,100.00,69.75
20260630_210317_639286,file_creator_viewer,0,file_saver,1,21,3,0.360567,0.984004,2237,3207,2237,100.00,69.75
20260630_210317_639286,file_creator_viewer,0,file_saver,1,21,4,0.454787,0.978886,2237,3207,2237,100.00,69.75
20260630_210317_639286,file_creator_viewer,0,file_saver,1,21,5,0.603833,0.951760,2237,3207,2237,100.00,69.75
20260630_210317_639286,file_creator_viewer,0,file_saver,1,21,6,0.497431,0.969809,2237,3207,2237,100.00,69.75
20260630_210317_639286,file_creator_viewer,0,file_saver,1,21,7,0.462247,0.971516,2237,3207,2237,100.00,69.75
20260630_210317_639286,file_creator_viewer,0,file_saver,1,22,0,0.490979,0.970661,2237,3207,2237,100.00,69.75
20260630_210317_639286,file_creator_viewer,0,file_saver,1,22,1,0.367829,0.986231,2237,3207,2237,100.00,69.75
20260630_210317_639286,file_creator_viewer,0,file_saver,1,22,2,0.497857,0.979559,2237,3207,2237,100.00,69.75
20260630_210317_639286,file_creator_viewer,0,file_saver,1,22,3,0.487892,0.985028,2237,3207,2237,100.00,69.75
20260630_210317_639286,file_creator_viewer,0,file_saver,1,22,4,0.514774,0.975309,2237,3207,2237,100.00,69.75
20260630_210317_639286,file_creator_viewer,0,file_saver,1,22,5,0.573573,0.968090,2237,3207,2237,100.00,69.75
20260630_210317_639286,file_creator_viewer,0,file_saver,1,22,6,0.531140,0.971073,2237,3207,2237,100.00,69.75
20260630_210317_639286,file_creator_viewer,0,file_saver,1,22,7,0.478349,0.984543,2237,3207,2237,100.00,69.75
20260630_210317_639286,file_creator_viewer,0,file_saver,1,23,0,0.669309,0.966646,2237,3207,2237,100.00,69.75
20260630_210317_639286,file_creator_viewer,0,file_saver,1,23,1,0.618291,0.977399,2237,3207,2237,100.00,69.75
20260630_210317_639286,file_creator_viewer,0,file_saver,1,23,2,0.435321,0.982517,2237,3207,2237,100.00,69.75
20260630_210317_639286,file_creator_viewer,0,file_saver,1,23,3,0.498389,0.981324,2237,3207,2237,100.00,69.75
20260630_210317_639286,file_creator_viewer,0,file_saver,1,23,4,0.594130,0.954075,2237,3207,2237,100.00,69.75
20260630_210317_639286,file_creator_viewer,0,file_saver,1,23,5,0.618912,0.975141,2237,3207,2237,100.00,69.75
20260630_210317_639286,file_creator_viewer,0,file_saver,1,23,6,0.611696,0.979991,2237,3207,2237,100.00,69.75
20260630_210317_639286,file_creator_viewer,0,file_saver,1,23,7,0.722244,0.964143,2237,3207,2237,100.00,69.75
20260630_210317_639286,file_creator_viewer,0,file_saver,1,24,0,0.701283,0.976731,2237,3207,2237,100.00,69.75
20260630_210317_639286,file_creator_viewer,0,file_saver,1,24,1,0.724650,0.962239,2237,3207,2237,100.00,69.75
20260630_210317_639286,file_creator_viewer,0,file_saver,1,24,2,0.679758,0.976246,2237,3207,2237,100.00,69.75
20260630_210317_639286,file_creator_viewer,0,file_saver,1,24,3,0.716000,0.956413,2237,3207,2237,100.00,69.75
20260630_210317_639286,file_creator_viewer,0,file_saver,1,24,4,0.633330,0.963713,2237,3207,2237,100.00,69.75
20260630_210317_639286,file_creator_viewer,0,file_saver,1,24,5,0.547801,0.956116,2237,3207,2237,100.00,69.75
20260630_210317_639286,file_creator_viewer,0,file_saver,1,24,6,0.671617,0.973024,2237,3207,2237,100.00,69.75
20260630_210317_639286,file_creator_viewer,0,file_saver,1,24,7,0.657632,0.968666,2237,3207,2237,100.00,69.75
20260630_210317_639286,file_creator_viewer,0,file_saver,1,25,0,0.660178,0.934958,2237,3207,2237,100.00,69.75
20260630_210317_639286,file_creator_viewer,0,file_saver,1,25,1,0.827897,0.963921,2237,3207,2237,100.00,69.75
20260630_210317_639286,file_creator_viewer,0,file_saver,1,25,2,0.903015,0.954301,2237,3207,2237,100.00,69.75
20260630_210317_639286,file_creator_viewer,0,file_saver,1,25,3,0.842244,0.930574,2237,3207,2237,100.00,69.75
20260630_210317_639286,file_creator_viewer,0,file_saver,1,25,4,0.990249,0.945415,2237,3207,2237,100.00,69.75
20260630_210317_639286,file_creator_viewer,0,file_saver,1,25,5,0.769103,0.967879,2237,3207,2237,100.00,69.75
20260630_210317_639286,file_creator_viewer,0,file_saver,1,25,6,0.869423,0.957297,2237,3207,2237,100.00,69.75
20260630_210317_639286,file_creator_viewer,0,file_saver,1,25,7,0.864735,0.968107,2237,3207,2237,100.00,69.75
20260630_210317_639286,file_creator_viewer,0,file_saver,1,26,0,0.968195,0.954525,2237,3207,2237,100.00,69.75
20260630_210317_639286,file_creator_viewer,0,file_saver,1,26,1,0.821128,0.966015,2237,3207,2237,100.00,69.75
20260630_210317_639286,file_creator_viewer,0,file_saver,1,26,2,0.625558,0.953416,2237,3207,2237,100.00,69.75
20260630_210317_639286,file_creator_viewer,0,file_saver,1,26,3,0.685566,0.973203,2237,3207,2237,100.00,69.75
20260630_210317_639286,file_creator_viewer,0,file_saver,1,26,4,0.644954,0.980021,2237,3207,2237,100.00,69.75
20260630_210317_639286,file_creator_viewer,0,file_saver,1,26,5,0.594491,0.966719,2237,3207,2237,100.00,69.75
20260630_210317_639286,file_creator_viewer,0,file_saver,1,26,6,0.732907,0.964092,2237,3207,2237,100.00,69.75
20260630_210317_639286,file_creator_viewer,0,file_saver,1,26,7,0.686684,0.970516,2237,3207,2237,100.00,69.75
20260630_210317_639286,file_creator_viewer,0,file_saver,1,27,0,0.802743,0.976614,2237,3207,2237,100.00,69.75
20260630_210317_639286,file_creator_viewer,0,file_saver,1,27,1,0.880657,0.967780,2237,3207,2237,100.00,69.75
20260630_210317_639286,file_creator_viewer,0,file_saver,1,27,2,0.958006,0.954586,2237,3207,2237,100.00,69.75
20260630_210317_639286,file_creator_viewer,0,file_saver,1,27,3,0.668536,0.950953,2237,3207,2237,100.00,69.75
20260630_210317_639286,file_creator_viewer,0,file_saver,1,27,4,0.776134,0.960328,2237,3207,2237,100.00,69.75
20260630_210317_639286,file_creator_viewer,0,file_saver,1,27,5,0.851178,0.958059,2237,3207,2237,100.00,69.75
20260630_210317_639286,file_creator_viewer,0,file_saver,1,27,6,0.658808,0.978437,2237,3207,2237,100.00,69.75
20260630_210317_639286,file_creator_viewer,0,file_saver,1,27,7,0.665597,0.970217,2237,3207,2237,100.00,69.75
20260630_210317_639286,file_creator_viewer,0,file_saver,1,28,0,0.758853,0.964094,2237,3207,2237,100.00,69.75
20260630_210317_639286,file_creator_viewer,0,file_saver,1,28,1,0.705173,0.955998,2237,3207,2237,100.00,69.75
20260630_210317_639286,file_creator_viewer,0,file_saver,1,28,2,0.742672,0.969734,2237,3207,2237,100.00,69.75
20260630_210317_639286,file_creator_viewer,0,file_saver,1,28,3,0.839975,0.965599,2237,3207,2237,100.00,69.75
20260630_210317_639286,file_creator_viewer,0,file_saver,1,28,4,0.727004,0.969374,2237,3207,2237,100.00,69.75
20260630_210317_639286,file_creator_viewer,0,file_saver,1,28,5,0.893688,0.972683,2237,3207,2237,100.00,69.75
20260630_210317_639286,file_creator_viewer,0,file_saver,1,28,6,0.849779,0.974526,2237,3207,2237,100.00,69.75
20260630_210317_639286,file_creator_viewer,0,file_saver,1,28,7,0.875582,0.962160,2237,3207,2237,100.00,69.75
20260630_210317_639286,file_creator_viewer,0,file_saver,1,29,0,0.804847,0.978777,2237,3207,2237,100.00,69.75
20260630_210317_639286,file_creator_viewer,0,file_saver,1,29,1,0.905879,0.965226,2237,3207,2237,100.00,69.75
20260630_210317_639286,file_creator_viewer,0,file_saver,1,29,2,0.910968,0.942441,2237,3207,2237,100.00,69.75
20260630_210317_639286,file_creator_viewer,0,file_saver,1,29,3,1.120716,0.962822,2237,3207,2237,100.00,69.75
20260630_210317_639286,file_creator_viewer,0,file_saver,1,29,4,0.940986,0.978257,2237,3207,2237,100.00,69.75
20260630_210317_639286,file_creator_viewer,0,file_saver,1,29,5,1.040309,0.961228,2237,3207,2237,100.00,69.75
20260630_210317_639286,file_creator_viewer,0,file_saver,1,29,6,0.866378,0.964621,2237,3207,2237,100.00,69.75
20260630_210317_639286,file_creator_viewer,0,file_saver,1,29,7,0.935589,0.981420,2237,3207,2237,100.00,69.75
20260630_210317_639286,file_creator_viewer,0,file_saver,1,30,0,0.950885,0.984387,2237,3207,2237,100.00,69.75
20260630_210317_639286,file_creator_viewer,0,file_saver,1,30,1,1.155324,0.957777,2237,3207,2237,100.00,69.75
20260630_210317_639286,file_creator_viewer,0,file_saver,1,30,2,1.107248,0.979520,2237,3207,2237,100.00,69.75
20260630_210317_639286,file_creator_viewer,0,file_saver,1,30,3,1.388721,0.960302,2237,3207,2237,100.00,69.75
20260630_210317_639286,file_creator_viewer,0,file_saver,1,30,4,1.277521,0.971552,2237,3207,2237,100.00,69.75
20260630_210317_639286,file_creator_viewer,0,file_saver,1,30,5,0.896926,0.983296,2237,3207,2237,100.00,69.75
20260630_210317_639286,file_creator_viewer,0,file_saver,1,30,6,1.248991,0.971676,2237,3207,2237,100.00,69.75
20260630_210317_639286,file_creator_viewer,0,file_saver,1,30,7,1.380076,0.970182,2237,3207,2237,100.00,69.75
20260630_210317_639286,file_creator_viewer,0,file_saver,1,31,0,1.159395,0.946388,2237,3207,2237,100.00,69.75
20260630_210317_639286,file_creator_viewer,0,file_saver,1,31,1,1.053919,0.975553,2237,3207,2237,100.00,69.75
20260630_210317_639286,file_creator_viewer,0,file_saver,1,31,2,1.122669,0.975082,2237,3207,2237,100.00,69.75
20260630_210317_639286,file_creator_viewer,0,file_saver,1,31,3,1.183157,0.973845,2237,3207,2237,100.00,69.75
20260630_210317_639286,file_creator_viewer,0,file_saver,1,31,4,1.177290,0.972924,2237,3207,2237,100.00,69.75
20260630_210317_639286,file_creator_viewer,0,file_saver,1,31,5,1.152071,0.967894,2237,3207,2237,100.00,69.75
20260630_210317_639286,file_creator_viewer,0,file_saver,1,31,6,1.054678,0.974760,2237,3207,2237,100.00,69.75
20260630_210317_639286,file_creator_viewer,0,file_saver,1,31,7,1.232119,0.954519,2237,3207,2237,100.00,69.75
20260630_210317_639286,file_creator_viewer,0,file_saver,1,32,0,0.623756,0.978562,2237,3207,2237,100.00,69.75
20260630_210317_639286,file_creator_viewer,0,file_saver,1,32,1,0.725743,0.977361,2237,3207,2237,100.00,69.75
20260630_210317_639286,file_creator_viewer,0,file_saver,1,32,2,0.542632,0.979298,2237,3207,2237,100.00,69.75
20260630_210317_639286,file_creator_viewer,0,file_saver,1,32,3,0.669296,0.972117,2237,3207,2237,100.00,69.75
20260630_210317_639286,file_creator_viewer,0,file_saver,1,32,4,0.718356,0.974636,2237,3207,2237,100.00,69.75
20260630_210317_639286,file_creator_viewer,0,file_saver,1,32,5,0.561960,0.976375,2237,3207,2237,100.00,69.75
20260630_210317_639286,file_creator_viewer,0,file_saver,1,32,6,0.599576,0.981310,2237,3207,2237,100.00,69.75
20260630_210317_639286,file_creator_viewer,0,file_saver,1,32,7,0.522154,0.975252,2237,3207,2237,100.00,69.75
20260630_210317_639286,file_creator_viewer,0,file_saver,1,33,0,0.618109,0.985055,2237,3207,2237,100.00,69.75
20260630_210317_639286,file_creator_viewer,0,file_saver,1,33,1,0.501593,0.983871,2237,3207,2237,100.00,69.75
20260630_210317_639286,file_creator_viewer,0,file_saver,1,33,2,0.536145,0.984653,2237,3207,2237,100.00,69.75
20260630_210317_639286,file_creator_viewer,0,file_saver,1,33,3,0.489922,0.985192,2237,3207,2237,100.00,69.75
20260630_210317_639286,file_creator_viewer,0,file_saver,1,33,4,0.475599,0.986787,2237,3207,2237,100.00,69.75
20260630_210317_639286,file_creator_viewer,0,file_saver,1,33,5,0.477010,0.976566,2237,3207,2237,100.00,69.75
20260630_210317_639286,file_creator_viewer,0,file_saver,1,33,6,0.484647,0.979778,2237,3207,2237,100.00,69.75
20260630_210317_639286,file_creator_viewer,0,file_saver,1,33,7,0.581441,0.986227,2237,3207,2237,100.00,69.75
20260630_210317_639286,file_creator_viewer,0,file_saver,1,34,0,0.542985,0.984072,2237,3207,2237,100.00,69.75
20260630_210317_639286,file_creator_viewer,0,file_saver,1,34,1,0.713795,0.979351,2237,3207,2237,100.00,69.75
20260630_210317_639286,file_creator_viewer,0,file_saver,1,34,2,0.513022,0.981268,2237,3207,2237,100.00,69.75
20260630_210317_639286,file_creator_viewer,0,file_saver,1,34,3,0.652508,0.960537,2237,3207,2237,100.00,69.75
20260630_210317_639286,file_creator_viewer,0,file_saver,1,34,4,0.655174,0.987119,2237,3207,2237,100.00,69.75
20260630_210317_639286,file_creator_viewer,0,file_saver,1,34,5,0.605540,0.981494,2237,3207,2237,100.00,69.75
20260630_210317_639286,file_creator_viewer,0,file_saver,1,34,6,0.663351,0.972827,2237,3207,2237,100.00,69.75
20260630_210317_639286,file_creator_viewer,0,file_saver,1,34,7,0.610648,0.988631,2237,3207,2237,100.00,69.75
20260630_210317_639286,file_creator_viewer,0,file_saver,1,35,0,0.649132,0.979943,2237,3207,2237,100.00,69.75
20260630_210317_639286,file_creator_viewer,0,file_saver,1,35,1,0.799274,0.967683,2237,3207,2237,100.00,69.75
20260630_210317_639286,file_creator_viewer,0,file_saver,1,35,2,0.637886,0.981902,2237,3207,2237,100.00,69.75
20260630_210317_639286,file_creator_viewer,0,file_saver,1,35,3,0.800528,0.973976,2237,3207,2237,100.00,69.75
20260630_210317_639286,file_creator_viewer,0,file_saver,1,35,4,0.835480,0.984943,2237,3207,2237,100.00,69.75
20260630_210317_639286,file_creator_viewer,0,file_saver,1,35,5,0.551002,0.976281,2237,3207,2237,100.00,69.75
20260630_210317_639286,file_creator_viewer,0,file_saver,1,35,6,0.637888,0.982280,2237,3207,2237,100.00,69.75
20260630_210317_639286,file_creator_viewer,0,file_saver,1,35,7,0.616901,0.981808,2237,3207,2237,100.00,69.75
20260630_210317_639286,file_creator_viewer,0,file_saver,1,36,0,0.759960,0.976431,2237,3207,2237,100.00,69.75
20260630_210317_639286,file_creator_viewer,0,file_saver,1,36,1,0.649988,0.984594,2237,3207,2237,100.00,69.75
20260630_210317_639286,file_creator_viewer,0,file_saver,1,36,2,0.618476,0.989772,2237,3207,2237,100.00,69.75
20260630_210317_639286,file_creator_viewer,0,file_saver,1,36,3,0.596424,0.987362,2237,3207,2237,100.00,69.75
20260630_210317_639286,file_creator_viewer,0,file_saver,1,36,4,0.650476,0.975692,2237,3207,2237,100.00,69.75
20260630_210317_639286,file_creator_viewer,0,file_saver,1,36,5,0.649144,0.979989,2237,3207,2237,100.00,69.75
20260630_210317_639286,file_creator_viewer,0,file_saver,1,36,6,0.664588,0.979809,2237,3207,2237,100.00,69.75
20260630_210317_639286,file_creator_viewer,0,file_saver,1,36,7,0.629077,0.975825,2237,3207,2237,100.00,69.75
20260630_210317_639286,file_creator_viewer,0,file_saver,1,37,0,1.025374,0.977911,2237,3207,2237,100.00,69.75
20260630_210317_639286,file_creator_viewer,0,file_saver,1,37,1,0.742605,0.967207,2237,3207,2237,100.00,69.75
20260630_210317_639286,file_creator_viewer,0,file_saver,1,37,2,0.803047,0.988125,2237,3207,2237,100.00,69.75
20260630_210317_639286,file_creator_viewer,0,file_saver,1,37,3,1.133980,0.972555,2237,3207,2237,100.00,69.75
20260630_210317_639286,file_creator_viewer,0,file_saver,1,37,4,0.910907,0.960719,2237,3207,2237,100.00,69.75
20260630_210317_639286,file_creator_viewer,0,file_saver,1,37,5,0.864536,0.963990,2237,3207,2237,100.00,69.75
20260630_210317_639286,file_creator_viewer,0,file_saver,1,37,6,0.988869,0.987107,2237,3207,2237,100.00,69.75
20260630_210317_639286,file_creator_viewer,0,file_saver,1,37,7,1.259605,0.957101,2237,3207,2237,100.00,69.75
20260630_210317_639286,file_creator_viewer,0,file_saver,1,38,0,0.759697,0.980701,2237,3207,2237,100.00,69.75
20260630_210317_639286,file_creator_viewer,0,file_saver,1,38,1,0.718217,0.963633,2237,3207,2237,100.00,69.75
20260630_210317_639286,file_creator_viewer,0,file_saver,1,38,2,0.846405,0.962758,2237,3207,2237,100.00,69.75
20260630_210317_639286,file_creator_viewer,0,file_saver,1,38,3,0.912884,0.961104,2237,3207,2237,100.00,69.75
20260630_210317_639286,file_creator_viewer,0,file_saver,1,38,4,1.207720,0.978262,2237,3207,2237,100.00,69.75
20260630_210317_639286,file_creator_viewer,0,file_saver,1,38,5,1.265181,0.940560,2237,3207,2237,100.00,69.75
20260630_210317_639286,file_creator_viewer,0,file_saver,1,38,6,0.773535,0.983321,2237,3207,2237,100.00,69.75
20260630_210317_639286,file_creator_viewer,0,file_saver,1,38,7,0.722144,0.981668,2237,3207,2237,100.00,69.75
20260630_210317_639286,file_creator_viewer,0,file_saver,1,39,0,1.097401,0.967104,2237,3207,2237,100.00,69.75
20260630_210317_639286,file_creator_viewer,0,file_saver,1,39,1,0.877653,0.984494,2237,3207,2237,100.00,69.75
20260630_210317_639286,file_creator_viewer,0,file_saver,1,39,2,0.668832,0.982387,2237,3207,2237,100.00,69.75
20260630_210317_639286,file_creator_viewer,0,file_saver,1,39,3,0.776051,0.980664,2237,3207,2237,100.00,69.75
20260630_210317_639286,file_creator_viewer,0,file_saver,1,39,4,1.043100,0.975267,2237,3207,2237,100.00,69.75
20260630_210317_639286,file_creator_viewer,0,file_saver,1,39,5,0.956770,0.979864,2237,3207,2237,100.00,69.75
20260630_210317_639286,file_creator_viewer,0,file_saver,1,39,6,0.749845,0.980223,2237,3207,2237,100.00,69.75
20260630_210317_639286,file_creator_viewer,0,file_saver,1,39,7,0.798480,0.982593,2237,3207,2237,100.00,69.75
20260630_210317_639286,file_creator_viewer,0,file_saver,1,40,0,0.817968,0.980727,2237,3207,2237,100.00,69.75
20260630_210317_639286,file_creator_viewer,0,file_saver,1,40,1,2.331708,0.925238,2237,3207,2237,100.00,69.75
20260630_210317_639286,file_creator_viewer,0,file_saver,1,40,2,1.061045,0.979962,2237,3207,2237,100.00,69.75
20260630_210317_639286,file_creator_viewer,0,file_saver,1,40,3,1.011285,0.976911,2237,3207,2237,100.00,69.75
20260630_210317_639286,file_creator_viewer,0,file_saver,1,40,4,1.164574,0.979677,2237,3207,2237,100.00,69.75
20260630_210317_639286,file_creator_viewer,0,file_saver,1,40,5,1.159586,0.985116,2237,3207,2237,100.00,69.75
20260630_210317_639286,file_creator_viewer,0,file_saver,1,40,6,1.115594,0.971770,2237,3207,2237,100.00,69.75
20260630_210317_639286,file_creator_viewer,0,file_saver,1,40,7,1.106611,0.977750,2237,3207,2237,100.00,69.75
20260630_210317_639286,file_creator_viewer,0,file_saver,1,41,0,1.494616,0.972454,2237,3207,2237,100.00,69.75
20260630_210317_639286,file_creator_viewer,0,file_saver,1,41,1,1.021407,0.968966,2237,3207,2237,100.00,69.75
20260630_210317_639286,file_creator_viewer,0,file_saver,1,41,2,1.653386,0.923418,2237,3207,2237,100.00,69.75
20260630_210317_639286,file_creator_viewer,0,file_saver,1,41,3,0.984734,0.974614,2237,3207,2237,100.00,69.75
20260630_210317_639286,file_creator_viewer,0,file_saver,1,41,4,1.356960,0.951567,2237,3207,2237,100.00,69.75
20260630_210317_639286,file_creator_viewer,0,file_saver,1,41,5,1.142929,0.968889,2237,3207,2237,100.00,69.75
20260630_210317_639286,file_creator_viewer,0,file_saver,1,41,6,1.179804,0.963344,2237,3207,2237,100.00,69.75
20260630_210317_639286,file_creator_viewer,0,file_saver,1,41,7,1.374818,0.968157,2237,3207,2237,100.00,69.75
20260630_210317_639286,file_creator_viewer,0,file_saver,1,42,0,1.921660,0.956980,2237,3207,2237,100.00,69.75
20260630_210317_639286,file_creator_viewer,0,file_saver,1,42,1,1.375454,0.940990,2237,3207,2237,100.00,69.75
20260630_210317_639286,file_creator_viewer,0,file_saver,1,42,2,2.013969,0.932880,2237,3207,2237,100.00,69.75
20260630_210317_639286,file_creator_viewer,0,file_saver,1,42,3,2.079641,0.954012,2237,3207,2237,100.00,69.75
20260630_210317_639286,file_creator_viewer,0,file_saver,1,42,4,1.184474,0.957744,2237,3207,2237,100.00,69.75
20260630_210317_639286,file_creator_viewer,0,file_saver,1,42,5,1.655485,0.953879,2237,3207,2237,100.00,69.75
20260630_210317_639286,file_creator_viewer,0,file_saver,1,42,6,1.889468,0.941892,2237,3207,2237,100.00,69.75
20260630_210317_639286,file_creator_viewer,0,file_saver,1,42,7,2.158384,0.917111,2237,3207,2237,100.00,69.75
20260630_210317_639286,file_creator_viewer,0,file_saver,1,43,0,1.757747,0.923305,2237,3207,2237,100.00,69.75
20260630_210317_639286,file_creator_viewer,0,file_saver,1,43,1,2.220808,0.913496,2237,3207,2237,100.00,69.75
20260630_210317_639286,file_creator_viewer,0,file_saver,1,43,2,2.669234,0.870851,2237,3207,2237,100.00,69.75
20260630_210317_639286,file_creator_viewer,0,file_saver,1,43,3,2.270075,0.908243,2237,3207,2237,100.00,69.75
20260630_210317_639286,file_creator_viewer,0,file_saver,1,43,4,2.027089,0.959570,2237,3207,2237,100.00,69.75
20260630_210317_639286,file_creator_viewer,0,file_saver,1,43,5,3.417511,0.898679,2237,3207,2237,100.00,69.75
20260630_210317_639286,file_creator_viewer,0,file_saver,1,43,6,2.695906,0.892360,2237,3207,2237,100.00,69.75
20260630_210317_639286,file_creator_viewer,0,file_saver,1,43,7,2.666703,0.922359,2237,3207,2237,100.00,69.75
20260630_210317_639286,file_creator_viewer,0,file_saver,1,44,0,3.557172,0.838909,2237,3207,2237,100.00,69.75
20260630_210317_639286,file_creator_viewer,0,file_saver,1,44,1,2.074651,0.942904,2237,3207,2237,100.00,69.75
20260630_210317_639286,file_creator_viewer,0,file_saver,1,44,2,4.162984,0.789540,2237,3207,2237,100.00,69.75
20260630_210317_639286,file_creator_viewer,0,file_saver,1,44,3,4.953056,0.776671,2237,3207,2237,100.00,69.75
20260630_210317_639286,file_creator_viewer,0,file_saver,1,44,4,4.317676,0.750629,2237,3207,2237,100.00,69.75
20260630_210317_639286,file_creator_viewer,0,file_saver,1,44,5,2.248469,0.893685,2237,3207,2237,100.00,69.75
20260630_210317_639286,file_creator_viewer,0,file_saver,1,44,6,3.018376,0.922536,2237,3207,2237,100.00,69.75
20260630_210317_639286,file_creator_viewer,0,file_saver,1,44,7,2.753635,0.929965,2237,3207,2237,100.00,69.75
20260630_210317_639286,file_creator_viewer,0,file_saver,1,45,0,2.372610,0.951880,2237,3207,2237,100.00,69.75
20260630_210317_639286,file_creator_viewer,0,file_saver,1,45,1,3.379710,0.926438,2237,3207,2237,100.00,69.75
20260630_210317_639286,file_creator_viewer,0,file_saver,1,45,2,3.920764,0.838385,2237,3207,2237,100.00,69.75
20260630_210317_639286,file_creator_viewer,0,file_saver,1,45,3,3.291860,0.818423,2237,3207,2237,100.00,69.75
20260630_210317_639286,file_creator_viewer,0,file_saver,1,45,4,2.784015,0.875428,2237,3207,2237,100.00,69.75
20260630_210317_639286,file_creator_viewer,0,file_saver,1,45,5,3.504075,0.872339,2237,3207,2237,100.00,69.75
20260630_210317_639286,file_creator_viewer,0,file_saver,1,45,6,3.454691,0.839883,2237,3207,2237,100.00,69.75
20260630_210317_639286,file_creator_viewer,0,file_saver,1,45,7,2.795365,0.851776,2237,3207,2237,100.00,69.75
20260630_210317_639286,file_creator_viewer,0,file_saver,1,46,0,5.148477,0.752968,2237,3207,2237,100.00,69.75
20260630_210317_639286,file_creator_viewer,0,file_saver,1,46,1,2.673553,0.898373,2237,3207,2237,100.00,69.75
20260630_210317_639286,file_creator_viewer,0,file_saver,1,46,2,2.784519,0.932270,2237,3207,2237,100.00,69.75
20260630_210317_639286,file_creator_viewer,0,file_saver,1,46,3,4.198723,0.851867,2237,3207,2237,100.00,69.75
20260630_210317_639286,file_creator_viewer,0,file_saver,1,46,4,5.228229,0.723610,2237,3207,2237,100.00,69.75
20260630_210317_639286,file_creator_viewer,0,file_saver,1,46,5,3.298223,0.811804,2237,3207,2237,100.00,69.75
20260630_210317_639286,file_creator_viewer,0,file_saver,1,46,6,2.889273,0.875686,2237,3207,2237,100.00,69.75
20260630_210317_639286,file_creator_viewer,0,file_saver,1,46,7,4.925429,0.857837,2237,3207,2237,100.00,69.75
20260630_210317_639286,file_creator_viewer,0,file_saver,1,47,0,4.740463,0.756953,2237,3207,2237,100.00,69.75
20260630_210317_639286,file_creator_viewer,0,file_saver,1,47,1,4.523225,0.887782,2237,3207,2237,100.00,69.75
20260630_210317_639286,file_creator_viewer,0,file_saver,1,47,2,3.298013,0.901109,2237,3207,2237,100.00,69.75
20260630_210317_639286,file_creator_viewer,0,file_saver,1,47,3,3.272700,0.918249,2237,3207,2237,100.00,69.75
20260630_210317_639286,file_creator_viewer,0,file_saver,1,47,4,3.686175,0.826476,2237,3207,2237,100.00,69.75
20260630_210317_639286,file_creator_viewer,0,file_saver,1,47,5,4.960209,0.744705,2237,3207,2237,100.00,69.75
20260630_210317_639286,file_creator_viewer,0,file_saver,1,47,6,4.995102,0.809427,2237,3207,2237,100.00,69.75
20260630_210317_639286,file_creator_viewer,0,file_saver,1,47,7,6.577408,0.633005,2237,3207,2237,100.00,69.75
20260630_210317_639286,file_creator_viewer,0,file_saver,1,48,0,3.495231,0.933232,2237,3207,2237,100.00,69.75
20260630_210317_639286,file_creator_viewer,0,file_saver,1,48,1,5.480058,0.715417,2237,3207,2237,100.00,69.75
20260630_210317_639286,file_creator_viewer,0,file_saver,1,48,2,4.328055,0.881283,2237,3207,2237,100.00,69.75
20260630_210317_639286,file_creator_viewer,0,file_saver,1,48,3,4.596705,0.720289,2237,3207,2237,100.00,69.75
20260630_210317_639286,file_creator_viewer,0,file_saver,1,48,4,3.074230,0.854275,2237,3207,2237,100.00,69.75
20260630_210317_639286,file_creator_viewer,0,file_saver,1,48,5,5.437148,0.545764,2237,3207,2237,100.00,69.75
20260630_210317_639286,file_creator_viewer,0,file_saver,1,48,6,4.921880,0.843809,2237,3207,2237,100.00,69.75
20260630_210317_639286,file_creator_viewer,0,file_saver,1,48,7,4.173285,0.847534,2237,3207,2237,100.00,69.75
20260630_210317_639286,file_creator_viewer,0,file_saver,1,49,0,3.340250,0.848766,2237,3207,2237,100.00,69.75
20260630_210317_639286,file_creator_viewer,0,file_saver,1,49,1,4.395063,0.859528,2237,3207,2237,100.00,69.75
20260630_210317_639286,file_creator_viewer,0,file_saver,1,49,2,4.689661,0.876882,2237,3207,2237,100.00,69.75
20260630_210317_639286,file_creator_viewer,0,file_saver,1,49,3,9.936685,0.281932,2237,3207,2237,100.00,69.75
20260630_210317_639286,file_creator_viewer,0,file_saver,1,49,4,6.462978,0.750213,2237,3207,2237,100.00,69.75
20260630_210317_639286,file_creator_viewer,0,file_saver,1,49,5,4.086560,0.870524,2237,3207,2237,100.00,69.75
20260630_210317_639286,file_creator_viewer,0,file_saver,1,49,6,4.792005,0.764908,2237,3207,2237,100.00,69.75
20260630_210317_639286,file_creator_viewer,0,file_saver,1,49,7,4.435581,0.870462,2237,3207,2237,100.00,69.75
20260630_210317_639286,file_creator_viewer,0,file_saver,1,50,0,7.363553,0.615906,2237,3207,2237,100.00,69.75
20260630_210317_639286,file_creator_viewer,0,file_saver,1,50,1,5.191714,0.897678,2237,3207,2237,100.00,69.75
20260630_210317_639286,file_creator_viewer,0,file_saver,1,50,2,3.661174,0.801554,2237,3207,2237,100.00,69.75
20260630_210317_639286,file_creator_viewer,0,file_saver,1,50,3,3.899813,0.900969,2237,3207,2237,100.00,69.75
20260630_210317_639286,file_creator_viewer,0,file_saver,1,50,4,4.233716,0.904801,2237,3207,2237,100.00,69.75
20260630_210317_639286,file_creator_viewer,0,file_saver,1,50,5,4.046425,0.821182,2237,3207,2237,100.00,69.75
20260630_210317_639286,file_creator_viewer,0,file_saver,1,50,6,4.105463,0.900417,2237,3207,2237,100.00,69.75
20260630_210317_639286,file_creator_viewer,0,file_saver,1,50,7,5.439084,0.821263,2237,3207,2237,100.00,69.75
20260630_210317_639286,file_creator_viewer,0,file_saver,1,51,0,6.002637,0.911115,2237,3207,2237,100.00,69.75
20260630_210317_639286,file_creator_viewer,0,file_saver,1,51,1,7.040200,0.843084,2237,3207,2237,100.00,69.75
20260630_210317_639286,file_creator_viewer,0,file_saver,1,51,2,16.973914,0.533730,2237,3207,2237,100.00,69.75
20260630_210317_639286,file_creator_viewer,0,file_saver,1,51,3,6.027172,0.759315,2237,3207,2237,100.00,69.75
20260630_210317_639286,file_creator_viewer,0,file_saver,1,51,4,4.502208,0.836838,2237,3207,2237,100.00,69.75
20260630_210317_639286,file_creator_viewer,0,file_saver,1,51,5,4.476098,0.855956,2237,3207,2237,100.00,69.75
20260630_210317_639286,file_creator_viewer,0,file_saver,1,51,6,3.765585,0.922113,2237,3207,2237,100.00,69.75
20260630_210317_639286,file_creator_viewer,0,file_saver,1,51,7,5.609584,0.911054,2237,3207,2237,100.00,69.75
20260630_210317_639286,file_creator_viewer,0,file_saver,1,52,0,4.991618,0.863631,2237,3207,2237,100.00,69.75
20260630_210317_639286,file_creator_viewer,0,file_saver,1,52,1,4.650842,0.803755,2237,3207,2237,100.00,69.75
20260630_210317_639286,file_creator_viewer,0,file_saver,1,52,2,4.886629,0.909725,2237,3207,2237,100.00,69.75
20260630_210317_639286,file_creator_viewer,0,file_saver,1,52,3,6.003034,0.889944,2237,3207,2237,100.00,69.75
20260630_210317_639286,file_creator_viewer,0,file_saver,1,52,4,5.219042,0.929733,2237,3207,2237,100.00,69.75
20260630_210317_639286,file_creator_viewer,0,file_saver,1,52,5,6.137201,0.775069,2237,3207,2237,100.00,69.75
20260630_210317_639286,file_creator_viewer,0,file_saver,1,52,6,4.289482,0.926479,2237,3207,2237,100.00,69.75
20260630_210317_639286,file_creator_viewer,0,file_saver,1,52,7,5.888842,0.879605,2237,3207,2237,100.00,69.75
20260630_210317_639286,file_creator_viewer,0,file_saver,1,53,0,6.552281,0.831776,2237,3207,2237,100.00,69.75
20260630_210317_639286,file_creator_viewer,0,file_saver,1,53,1,6.782116,0.922738,2237,3207,2237,100.00,69.75
20260630_210317_639286,file_creator_viewer,0,file_saver,1,53,2,5.736935,0.844770,2237,3207,2237,100.00,69.75
20260630_210317_639286,file_creator_viewer,0,file_saver,1,53,3,5.336868,0.921281,2237,3207,2237,100.00,69.75
20260630_210317_639286,file_creator_viewer,0,file_saver,1,53,4,7.183664,0.907033,2237,3207,2237,100.00,69.75
20260630_210317_639286,file_creator_viewer,0,file_saver,1,53,5,8.507359,0.852344,2237,3207,2237,100.00,69.75
20260630_210317_639286,file_creator_viewer,0,file_saver,1,53,6,6.063372,0.843352,2237,3207,2237,100.00,69.75
20260630_210317_639286,file_creator_viewer,0,file_saver,1,53,7,9.912413,0.820172,2237,3207,2237,100.00,69.75
20260630_210317_639286,file_creator_viewer,0,file_saver,1,54,0,6.423460,0.913579,2237,3207,2237,100.00,69.75
20260630_210317_639286,file_creator_viewer,0,file_saver,1,54,1,6.228413,0.839491,2237,3207,2237,100.00,69.75
20260630_210317_639286,file_creator_viewer,0,file_saver,1,54,2,5.903032,0.929146,2237,3207,2237,100.00,69.75
20260630_210317_639286,file_creator_viewer,0,file_saver,1,54,3,10.355029,0.801498,2237,3207,2237,100.00,69.75
20260630_210317_639286,file_creator_viewer,0,file_saver,1,54,4,8.366456,0.884420,2237,3207,2237,100.00,69.75
20260630_210317_639286,file_creator_viewer,0,file_saver,1,54,5,5.718043,0.927242,2237,3207,2237,100.00,69.75
20260630_210317_639286,file_creator_viewer,0,file_saver,1,54,6,6.925015,0.910880,2237,3207,2237,100.00,69.75
20260630_210317_639286,file_creator_viewer,0,file_saver,1,54,7,21.172974,0.794069,2237,3207,2237,100.00,69.75
20260630_210317_639286,file_creator_viewer,0,file_saver,1,55,0,8.029649,0.903443,2237,3207,2237,100.00,69.75
20260630_210317_639286,file_creator_viewer,0,file_saver,1,55,1,8.274376,0.905536,2237,3207,2237,100.00,69.75
20260630_210317_639286,file_creator_viewer,0,file_saver,1,55,2,6.695973,0.918033,2237,3207,2237,100.00,69.75
20260630_210317_639286,file_creator_viewer,0,file_saver,1,55,3,7.473682,0.901607,2237,3207,2237,100.00,69.75
20260630_210317_639286,file_creator_viewer,0,file_saver,1,55,4,6.353093,0.937858,2237,3207,2237,100.00,69.75
20260630_210317_639286,file_creator_viewer,0,file_saver,1,55,5,7.893392,0.851075,2237,3207,2237,100.00,69.75
20260630_210317_639286,file_creator_viewer,0,file_saver,1,55,6,6.965152,0.924429,2237,3207,2237,100.00,69.75
20260630_210317_639286,file_creator_viewer,0,file_saver,1,55,7,11.880732,0.550819,2237,3207,2237,100.00,69.75
20260630_210317_639286,file_creator_viewer,0,file_saver,1,56,0,9.243530,0.861648,2237,3207,2237,100.00,69.75
20260630_210317_639286,file_creator_viewer,0,file_saver,1,56,1,8.589476,0.878884,2237,3207,2237,100.00,69.75
20260630_210317_639286,file_creator_viewer,0,file_saver,1,56,2,7.165194,0.928200,2237,3207,2237,100.00,69.75
20260630_210317_639286,file_creator_viewer,0,file_saver,1,56,3,9.524546,0.897812,2237,3207,2237,100.00,69.75
20260630_210317_639286,file_creator_viewer,0,file_saver,1,56,4,11.257440,0.927997,2237,3207,2237,100.00,69.75
20260630_210317_639286,file_creator_viewer,0,file_saver,1,56,5,8.171377,0.921695,2237,3207,2237,100.00,69.75
20260630_210317_639286,file_creator_viewer,0,file_saver,1,56,6,9.963356,0.919432,2237,3207,2237,100.00,69.75
20260630_210317_639286,file_creator_viewer,0,file_saver,1,56,7,15.858953,0.837188,2237,3207,2237,100.00,69.75
20260630_210317_639286,file_creator_viewer,0,file_saver,1,57,0,10.040621,0.924230,2237,3207,2237,100.00,69.75
20260630_210317_639286,file_creator_viewer,0,file_saver,1,57,1,6.616620,0.939209,2237,3207,2237,100.00,69.75
20260630_210317_639286,file_creator_viewer,0,file_saver,1,57,2,9.111312,0.931590,2237,3207,2237,100.00,69.75
20260630_210317_639286,file_creator_viewer,0,file_saver,1,57,3,9.154193,0.830339,2237,3207,2237,100.00,69.75
20260630_210317_639286,file_creator_viewer,0,file_saver,1,57,4,9.399874,0.839696,2237,3207,2237,100.00,69.75
20260630_210317_639286,file_creator_viewer,0,file_saver,1,57,5,8.639037,0.944185,2237,3207,2237,100.00,69.75
20260630_210317_639286,file_creator_viewer,0,file_saver,1,57,6,10.476290,0.909795,2237,3207,2237,100.00,69.75
20260630_210317_639286,file_creator_viewer,0,file_saver,1,57,7,12.365799,0.812528,2237,3207,2237,100.00,69.75
20260630_210317_639286,file_creator_viewer,0,file_saver,1,58,0,16.612110,0.867049,2237,3207,2237,100.00,69.75
20260630_210317_639286,file_creator_viewer,0,file_saver,1,58,1,8.702063,0.937753,2237,3207,2237,100.00,69.75
20260630_210317_639286,file_creator_viewer,0,file_saver,1,58,2,8.850351,0.946362,2237,3207,2237,100.00,69.75
20260630_210317_639286,file_creator_viewer,0,file_saver,1,58,3,10.305251,0.938330,2237,3207,2237,100.00,69.75
20260630_210317_639286,file_creator_viewer,0,file_saver,1,58,4,14.075105,0.957593,2237,3207,2237,100.00,69.75
20260630_210317_639286,file_creator_viewer,0,file_saver,1,58,5,14.806187,0.881430,2237,3207,2237,100.00,69.75
20260630_210317_639286,file_creator_viewer,0,file_saver,1,58,6,12.394599,0.915138,2237,3207,2237,100.00,69.75
20260630_210317_639286,file_creator_viewer,0,file_saver,1,58,7,9.849120,0.923187,2237,3207,2237,100.00,69.75
20260630_210317_639286,file_creator_viewer,0,file_saver,1,59,0,11.347888,0.940534,2237,3207,2237,100.00,69.75
20260630_210317_639286,file_creator_viewer,0,file_saver,1,59,1,11.531284,0.934341,2237,3207,2237,100.00,69.75
20260630_210317_639286,file_creator_viewer,0,file_saver,1,59,2,11.399669,0.935344,2237,3207,2237,100.00,69.75
20260630_210317_639286,file_creator_viewer,0,file_saver,1,59,3,11.033745,0.919407,2237,3207,2237,100.00,69.75
20260630_210317_639286,file_creator_viewer,0,file_saver,1,59,4,11.584053,0.915887,2237,3207,2237,100.00,69.75
20260630_210317_639286,file_creator_viewer,0,file_saver,1,59,5,11.695994,0.882647,2237,3207,2237,100.00,69.75
20260630_210317_639286,file_creator_viewer,0,file_saver,1,59,6,12.089172,0.936428,2237,3207,2237,100.00,69.75
20260630_210317_639286,file_creator_viewer,0,file_saver,1,59,7,11.891406,0.848089,2237,3207,2237,100.00,69.75
20260630_210317_639286,file_creator_viewer,0,file_saver,1,60,0,13.339688,0.890096,2237,3207,2237,100.00,69.75
20260630_210317_639286,file_creator_viewer,0,file_saver,1,60,1,16.118517,0.941696,2237,3207,2237,100.00,69.75
20260630_210317_639286,file_creator_viewer,0,file_saver,1,60,2,15.160646,0.808788,2237,3207,2237,100.00,69.75
20260630_210317_639286,file_creator_viewer,0,file_saver,1,60,3,16.137206,0.952353,2237,3207,2237,100.00,69.75
20260630_210317_639286,file_creator_viewer,0,file_saver,1,60,4,15.283994,0.848370,2237,3207,2237,100.00,69.75
20260630_210317_639286,file_creator_viewer,0,file_saver,1,60,5,11.256620,0.915649,2237,3207,2237,100.00,69.75
20260630_210317_639286,file_creator_viewer,0,file_saver,1,60,6,12.122621,0.852596,2237,3207,2237,100.00,69.75
20260630_210317_639286,file_creator_viewer,0,file_saver,1,60,7,13.154092,0.908965,2237,3207,2237,100.00,69.75
20260630_210317_639286,file_creator_viewer,0,file_saver,1,61,0,13.853767,0.932532,2237,3207,2237,100.00,69.75
20260630_210317_639286,file_creator_viewer,0,file_saver,1,61,1,15.311938,0.896352,2237,3207,2237,100.00,69.75
20260630_210317_639286,file_creator_viewer,0,file_saver,1,61,2,15.408676,0.937208,2237,3207,2237,100.00,69.75
20260630_210317_639286,file_creator_viewer,0,file_saver,1,61,3,14.381614,0.933281,2237,3207,2237,100.00,69.75
20260630_210317_639286,file_creator_viewer,0,file_saver,1,61,4,16.169059,0.911594,2237,3207,2237,100.00,69.75
20260630_210317_639286,file_creator_viewer,0,file_saver,1,61,5,12.746210,0.927632,2237,3207,2237,100.00,69.75
20260630_210317_639286,file_creator_viewer,0,file_saver,1,61,6,15.889765,0.926233,2237,3207,2237,100.00,69.75
20260630_210317_639286,file_creator_viewer,0,file_saver,1,61,7,15.493362,0.933159,2237,3207,2237,100.00,69.75
20260630_210317_639286,file_creator_viewer,0,file_saver,1,62,0,19.584971,0.936241,2237,3207,2237,100.00,69.75
20260630_210317_639286,file_creator_viewer,0,file_saver,1,62,1,13.916641,0.924807,2237,3207,2237,100.00,69.75
20260630_210317_639286,file_creator_viewer,0,file_saver,1,62,2,15.516926,0.904842,2237,3207,2237,100.00,69.75
20260630_210317_639286,file_creator_viewer,0,file_saver,1,62,3,18.327626,0.862556,2237,3207,2237,100.00,69.75
20260630_210317_639286,file_creator_viewer,0,file_saver,1,62,4,21.978813,0.802628,2237,3207,2237,100.00,69.75
20260630_210317_639286,file_creator_viewer,0,file_saver,1,62,5,15.372668,0.911762,2237,3207,2237,100.00,69.75
20260630_210317_639286,file_creator_viewer,0,file_saver,1,62,6,15.188245,0.946567,2237,3207,2237,100.00,69.75
20260630_210317_639286,file_creator_viewer,0,file_saver,1,62,7,14.738444,0.909994,2237,3207,2237,100.00,69.75
20260630_210317_639286,file_creator_viewer,0,file_saver,1,63,0,11.561824,0.892653,2237,3207,2237,100.00,69.75
20260630_210317_639286,file_creator_viewer,0,file_saver,1,63,1,12.327616,0.796630,2237,3207,2237,100.00,69.75
20260630_210317_639286,file_creator_viewer,0,file_saver,1,63,2,14.345898,0.930662,2237,3207,2237,100.00,69.75
20260630_210317_639286,file_creator_viewer,0,file_saver,1,63,3,9.762714,0.914718,2237,3207,2237,100.00,69.75
20260630_210317_639286,file_creator_viewer,0,file_saver,1,63,4,14.685132,0.812369,2237,3207,2237,100.00,69.75
20260630_210317_639286,file_creator_viewer,0,file_saver,1,63,5,16.469415,0.932288,2237,3207,2237,100.00,69.75
20260630_210317_639286,file_creator_viewer,0,file_saver,1,63,6,11.233956,0.869566,2237,3207,2237,100.00,69.75
20260630_210317_639286,file_creator_viewer,0,file_saver,1,63,7,7.981107,0.966514,2237,3207,2237,100.00,69.75
20260630_210317_639286,file_creator_viewer,0,terminate,2,0,0,0.200452,0.128219,2237,4004,2237,100.00,55.87
20260630_210317_639286,file_creator_viewer,0,terminate,2,0,1,0.301593,0.241163,2237,4004,2237,100.00,55.87
20260630_210317_639286,file_creator_viewer,0,terminate,2,0,2,0.236570,0.601370,2237,4004,2237,100.00,55.87
20260630_210317_639286,file_creator_viewer,0,terminate,2,0,3,0.417867,0.059524,2237,4004,2237,100.00,55.87
20260630_210317_639286,file_creator_viewer,0,terminate,2,0,4,0.301513,0.655603,2237,4004,2237,100.00,55.87
20260630_210317_639286,file_creator_viewer,0,terminate,2,0,5,0.247105,0.170601,2237,4004,2237,100.00,55.87
20260630_210317_639286,file_creator_viewer,0,terminate,2,0,6,0.244763,0.222605,2237,4004,2237,100.00,55.87
20260630_210317_639286,file_creator_viewer,0,terminate,2,0,7,0.236869,0.551104,2237,4004,2237,100.00,55.87
20260630_210317_639286,file_creator_viewer,0,terminate,2,1,0,0.405787,0.141512,2237,4004,2237,100.00,55.87
20260630_210317_639286,file_creator_viewer,0,terminate,2,1,1,0.222671,0.088134,2237,4004,2237,100.00,55.87
20260630_210317_639286,file_creator_viewer,0,terminate,2,1,2,0.346028,-0.145571,2237,4004,2237,100.00,55.87
20260630_210317_639286,file_creator_viewer,0,terminate,2,1,3,0.393599,0.109864,2237,4004,2237,100.00,55.87
20260630_210317_639286,file_creator_viewer,0,terminate,2,1,4,0.372651,0.097180,2237,4004,2237,100.00,55.87
20260630_210317_639286,file_creator_viewer,0,terminate,2,1,5,0.265429,0.135082,2237,4004,2237,100.00,55.87
20260630_210317_639286,file_creator_viewer,0,terminate,2,1,6,0.319379,0.126895,2237,4004,2237,100.00,55.87
20260630_210317_639286,file_creator_viewer,0,terminate,2,1,7,0.422650,0.605900,2237,4004,2237,100.00,55.87
20260630_210317_639286,file_creator_viewer,0,terminate,2,2,0,0.587623,-0.079362,2237,4004,2237,100.00,55.87
20260630_210317_639286,file_creator_viewer,0,terminate,2,2,1,0.580852,-0.248255,2237,4004,2237,100.00,55.87
20260630_210317_639286,file_creator_viewer,0,terminate,2,2,2,0.402224,0.007787,2237,4004,2237,100.00,55.87
20260630_210317_639286,file_creator_viewer,0,terminate,2,2,3,0.363116,0.131601,2237,4004,2237,100.00,55.87
20260630_210317_639286,file_creator_viewer,0,terminate,2,2,4,0.377677,0.222176,2237,4004,2237,100.00,55.87
20260630_210317_639286,file_creator_viewer,0,terminate,2,2,5,0.479722,-0.083239,2237,4004,2237,100.00,55.87
20260630_210317_639286,file_creator_viewer,0,terminate,2,2,6,0.426147,-0.086900,2237,4004,2237,100.00,55.87
20260630_210317_639286,file_creator_viewer,0,terminate,2,2,7,0.604067,-0.091128,2237,4004,2237,100.00,55.87
20260630_210317_639286,file_creator_viewer,0,terminate,2,3,0,0.725672,0.076713,2237,4004,2237,100.00,55.87
20260630_210317_639286,file_creator_viewer,0,terminate,2,3,1,0.419238,0.224601,2237,4004,2237,100.00,55.87
20260630_210317_639286,file_creator_viewer,0,terminate,2,3,2,0.593654,0.060676,2237,4004,2237,100.00,55.87
20260630_210317_639286,file_creator_viewer,0,terminate,2,3,3,0.578103,-0.088256,2237,4004,2237,100.00,55.87
20260630_210317_639286,file_creator_viewer,0,terminate,2,3,4,0.627746,-0.157895,2237,4004,2237,100.00,55.87
20260630_210317_639286,file_creator_viewer,0,terminate,2,3,5,0.577105,0.065920,2237,4004,2237,100.00,55.87
20260630_210317_639286,file_creator_viewer,0,terminate,2,3,6,0.424118,0.142421,2237,4004,2237,100.00,55.87
20260630_210317_639286,file_creator_viewer,0,terminate,2,3,7,0.726059,0.040509,2237,4004,2237,100.00,55.87
20260630_210317_639286,file_creator_viewer,0,terminate,2,4,0,0.644333,-0.123209,2237,4004,2237,100.00,55.87
20260630_210317_639286,file_creator_viewer,0,terminate,2,4,1,0.596611,0.117935,2237,4004,2237,100.00,55.87
20260630_210317_639286,file_creator_viewer,0,terminate,2,4,2,0.629624,0.407801,2237,4004,2237,100.00,55.87
20260630_210317_639286,file_creator_viewer,0,terminate,2,4,3,0.641655,-0.044212,2237,4004,2237,100.00,55.87
20260630_210317_639286,file_creator_viewer,0,terminate,2,4,4,0.665884,0.079063,2237,4004,2237,100.00,55.87
20260630_210317_639286,file_creator_viewer,0,terminate,2,4,5,0.573946,-0.029867,2237,4004,2237,100.00,55.87
20260630_210317_639286,file_creator_viewer,0,terminate,2,4,6,0.632213,0.100216,2237,4004,2237,100.00,55.87
20260630_210317_639286,file_creator_viewer,0,terminate,2,4,7,0.481579,0.209677,2237,4004,2237,100.00,55.87
20260630_210317_639286,file_creator_viewer,0,terminate,2,5,0,0.877505,-0.066900,2237,4004,2237,100.00,55.87
20260630_210317_639286,file_creator_viewer,0,terminate,2,5,1,0.666384,0.095799,2237,4004,2237,100.00,55.87
20260630_210317_639286,file_creator_viewer,0,terminate,2,5,2,0.575681,0.138627,2237,4004,2237,100.00,55.87
20260630_210317_639286,file_creator_viewer,0,terminate,2,5,3,0.779378,0.401918,2237,4004,2237,100.00,55.87
20260630_210317_639286,file_creator_viewer,0,terminate,2,5,4,0.668486,0.322977,2237,4004,2237,100.00,55.87
20260630_210317_639286,file_creator_viewer,0,terminate,2,5,5,0.474992,0.176764,2237,4004,2237,100.00,55.87
20260630_210317_639286,file_creator_viewer,0,terminate,2,5,6,0.596032,0.403119,2237,4004,2237,100.00,55.87
20260630_210317_639286,file_creator_viewer,0,terminate,2,5,7,0.627243,-0.047886,2237,4004,2237,100.00,55.87
20260630_210317_639286,file_creator_viewer,0,terminate,2,6,0,0.900206,0.025336,2237,4004,2237,100.00,55.87
20260630_210317_639286,file_creator_viewer,0,terminate,2,6,1,0.512080,0.398647,2237,4004,2237,100.00,55.87
20260630_210317_639286,file_creator_viewer,0,terminate,2,6,2,0.838153,0.037889,2237,4004,2237,100.00,55.87
20260630_210317_639286,file_creator_viewer,0,terminate,2,6,3,0.540758,0.222982,2237,4004,2237,100.00,55.87
20260630_210317_639286,file_creator_viewer,0,terminate,2,6,4,0.705765,0.047734,2237,4004,2237,100.00,55.87
20260630_210317_639286,file_creator_viewer,0,terminate,2,6,5,0.768615,0.290416,2237,4004,2237,100.00,55.87
20260630_210317_639286,file_creator_viewer,0,terminate,2,6,6,0.737536,0.144555,2237,4004,2237,100.00,55.87
20260630_210317_639286,file_creator_viewer,0,terminate,2,6,7,0.749947,0.122769,2237,4004,2237,100.00,55.87
20260630_210317_639286,file_creator_viewer,0,terminate,2,7,0,1.762783,0.175873,2237,4004,2237,100.00,55.87
20260630_210317_639286,file_creator_viewer,0,terminate,2,7,1,1.756224,-0.046720,2237,4004,2237,100.00,55.87
20260630_210317_639286,file_creator_viewer,0,terminate,2,7,2,1.329806,0.464315,2237,4004,2237,100.00,55.87
20260630_210317_639286,file_creator_viewer,0,terminate,2,7,3,1.103360,0.166785,2237,4004,2237,100.00,55.87
20260630_210317_639286,file_creator_viewer,0,terminate,2,7,4,1.665932,0.165558,2237,4004,2237,100.00,55.87
20260630_210317_639286,file_creator_viewer,0,terminate,2,7,5,1.350974,-0.021924,2237,4004,2237,100.00,55.87
20260630_210317_639286,file_creator_viewer,0,terminate,2,7,6,1.746472,0.091391,2237,4004,2237,100.00,55.87
20260630_210317_639286,file_creator_viewer,0,terminate,2,7,7,1.799987,0.189480,2237,4004,2237,100.00,55.87
20260630_210317_639286,file_creator_viewer,0,terminate,2,8,0,1.272106,0.326340,2237,4004,2237,100.00,55.87
20260630_210317_639286,file_creator_viewer,0,terminate,2,8,1,1.727459,-0.015381,2237,4004,2237,100.00,55.87
20260630_210317_639286,file_creator_viewer,0,terminate,2,8,2,1.493159,0.093002,2237,4004,2237,100.00,55.87
20260630_210317_639286,file_creator_viewer,0,terminate,2,8,3,1.357078,0.159431,2237,4004,2237,100.00,55.87
20260630_210317_639286,file_creator_viewer,0,terminate,2,8,4,1.508845,0.109026,2237,4004,2237,100.00,55.87
20260630_210317_639286,file_creator_viewer,0,terminate,2,8,5,1.210842,0.154621,2237,4004,2237,100.00,55.87
20260630_210317_639286,file_creator_viewer,0,terminate,2,8,6,1.247616,0.311174,2237,4004,2237,100.00,55.87
20260630_210317_639286,file_creator_viewer,0,terminate,2,8,7,1.230659,0.170280,2237,4004,2237,100.00,55.87
20260630_210317_639286,file_creator_viewer,0,terminate,2,9,0,1.164402,0.352339,2237,4004,2237,100.00,55.87
20260630_210317_639286,file_creator_viewer,0,terminate,2,9,1,1.035780,0.208538,2237,4004,2237,100.00,55.87
20260630_210317_639286,file_creator_viewer,0,terminate,2,9,2,1.267557,-0.009559,2237,4004,2237,100.00,55.87
20260630_210317_639286,file_creator_viewer,0,terminate,2,9,3,1.154717,0.179799,2237,4004,2237,100.00,55.87
20260630_210317_639286,file_creator_viewer,0,terminate,2,9,4,1.211115,0.178477,2237,4004,2237,100.00,55.87
20260630_210317_639286,file_creator_viewer,0,terminate,2,9,5,0.959769,0.125283,2237,4004,2237,100.00,55.87
20260630_210317_639286,file_creator_viewer,0,terminate,2,9,6,1.004789,0.290227,2237,4004,2237,100.00,55.87
20260630_210317_639286,file_creator_viewer,0,terminate,2,9,7,0.845499,0.378032,2237,4004,2237,100.00,55.87
20260630_210317_639286,file_creator_viewer,0,terminate,2,10,0,1.462145,0.209451,2237,4004,2237,100.00,55.87
20260630_210317_639286,file_creator_viewer,0,terminate,2,10,1,1.376796,-0.018575,2237,4004,2237,100.00,55.87
20260630_210317_639286,file_creator_viewer,0,terminate,2,10,2,1.355211,0.186108,2237,4004,2237,100.00,55.87
20260630_210317_639286,file_creator_viewer,0,terminate,2,10,3,1.045728,-0.039458,2237,4004,2237,100.00,55.87
20260630_210317_639286,file_creator_viewer,0,terminate,2,10,4,1.684181,0.161931,2237,4004,2237,100.00,55.87
20260630_210317_639286,file_creator_viewer,0,terminate,2,10,5,1.214150,0.353892,2237,4004,2237,100.00,55.87
20260630_210317_639286,file_creator_viewer,0,terminate,2,10,6,1.227161,0.130127,2237,4004,2237,100.00,55.87
20260630_210317_639286,file_creator_viewer,0,terminate,2,10,7,1.622749,-0.070062,2237,4004,2237,100.00,55.87
20260630_210317_639286,file_creator_viewer,0,terminate,2,11,0,1.410527,0.070523,2237,4004,2237,100.00,55.87
20260630_210317_639286,file_creator_viewer,0,terminate,2,11,1,1.459494,-0.070336,2237,4004,2237,100.00,55.87
20260630_210317_639286,file_creator_viewer,0,terminate,2,11,2,1.160532,0.195108,2237,4004,2237,100.00,55.87
20260630_210317_639286,file_creator_viewer,0,terminate,2,11,3,1.717485,0.036194,2237,4004,2237,100.00,55.87
20260630_210317_639286,file_creator_viewer,0,terminate,2,11,4,2.000133,0.177169,2237,4004,2237,100.00,55.87
20260630_210317_639286,file_creator_viewer,0,terminate,2,11,5,1.468021,0.132638,2237,4004,2237,100.00,55.87
20260630_210317_639286,file_creator_viewer,0,terminate,2,11,6,1.597022,0.209005,2237,4004,2237,100.00,55.87
20260630_210317_639286,file_creator_viewer,0,terminate,2,11,7,1.386683,0.157241,2237,4004,2237,100.00,55.87
20260630_210317_639286,file_creator_viewer,0,terminate,2,12,0,1.173873,0.228416,2237,4004,2237,100.00,55.87
20260630_210317_639286,file_creator_viewer,0,terminate,2,12,1,1.822279,0.197013,2237,4004,2237,100.00,55.87
20260630_210317_639286,file_creator_viewer,0,terminate,2,12,2,1.668008,0.376491,2237,4004,2237,100.00,55.87
20260630_210317_639286,file_creator_viewer,0,terminate,2,12,3,1.292266,0.331748,2237,4004,2237,100.00,55.87
20260630_210317_639286,file_creator_viewer,0,terminate,2,12,4,1.561248,0.124585,2237,4004,2237,100.00,55.87
20260630_210317_639286,file_creator_viewer,0,terminate,2,12,5,1.919932,-0.049822,2237,4004,2237,100.00,55.87
20260630_210317_639286,file_creator_viewer,0,terminate,2,12,6,1.724892,0.169049,2237,4004,2237,100.00,55.87
20260630_210317_639286,file_creator_viewer,0,terminate,2,12,7,1.616470,0.054724,2237,4004,2237,100.00,55.87
20260630_210317_639286,file_creator_viewer,0,terminate,2,13,0,1.939542,0.138994,2237,4004,2237,100.00,55.87
20260630_210317_639286,file_creator_viewer,0,terminate,2,13,1,2.011880,0.056458,2237,4004,2237,100.00,55.87
20260630_210317_639286,file_creator_viewer,0,terminate,2,13,2,2.054496,0.335755,2237,4004,2237,100.00,55.87
20260630_210317_639286,file_creator_viewer,0,terminate,2,13,3,2.553811,0.164405,2237,4004,2237,100.00,55.87
20260630_210317_639286,file_creator_viewer,0,terminate,2,13,4,1.979222,0.144253,2237,4004,2237,100.00,55.87
20260630_210317_639286,file_creator_viewer,0,terminate,2,13,5,1.613836,0.153356,2237,4004,2237,100.00,55.87
20260630_210317_639286,file_creator_viewer,0,terminate,2,13,6,2.463881,0.200214,2237,4004,2237,100.00,55.87
20260630_210317_639286,file_creator_viewer,0,terminate,2,13,7,1.567326,0.260167,2237,4004,2237,100.00,55.87
20260630_210317_639286,file_creator_viewer,0,terminate,2,14,0,1.313804,0.248250,2237,4004,2237,100.00,55.87
20260630_210317_639286,file_creator_viewer,0,terminate,2,14,1,1.379929,0.105807,2237,4004,2237,100.00,55.87
20260630_210317_639286,file_creator_viewer,0,terminate,2,14,2,1.257409,0.077771,2237,4004,2237,100.00,55.87
20260630_210317_639286,file_creator_viewer,0,terminate,2,14,3,1.326784,0.329691,2237,4004,2237,100.00,55.87
20260630_210317_639286,file_creator_viewer,0,terminate,2,14,4,1.590443,0.319113,2237,4004,2237,100.00,55.87
20260630_210317_639286,file_creator_viewer,0,terminate,2,14,5,1.481059,-0.069775,2237,4004,2237,100.00,55.87
20260630_210317_639286,file_creator_viewer,0,terminate,2,14,6,1.752237,0.297115,2237,4004,2237,100.00,55.87
20260630_210317_639286,file_creator_viewer,0,terminate,2,14,7,1.358090,0.133299,2237,4004,2237,100.00,55.87
20260630_210317_639286,file_creator_viewer,0,terminate,2,15,0,1.475214,0.207911,2237,4004,2237,100.00,55.87
20260630_210317_639286,file_creator_viewer,0,terminate,2,15,1,1.690130,0.253050,2237,4004,2237,100.00,55.87
20260630_210317_639286,file_creator_viewer,0,terminate,2,15,2,1.703464,0.108733,2237,4004,2237,100.00,55.87
20260630_210317_639286,file_creator_viewer,0,terminate,2,15,3,1.531905,0.119140,2237,4004,2237,100.00,55.87
20260630_210317_639286,file_creator_viewer,0,terminate,2,15,4,1.627790,0.271376,2237,4004,2237,100.00,55.87
20260630_210317_639286,file_creator_viewer,0,terminate,2,15,5,1.891443,0.097327,2237,4004,2237,100.00,55.87
20260630_210317_639286,file_creator_viewer,0,terminate,2,15,6,1.497438,0.264022,2237,4004,2237,100.00,55.87
20260630_210317_639286,file_creator_viewer,0,terminate,2,15,7,1.415895,0.371705,2237,4004,2237,100.00,55.87
20260630_210317_639286,file_creator_viewer,0,terminate,2,16,0,1.423984,0.142375,2237,4004,2237,100.00,55.87
20260630_210317_639286,file_creator_viewer,0,terminate,2,16,1,1.352471,0.083737,2237,4004,2237,100.00,55.87
20260630_210317_639286,file_creator_viewer,0,terminate,2,16,2,1.918744,0.190648,2237,4004,2237,100.00,55.87
20260630_210317_639286,file_creator_viewer,0,terminate,2,16,3,1.482262,0.159135,2237,4004,2237,100.00,55.87
20260630_210317_639286,file_creator_viewer,0,terminate,2,16,4,1.997578,0.234468,2237,4004,2237,100.00,55.87
20260630_210317_639286,file_creator_viewer,0,terminate,2,16,5,2.260645,0.121056,2237,4004,2237,100.00,55.87
20260630_210317_639286,file_creator_viewer,0,terminate,2,16,6,1.774194,0.204921,2237,4004,2237,100.00,55.87
20260630_210317_639286,file_creator_viewer,0,terminate,2,16,7,1.567292,0.188416,2237,4004,2237,100.00,55.87
20260630_210317_639286,file_creator_viewer,0,terminate,2,17,0,1.819675,0.191802,2237,4004,2237,100.00,55.87
20260630_210317_639286,file_creator_viewer,0,terminate,2,17,1,1.180470,0.225845,2237,4004,2237,100.00,55.87
20260630_210317_639286,file_creator_viewer,0,terminate,2,17,2,2.253807,-0.032154,2237,4004,2237,100.00,55.87
20260630_210317_639286,file_creator_viewer,0,terminate,2,17,3,1.650918,0.153887,2237,4004,2237,100.00,55.87
20260630_210317_639286,file_creator_viewer,0,terminate,2,17,4,1.689932,0.246180,2237,4004,2237,100.00,55.87
20260630_210317_639286,file_creator_viewer,0,terminate,2,17,5,1.687849,0.287973,2237,4004,2237,100.00,55.87
20260630_210317_639286,file_creator_viewer,0,terminate,2,17,6,1.767959,0.366568,2237,4004,2237,100.00,55.87
20260630_210317_639286,file_creator_viewer,0,terminate,2,17,7,1.925084,0.225656,2237,4004,2237,100.00,55.87
20260630_210317_639286,file_creator_viewer,0,terminate,2,18,0,3.149071,0.061025,2237,4004,2237,100.00,55.87
20260630_210317_639286,file_creator_viewer,0,terminate,2,18,1,1.781373,0.031195,2237,4004,2237,100.00,55.87
20260630_210317_639286,file_creator_viewer,0,terminate,2,18,2,2.422765,0.003153,2237,4004,2237,100.00,55.87
20260630_210317_639286,file_creator_viewer,0,terminate,2,18,3,2.068281,0.321559,2237,4004,2237,100.00,55.87
20260630_210317_639286,file_creator_viewer,0,terminate,2,18,4,1.662234,0.268537,2237,4004,2237,100.00,55.87
20260630_210317_639286,file_creator_viewer,0,terminate,2,18,5,2.117683,0.205134,2237,4004,2237,100.00,55.87
20260630_210317_639286,file_creator_viewer,0,terminate,2,18,6,2.020864,-0.005043,2237,4004,2237,100.00,55.87
20260630_210317_639286,file_creator_viewer,0,terminate,2,18,7,1.783823,0.209530,2237,4004,2237,100.00,55.87
20260630_210317_639286,file_creator_viewer,0,terminate,2,19,0,1.861699,0.288037,2237,4004,2237,100.00,55.87
20260630_210317_639286,file_creator_viewer,0,terminate,2,19,1,1.958315,0.147090,2237,4004,2237,100.00,55.87
20260630_210317_639286,file_creator_viewer,0,terminate,2,19,2,1.973769,0.100311,2237,4004,2237,100.00,55.87
20260630_210317_639286,file_creator_viewer,0,terminate,2,19,3,2.264770,0.136786,2237,4004,2237,100.00,55.87
20260630_210317_639286,file_creator_viewer,0,terminate,2,19,4,2.258940,0.121497,2237,4004,2237,100.00,55.87
20260630_210317_639286,file_creator_viewer,0,terminate,2,19,5,2.089121,0.112454,2237,4004,2237,100.00,55.87
20260630_210317_639286,file_creator_viewer,0,terminate,2,19,6,2.334990,0.114544,2237,4004,2237,100.00,55.87
20260630_210317_639286,file_creator_viewer,0,terminate,2,19,7,2.147493,0.131085,2237,4004,2237,100.00,55.87
20260630_210317_639286,file_creator_viewer,0,terminate,2,20,0,2.930385,-0.000540,2237,4004,2237,100.00,55.87
20260630_210317_639286,file_creator_viewer,0,terminate,2,20,1,2.578947,0.074198,2237,4004,2237,100.00,55.87
20260630_210317_639286,file_creator_viewer,0,terminate,2,20,2,2.664943,0.303529,2237,4004,2237,100.00,55.87
20260630_210317_639286,file_creator_viewer,0,terminate,2,20,3,2.862742,0.221592,2237,4004,2237,100.00,55.87
20260630_210317_639286,file_creator_viewer,0,terminate,2,20,4,2.723771,0.140528,2237,4004,2237,100.00,55.87
20260630_210317_639286,file_creator_viewer,0,terminate,2,20,5,2.187090,0.246980,2237,4004,2237,100.00,55.87
20260630_210317_639286,file_creator_viewer,0,terminate,2,20,6,2.197345,0.205046,2237,4004,2237,100.00,55.87
20260630_210317_639286,file_creator_viewer,0,terminate,2,20,7,3.031146,0.183362,2237,4004,2237,100.00,55.87
20260630_210317_639286,file_creator_viewer,0,terminate,2,21,0,2.685410,0.373238,2237,4004,2237,100.00,55.87
20260630_210317_639286,file_creator_viewer,0,terminate,2,21,1,3.575908,0.269888,2237,4004,2237,100.00,55.87
20260630_210317_639286,file_creator_viewer,0,terminate,2,21,2,2.515249,0.390570,2237,4004,2237,100.00,55.87
20260630_210317_639286,file_creator_viewer,0,terminate,2,21,3,2.810989,0.123358,2237,4004,2237,100.00,55.87
20260630_210317_639286,file_creator_viewer,0,terminate,2,21,4,2.770296,0.105250,2237,4004,2237,100.00,55.87
20260630_210317_639286,file_creator_viewer,0,terminate,2,21,5,2.384072,0.128965,2237,4004,2237,100.00,55.87
20260630_210317_639286,file_creator_viewer,0,terminate,2,21,6,2.602305,0.163971,2237,4004,2237,100.00,55.87
20260630_210317_639286,file_creator_viewer,0,terminate,2,21,7,2.456234,0.092043,2237,4004,2237,100.00,55.87
20260630_210317_639286,file_creator_viewer,0,terminate,2,22,0,2.369632,0.321898,2237,4004,2237,100.00,55.87
20260630_210317_639286,file_creator_viewer,0,terminate,2,22,1,2.862567,0.211986,2237,4004,2237,100.00,55.87
20260630_210317_639286,file_creator_viewer,0,terminate,2,22,2,3.184754,0.147545,2237,4004,2237,100.00,55.87
20260630_210317_639286,file_creator_viewer,0,terminate,2,22,3,2.936495,0.353165,2237,4004,2237,100.00,55.87
20260630_210317_639286,file_creator_viewer,0,terminate,2,22,4,2.287002,0.477228,2237,4004,2237,100.00,55.87
20260630_210317_639286,file_creator_viewer,0,terminate,2,22,5,2.842959,0.212488,2237,4004,2237,100.00,55.87
20260630_210317_639286,file_creator_viewer,0,terminate,2,22,6,2.724785,0.116839,2237,4004,2237,100.00,55.87
20260630_210317_639286,file_creator_viewer,0,terminate,2,22,7,3.056990,0.290476,2237,4004,2237,100.00,55.87
20260630_210317_639286,file_creator_viewer,0,terminate,2,23,0,3.707979,0.045936,2237,4004,2237,100.00,55.87
20260630_210317_639286,file_creator_viewer,0,terminate,2,23,1,3.541264,0.281791,2237,4004,2237,100.00,55.87
20260630_210317_639286,file_creator_viewer,0,terminate,2,23,2,2.863819,0.226988,2237,4004,2237,100.00,55.87
20260630_210317_639286,file_creator_viewer,0,terminate,2,23,3,3.086286,0.104605,2237,4004,2237,100.00,55.87
20260630_210317_639286,file_creator_viewer,0,terminate,2,23,4,2.831425,0.097970,2237,4004,2237,100.00,55.87
20260630_210317_639286,file_creator_viewer,0,terminate,2,23,5,3.487251,0.204162,2237,4004,2237,100.00,55.87
20260630_210317_639286,file_creator_viewer,0,terminate,2,23,6,3.973495,0.096878,2237,4004,2237,100.00,55.87
20260630_210317_639286,file_creator_viewer,0,terminate,2,23,7,3.346910,0.177415,2237,4004,2237,100.00,55.87
20260630_210317_639286,file_creator_viewer,0,terminate,2,24,0,4.589304,0.127157,2237,4004,2237,100.00,55.87
20260630_210317_639286,file_creator_viewer,0,terminate,2,24,1,4.273295,0.086173,2237,4004,2237,100.00,55.87
20260630_210317_639286,file_creator_viewer,0,terminate,2,24,2,4.332622,0.172109,2237,4004,2237,100.00,55.87
20260630_210317_639286,file_creator_viewer,0,terminate,2,24,3,3.819630,0.150659,2237,4004,2237,100.00,55.87
20260630_210317_639286,file_creator_viewer,0,terminate,2,24,4,3.115474,0.230290,2237,4004,2237,100.00,55.87
20260630_210317_639286,file_creator_viewer,0,terminate,2,24,5,2.914907,0.181539,2237,4004,2237,100.00,55.87
20260630_210317_639286,file_creator_viewer,0,terminate,2,24,6,3.456608,0.296974,2237,4004,2237,100.00,55.87
20260630_210317_639286,file_creator_viewer,0,terminate,2,24,7,4.270675,0.069869,2237,4004,2237,100.00,55.87
20260630_210317_639286,file_creator_viewer,0,terminate,2,25,0,2.855849,0.136563,2237,4004,2237,100.00,55.87
20260630_210317_639286,file_creator_viewer,0,terminate,2,25,1,4.914619,0.072264,2237,4004,2237,100.00,55.87
20260630_210317_639286,file_creator_viewer,0,terminate,2,25,2,3.915203,0.225832,2237,4004,2237,100.00,55.87
20260630_210317_639286,file_creator_viewer,0,terminate,2,25,3,3.392905,0.215767,2237,4004,2237,100.00,55.87
20260630_210317_639286,file_creator_viewer,0,terminate,2,25,4,3.596706,0.369993,2237,4004,2237,100.00,55.87
20260630_210317_639286,file_creator_viewer,0,terminate,2,25,5,3.759311,0.251848,2237,4004,2237,100.00,55.87
20260630_210317_639286,file_creator_viewer,0,terminate,2,25,6,4.048762,0.035523,2237,4004,2237,100.00,55.87
20260630_210317_639286,file_creator_viewer,0,terminate,2,25,7,3.941587,0.153244,2237,4004,2237,100.00,55.87
20260630_210317_639286,file_creator_viewer,0,terminate,2,26,0,3.685800,0.240702,2237,4004,2237,100.00,55.87
20260630_210317_639286,file_creator_viewer,0,terminate,2,26,1,3.723182,0.168503,2237,4004,2237,100.00,55.87
20260630_210317_639286,file_creator_viewer,0,terminate,2,26,2,2.811731,0.149771,2237,4004,2237,100.00,55.87
20260630_210317_639286,file_creator_viewer,0,terminate,2,26,3,3.648100,0.180274,2237,4004,2237,100.00,55.87
20260630_210317_639286,file_creator_viewer,0,terminate,2,26,4,4.814583,0.001631,2237,4004,2237,100.00,55.87
20260630_210317_639286,file_creator_viewer,0,terminate,2,26,5,2.826778,0.180630,2237,4004,2237,100.00,55.87
20260630_210317_639286,file_creator_viewer,0,terminate,2,26,6,4.008434,-0.032593,2237,4004,2237,100.00,55.87
20260630_210317_639286,file_creator_viewer,0,terminate,2,26,7,4.019353,0.052515,2237,4004,2237,100.00,55.87
20260630_210317_639286,file_creator_viewer,0,terminate,2,27,0,4.221708,0.300817,2237,4004,2237,100.00,55.87
20260630_210317_639286,file_creator_viewer,0,terminate,2,27,1,4.995409,0.004361,2237,4004,2237,100.00,55.87
20260630_210317_639286,file_creator_viewer,0,terminate,2,27,2,3.571419,0.280933,2237,4004,2237,100.00,55.87
20260630_210317_639286,file_creator_viewer,0,terminate,2,27,3,2.792520,0.225119,2237,4004,2237,100.00,55.87
20260630_210317_639286,file_creator_viewer,0,terminate,2,27,4,4.734960,0.097013,2237,4004,2237,100.00,55.87
20260630_210317_639286,file_creator_viewer,0,terminate,2,27,5,4.697206,0.078234,2237,4004,2237,100.00,55.87
20260630_210317_639286,file_creator_viewer,0,terminate,2,27,6,4.248752,0.202151,2237,4004,2237,100.00,55.87
20260630_210317_639286,file_creator_viewer,0,terminate,2,27,7,3.618808,0.153802,2237,4004,2237,100.00,55.87
20260630_210317_639286,file_creator_viewer,0,terminate,2,28,0,4.497448,0.163601,2237,4004,2237,100.00,55.87
20260630_210317_639286,file_creator_viewer,0,terminate,2,28,1,3.290997,0.145582,2237,4004,2237,100.00,55.87
20260630_210317_639286,file_creator_viewer,0,terminate,2,28,2,4.824443,0.131789,2237,4004,2237,100.00,55.87
20260630_210317_639286,file_creator_viewer,0,terminate,2,28,3,4.554890,0.183871,2237,4004,2237,100.00,55.87
20260630_210317_639286,file_creator_viewer,0,terminate,2,28,4,4.635077,0.157260,2237,4004,2237,100.00,55.87
20260630_210317_639286,file_creator_viewer,0,terminate,2,28,5,5.022335,0.294914,2237,4004,2237,100.00,55.87
20260630_210317_639286,file_creator_viewer,0,terminate,2,28,6,5.198140,0.191277,2237,4004,2237,100.00,55.87
20260630_210317_639286,file_creator_viewer,0,terminate,2,28,7,4.484476,0.060133,2237,4004,2237,100.00,55.87
20260630_210317_639286,file_creator_viewer,0,terminate,2,29,0,4.801428,0.252394,2237,4004,2237,100.00,55.87
20260630_210317_639286,file_creator_viewer,0,terminate,2,29,1,6.592374,0.068841,2237,4004,2237,100.00,55.87
20260630_210317_639286,file_creator_viewer,0,terminate,2,29,2,4.111593,0.274155,2237,4004,2237,100.00,55.87
20260630_210317_639286,file_creator_viewer,0,terminate,2,29,3,5.624811,0.181361,2237,4004,2237,100.00,55.87
20260630_210317_639286,file_creator_viewer,0,terminate,2,29,4,5.658464,0.214951,2237,4004,2237,100.00,55.87
20260630_210317_639286,file_creator_viewer,0,terminate,2,29,5,5.749312,0.262930,2237,4004,2237,100.00,55.87
20260630_210317_639286,file_creator_viewer,0,terminate,2,29,6,4.633873,0.146998,2237,4004,2237,100.00,55.87
20260630_210317_639286,file_creator_viewer,0,terminate,2,29,7,4.878357,0.491627,2237,4004,2237,100.00,55.87
20260630_210317_639286,file_creator_viewer,0,terminate,2,30,0,7.546522,0.031525,2237,4004,2237,100.00,55.87
20260630_210317_639286,file_creator_viewer,0,terminate,2,30,1,5.241184,0.191029,2237,4004,2237,100.00,55.87
20260630_210317_639286,file_creator_viewer,0,terminate,2,30,2,7.380519,0.091709,2237,4004,2237,100.00,55.87
20260630_210317_639286,file_creator_viewer,0,terminate,2,30,3,5.396766,0.392713,2237,4004,2237,100.00,55.87
20260630_210317_639286,file_creator_viewer,0,terminate,2,30,4,8.209806,0.137885,2237,4004,2237,100.00,55.87
20260630_210317_639286,file_creator_viewer,0,terminate,2,30,5,7.286863,0.048837,2237,4004,2237,100.00,55.87
20260630_210317_639286,file_creator_viewer,0,terminate,2,30,6,7.416937,0.217653,2237,4004,2237,100.00,55.87
20260630_210317_639286,file_creator_viewer,0,terminate,2,30,7,7.756696,0.186818,2237,4004,2237,100.00,55.87
20260630_210317_639286,file_creator_viewer,0,terminate,2,31,0,5.694534,0.059667,2237,4004,2237,100.00,55.87
20260630_210317_639286,file_creator_viewer,0,terminate,2,31,1,7.799925,0.209402,2237,4004,2237,100.00,55.87
20260630_210317_639286,file_creator_viewer,0,terminate,2,31,2,6.861126,0.285379,2237,4004,2237,100.00,55.87
20260630_210317_639286,file_creator_viewer,0,terminate,2,31,3,6.483262,0.228141,2237,4004,2237,100.00,55.87
20260630_210317_639286,file_creator_viewer,0,terminate,2,31,4,6.977856,0.121783,2237,4004,2237,100.00,55.87
20260630_210317_639286,file_creator_viewer,0,terminate,2,31,5,7.021895,0.179918,2237,4004,2237,100.00,55.87
20260630_210317_639286,file_creator_viewer,0,terminate,2,31,6,7.020544,0.091560,2237,4004,2237,100.00,55.87
20260630_210317_639286,file_creator_viewer,0,terminate,2,31,7,6.605376,0.156283,2237,4004,2237,100.00,55.87
20260630_210317_639286,file_creator_viewer,0,terminate,2,32,0,3.219997,0.397098,2237,4004,2237,100.00,55.87
20260630_210317_639286,file_creator_viewer,0,terminate,2,32,1,4.113822,0.267484,2237,4004,2237,100.00,55.87
20260630_210317_639286,file_creator_viewer,0,terminate,2,32,2,3.356570,0.263341,2237,4004,2237,100.00,55.87
20260630_210317_639286,file_creator_viewer,0,terminate,2,32,3,3.321099,0.271364,2237,4004,2237,100.00,55.87
20260630_210317_639286,file_creator_viewer,0,terminate,2,32,4,3.678229,0.252685,2237,4004,2237,100.00,55.87
20260630_210317_639286,file_creator_viewer,0,terminate,2,32,5,3.528244,0.109843,2237,4004,2237,100.00,55.87
20260630_210317_639286,file_creator_viewer,0,terminate,2,32,6,3.638258,0.164148,2237,4004,2237,100.00,55.87
20260630_210317_639286,file_creator_viewer,0,terminate,2,32,7,2.766449,0.258668,2237,4004,2237,100.00,55.87
20260630_210317_639286,file_creator_viewer,0,terminate,2,33,0,3.701152,0.393973,2237,4004,2237,100.00,55.87
20260630_210317_639286,file_creator_viewer,0,terminate,2,33,1,2.980725,0.409868,2237,4004,2237,100.00,55.87
20260630_210317_639286,file_creator_viewer,0,terminate,2,33,2,4.014780,0.113270,2237,4004,2237,100.00,55.87
20260630_210317_639286,file_creator_viewer,0,terminate,2,33,3,3.063464,0.394905,2237,4004,2237,100.00,55.87
20260630_210317_639286,file_creator_viewer,0,terminate,2,33,4,3.507764,0.215711,2237,4004,2237,100.00,55.87
20260630_210317_639286,file_creator_viewer,0,terminate,2,33,5,2.850807,0.128473,2237,4004,2237,100.00,55.87
20260630_210317_639286,file_creator_viewer,0,terminate,2,33,6,3.010438,0.157647,2237,4004,2237,100.00,55.87
20260630_210317_639286,file_creator_viewer,0,terminate,2,33,7,3.943172,0.336702,2237,4004,2237,100.00,55.87
20260630_210317_639286,file_creator_viewer,0,terminate,2,34,0,3.619933,0.177578,2237,4004,2237,100.00,55.87
20260630_210317_639286,file_creator_viewer,0,terminate,2,34,1,4.378104,0.029822,2237,4004,2237,100.00,55.87
20260630_210317_639286,file_creator_viewer,0,terminate,2,34,2,3.560648,0.170565,2237,4004,2237,100.00,55.87
20260630_210317_639286,file_creator_viewer,0,terminate,2,34,3,3.097284,0.030447,2237,4004,2237,100.00,55.87
20260630_210317_639286,file_creator_viewer,0,terminate,2,34,4,5.175835,0.232159,2237,4004,2237,100.00,55.87
20260630_210317_639286,file_creator_viewer,0,terminate,2,34,5,3.583664,0.325511,2237,4004,2237,100.00,55.87
20260630_210317_639286,file_creator_viewer,0,terminate,2,34,6,4.092994,0.068434,2237,4004,2237,100.00,55.87
20260630_210317_639286,file_creator_viewer,0,terminate,2,34,7,4.652666,0.214067,2237,4004,2237,100.00,55.87
20260630_210317_639286,file_creator_viewer,0,terminate,2,35,0,4.273020,0.053199,2237,4004,2237,100.00,55.87
20260630_210317_639286,file_creator_viewer,0,terminate,2,35,1,4.741216,0.010661,2237,4004,2237,100.00,55.87
20260630_210317_639286,file_creator_viewer,0,terminate,2,35,2,4.026925,0.119563,2237,4004,2237,100.00,55.87
20260630_210317_639286,file_creator_viewer,0,terminate,2,35,3,4.612312,0.123142,2237,4004,2237,100.00,55.87
20260630_210317_639286,file_creator_viewer,0,terminate,2,35,4,6.259505,0.049388,2237,4004,2237,100.00,55.87
20260630_210317_639286,file_creator_viewer,0,terminate,2,35,5,4.145773,0.103125,2237,4004,2237,100.00,55.87
20260630_210317_639286,file_creator_viewer,0,terminate,2,35,6,4.277462,0.168261,2237,4004,2237,100.00,55.87
20260630_210317_639286,file_creator_viewer,0,terminate,2,35,7,4.216000,0.027572,2237,4004,2237,100.00,55.87
20260630_210317_639286,file_creator_viewer,0,terminate,2,36,0,3.746675,0.286905,2237,4004,2237,100.00,55.87
20260630_210317_639286,file_creator_viewer,0,terminate,2,36,1,4.426701,0.111213,2237,4004,2237,100.00,55.87
20260630_210317_639286,file_creator_viewer,0,terminate,2,36,2,3.736636,0.616120,2237,4004,2237,100.00,55.87
20260630_210317_639286,file_creator_viewer,0,terminate,2,36,3,3.802535,0.425203,2237,4004,2237,100.00,55.87
20260630_210317_639286,file_creator_viewer,0,terminate,2,36,4,4.031958,0.129005,2237,4004,2237,100.00,55.87
20260630_210317_639286,file_creator_viewer,0,terminate,2,36,5,4.216047,0.005915,2237,4004,2237,100.00,55.87
20260630_210317_639286,file_creator_viewer,0,terminate,2,36,6,3.844182,0.247950,2237,4004,2237,100.00,55.87
20260630_210317_639286,file_creator_viewer,0,terminate,2,36,7,3.238919,0.255096,2237,4004,2237,100.00,55.87
20260630_210317_639286,file_creator_viewer,0,terminate,2,37,0,5.928430,0.089183,2237,4004,2237,100.00,55.87
20260630_210317_639286,file_creator_viewer,0,terminate,2,37,1,4.035580,0.111151,2237,4004,2237,100.00,55.87
20260630_210317_639286,file_creator_viewer,0,terminate,2,37,2,5.018048,0.412663,2237,4004,2237,100.00,55.87
20260630_210317_639286,file_creator_viewer,0,terminate,2,37,3,6.201512,0.079552,2237,4004,2237,100.00,55.87
20260630_210317_639286,file_creator_viewer,0,terminate,2,37,4,4.325823,0.187540,2237,4004,2237,100.00,55.87
20260630_210317_639286,file_creator_viewer,0,terminate,2,37,5,4.394591,-0.126756,2237,4004,2237,100.00,55.87
20260630_210317_639286,file_creator_viewer,0,terminate,2,37,6,6.450963,0.317673,2237,4004,2237,100.00,55.87
20260630_210317_639286,file_creator_viewer,0,terminate,2,37,7,4.876075,0.249499,2237,4004,2237,100.00,55.87
20260630_210317_639286,file_creator_viewer,0,terminate,2,38,0,4.648933,0.049059,2237,4004,2237,100.00,55.87
20260630_210317_639286,file_creator_viewer,0,terminate,2,38,1,3.085362,0.266802,2237,4004,2237,100.00,55.87
20260630_210317_639286,file_creator_viewer,0,terminate,2,38,2,3.526561,0.273160,2237,4004,2237,100.00,55.87
20260630_210317_639286,file_creator_viewer,0,terminate,2,38,3,4.182651,0.192934,2237,4004,2237,100.00,55.87
20260630_210317_639286,file_creator_viewer,0,terminate,2,38,4,5.638638,0.473519,2237,4004,2237,100.00,55.87
20260630_210317_639286,file_creator_viewer,0,terminate,2,38,5,5.105672,-0.060278,2237,4004,2237,100.00,55.87
20260630_210317_639286,file_creator_viewer,0,terminate,2,38,6,4.552464,0.433172,2237,4004,2237,100.00,55.87
20260630_210317_639286,file_creator_viewer,0,terminate,2,38,7,4.570094,0.135200,2237,4004,2237,100.00,55.87
20260630_210317_639286,file_creator_viewer,0,terminate,2,39,0,4.634720,0.246591,2237,4004,2237,100.00,55.87
20260630_210317_639286,file_creator_viewer,0,terminate,2,39,1,4.768742,0.390584,2237,4004,2237,100.00,55.87
20260630_210317_639286,file_creator_viewer,0,terminate,2,39,2,4.628767,0.148693,2237,4004,2237,100.00,55.87
20260630_210317_639286,file_creator_viewer,0,terminate,2,39,3,4.817513,0.132855,2237,4004,2237,100.00,55.87
20260630_210317_639286,file_creator_viewer,0,terminate,2,39,4,4.985426,0.308278,2237,4004,2237,100.00,55.87
20260630_210317_639286,file_creator_viewer,0,terminate,2,39,5,5.779959,0.042839,2237,4004,2237,100.00,55.87
20260630_210317_639286,file_creator_viewer,0,terminate,2,39,6,4.130846,0.270085,2237,4004,2237,100.00,55.87
20260630_210317_639286,file_creator_viewer,0,terminate,2,39,7,4.043730,0.473416,2237,4004,2237,100.00,55.87
20260630_210317_639286,file_creator_viewer,0,terminate,2,40,0,4.543951,0.299216,2237,4004,2237,100.00,55.87
20260630_210317_639286,file_creator_viewer,0,terminate,2,40,1,6.605758,0.202006,2237,4004,2237,100.00,55.87
20260630_210317_639286,file_creator_viewer,0,terminate,2,40,2,5.842362,0.166172,2237,4004,2237,100.00,55.87
20260630_210317_639286,file_creator_viewer,0,terminate,2,40,3,5.009805,0.251075,2237,4004,2237,100.00,55.87
20260630_210317_639286,file_creator_viewer,0,terminate,2,40,4,5.857852,0.392635,2237,4004,2237,100.00,55.87
20260630_210317_639286,file_creator_viewer,0,terminate,2,40,5,7.006197,0.232103,2237,4004,2237,100.00,55.87
20260630_210317_639286,file_creator_viewer,0,terminate,2,40,6,5.156205,0.270619,2237,4004,2237,100.00,55.87
20260630_210317_639286,file_creator_viewer,0,terminate,2,40,7,5.578576,0.308877,2237,4004,2237,100.00,55.87
20260630_210317_639286,file_creator_viewer,0,terminate,2,41,0,7.190516,0.182948,2237,4004,2237,100.00,55.87
20260630_210317_639286,file_creator_viewer,0,terminate,2,41,1,5.114881,-0.001016,2237,4004,2237,100.00,55.87
20260630_210317_639286,file_creator_viewer,0,terminate,2,41,2,5.949535,0.024211,2237,4004,2237,100.00,55.87
20260630_210317_639286,file_creator_viewer,0,terminate,2,41,3,5.117848,0.176593,2237,4004,2237,100.00,55.87
20260630_210317_639286,file_creator_viewer,0,terminate,2,41,4,4.721625,0.283085,2237,4004,2237,100.00,55.87
20260630_210317_639286,file_creator_viewer,0,terminate,2,41,5,5.110557,0.090640,2237,4004,2237,100.00,55.87
20260630_210317_639286,file_creator_viewer,0,terminate,2,41,6,4.523701,0.334308,2237,4004,2237,100.00,55.87
20260630_210317_639286,file_creator_viewer,0,terminate,2,41,7,5.799042,0.280424,2237,4004,2237,100.00,55.87
20260630_210317_639286,file_creator_viewer,0,terminate,2,42,0,6.687256,0.342262,2237,4004,2237,100.00,55.87
20260630_210317_639286,file_creator_viewer,0,terminate,2,42,1,4.828608,0.152507,2237,4004,2237,100.00,55.87
20260630_210317_639286,file_creator_viewer,0,terminate,2,42,2,6.882501,0.042354,2237,4004,2237,100.00,55.87
20260630_210317_639286,file_creator_viewer,0,terminate,2,42,3,7.023062,0.343221,2237,4004,2237,100.00,55.87
20260630_210317_639286,file_creator_viewer,0,terminate,2,42,4,5.053195,-0.002690,2237,4004,2237,100.00,55.87
20260630_210317_639286,file_creator_viewer,0,terminate,2,42,5,6.057589,0.271512,2237,4004,2237,100.00,55.87
20260630_210317_639286,file_creator_viewer,0,terminate,2,42,6,6.859820,0.044973,2237,4004,2237,100.00,55.87
20260630_210317_639286,file_creator_viewer,0,terminate,2,42,7,6.014061,0.232373,2237,4004,2237,100.00,55.87
20260630_210317_639286,file_creator_viewer,0,terminate,2,43,0,5.674045,0.135275,2237,4004,2237,100.00,55.87
20260630_210317_639286,file_creator_viewer,0,terminate,2,43,1,5.974658,0.179513,2237,4004,2237,100.00,55.87
20260630_210317_639286,file_creator_viewer,0,terminate,2,43,2,6.293967,0.114135,2237,4004,2237,100.00,55.87
20260630_210317_639286,file_creator_viewer,0,terminate,2,43,3,6.937170,-0.052605,2237,4004,2237,100.00,55.87
20260630_210317_639286,file_creator_viewer,0,terminate,2,43,4,7.693454,0.250488,2237,4004,2237,100.00,55.87
20260630_210317_639286,file_creator_viewer,0,terminate,2,43,5,8.348239,0.195873,2237,4004,2237,100.00,55.87
20260630_210317_639286,file_creator_viewer,0,terminate,2,43,6,7.526915,-0.035649,2237,4004,2237,100.00,55.87
20260630_210317_639286,file_creator_viewer,0,terminate,2,43,7,7.418193,0.246710,2237,4004,2237,100.00,55.87
20260630_210317_639286,file_creator_viewer,0,terminate,2,44,0,9.180107,0.106065,2237,4004,2237,100.00,55.87
20260630_210317_639286,file_creator_viewer,0,terminate,2,44,1,7.609707,-0.004853,2237,4004,2237,100.00,55.87
20260630_210317_639286,file_creator_viewer,0,terminate,2,44,2,8.177712,0.135344,2237,4004,2237,100.00,55.87
20260630_210317_639286,file_creator_viewer,0,terminate,2,44,3,9.225847,0.071501,2237,4004,2237,100.00,55.87
20260630_210317_639286,file_creator_viewer,0,terminate,2,44,4,8.274362,0.048493,2237,4004,2237,100.00,55.87
20260630_210317_639286,file_creator_viewer,0,terminate,2,44,5,6.282984,0.193854,2237,4004,2237,100.00,55.87
20260630_210317_639286,file_creator_viewer,0,terminate,2,44,6,8.113315,0.253488,2237,4004,2237,100.00,55.87
20260630_210317_639286,file_creator_viewer,0,terminate,2,44,7,8.624133,0.178626,2237,4004,2237,100.00,55.87
20260630_210317_639286,file_creator_viewer,0,terminate,2,45,0,7.501564,0.473928,2237,4004,2237,100.00,55.87
20260630_210317_639286,file_creator_viewer,0,terminate,2,45,1,9.400912,0.299796,2237,4004,2237,100.00,55.87
20260630_210317_639286,file_creator_viewer,0,terminate,2,45,2,7.321501,0.361062,2237,4004,2237,100.00,55.87
20260630_210317_639286,file_creator_viewer,0,terminate,2,45,3,8.426901,-0.041015,2237,4004,2237,100.00,55.87
20260630_210317_639286,file_creator_viewer,0,terminate,2,45,4,6.481095,0.170448,2237,4004,2237,100.00,55.87
20260630_210317_639286,file_creator_viewer,0,terminate,2,45,5,8.166941,0.221907,2237,4004,2237,100.00,55.87
20260630_210317_639286,file_creator_viewer,0,terminate,2,45,6,8.305169,0.019787,2237,4004,2237,100.00,55.87
20260630_210317_639286,file_creator_viewer,0,terminate,2,45,7,6.885436,0.010041,2237,4004,2237,100.00,55.87
20260630_210317_639286,file_creator_viewer,0,terminate,2,46,0,9.805348,0.003579,2237,4004,2237,100.00,55.87
20260630_210317_639286,file_creator_viewer,0,terminate,2,46,1,7.790959,0.196615,2237,4004,2237,100.00,55.87
20260630_210317_639286,file_creator_viewer,0,terminate,2,46,2,10.453428,-0.001526,2237,4004,2237,100.00,55.87
20260630_210317_639286,file_creator_viewer,0,terminate,2,46,3,8.964961,0.232757,2237,4004,2237,100.00,55.87
20260630_210317_639286,file_creator_viewer,0,terminate,2,46,4,6.669348,0.429724,2237,4004,2237,100.00,55.87
20260630_210317_639286,file_creator_viewer,0,terminate,2,46,5,7.986226,0.024648,2237,4004,2237,100.00,55.87
20260630_210317_639286,file_creator_viewer,0,terminate,2,46,6,7.259406,0.026635,2237,4004,2237,100.00,55.87
20260630_210317_639286,file_creator_viewer,0,terminate,2,46,7,10.045129,0.285849,2237,4004,2237,100.00,55.87
20260630_210317_639286,file_creator_viewer,0,terminate,2,47,0,9.436867,0.172885,2237,4004,2237,100.00,55.87
20260630_210317_639286,file_creator_viewer,0,terminate,2,47,1,11.017970,0.212999,2237,4004,2237,100.00,55.87
20260630_210317_639286,file_creator_viewer,0,terminate,2,47,2,10.200519,-0.025511,2237,4004,2237,100.00,55.87
20260630_210317_639286,file_creator_viewer,0,terminate,2,47,3,9.419126,0.083907,2237,4004,2237,100.00,55.87
20260630_210317_639286,file_creator_viewer,0,terminate,2,47,4,8.249910,0.124612,2237,4004,2237,100.00,55.87
20260630_210317_639286,file_creator_viewer,0,terminate,2,47,5,8.280213,0.156578,2237,4004,2237,100.00,55.87
20260630_210317_639286,file_creator_viewer,0,terminate,2,47,6,10.628467,0.065601,2237,4004,2237,100.00,55.87
20260630_210317_639286,file_creator_viewer,0,terminate,2,47,7,10.809229,0.046425,2237,4004,2237,100.00,55.87
20260630_210317_639286,file_creator_viewer,0,terminate,2,48,0,9.336466,0.445591,2237,4004,2237,100.00,55.87
20260630_210317_639286,file_creator_viewer,0,terminate,2,48,1,11.106864,-0.018099,2237,4004,2237,100.00,55.87
20260630_210317_639286,file_creator_viewer,0,terminate,2,48,2,11.491905,0.037485,2237,4004,2237,100.00,55.87
20260630_210317_639286,file_creator_viewer,0,terminate,2,48,3,8.847960,0.082648,2237,4004,2237,100.00,55.87
20260630_210317_639286,file_creator_viewer,0,terminate,2,48,4,5.932853,0.428499,2237,4004,2237,100.00,55.87
20260630_210317_639286,file_creator_viewer,0,terminate,2,48,5,6.418155,0.125529,2237,4004,2237,100.00,55.87
20260630_210317_639286,file_creator_viewer,0,terminate,2,48,6,11.288531,0.078715,2237,4004,2237,100.00,55.87
20260630_210317_639286,file_creator_viewer,0,terminate,2,48,7,9.116253,0.147975,2237,4004,2237,100.00,55.87
20260630_210317_639286,file_creator_viewer,0,terminate,2,49,0,7.896091,-0.013909,2237,4004,2237,100.00,55.87
20260630_210317_639286,file_creator_viewer,0,terminate,2,49,1,10.751788,0.220406,2237,4004,2237,100.00,55.87
20260630_210317_639286,file_creator_viewer,0,terminate,2,49,2,12.294794,-0.017372,2237,4004,2237,100.00,55.87
20260630_210317_639286,file_creator_viewer,0,terminate,2,49,3,10.872252,0.061977,2237,4004,2237,100.00,55.87
20260630_210317_639286,file_creator_viewer,0,terminate,2,49,4,12.013894,0.254446,2237,4004,2237,100.00,55.87
20260630_210317_639286,file_creator_viewer,0,terminate,2,49,5,10.331796,0.082133,2237,4004,2237,100.00,55.87
20260630_210317_639286,file_creator_viewer,0,terminate,2,49,6,10.513477,-0.048550,2237,4004,2237,100.00,55.87
20260630_210317_639286,file_creator_viewer,0,terminate,2,49,7,9.943486,0.197874,2237,4004,2237,100.00,55.87
20260630_210317_639286,file_creator_viewer,0,terminate,2,50,0,13.842603,0.058305,2237,4004,2237,100.00,55.87
20260630_210317_639286,file_creator_viewer,0,terminate,2,50,1,13.093573,0.156866,2237,4004,2237,100.00,55.87
20260630_210317_639286,file_creator_viewer,0,terminate,2,50,2,7.313878,0.135639,2237,4004,2237,100.00,55.87
20260630_210317_639286,file_creator_viewer,0,terminate,2,50,3,10.370310,0.144263,2237,4004,2237,100.00,55.87
20260630_210317_639286,file_creator_viewer,0,terminate,2,50,4,12.167949,0.131844,2237,4004,2237,100.00,55.87
20260630_210317_639286,file_creator_viewer,0,terminate,2,50,5,8.631106,0.113703,2237,4004,2237,100.00,55.87
20260630_210317_639286,file_creator_viewer,0,terminate,2,50,6,11.691373,-0.000302,2237,4004,2237,100.00,55.87
20260630_210317_639286,file_creator_viewer,0,terminate,2,50,7,10.495587,0.265916,2237,4004,2237,100.00,55.87
20260630_210317_639286,file_creator_viewer,0,terminate,2,51,0,15.474339,0.253058,2237,4004,2237,100.00,55.87
20260630_210317_639286,file_creator_viewer,0,terminate,2,51,1,17.632802,-0.091486,2237,4004,2237,100.00,55.87
20260630_210317_639286,file_creator_viewer,0,terminate,2,51,2,23.228057,-0.002469,2237,4004,2237,100.00,55.87
20260630_210317_639286,file_creator_viewer,0,terminate,2,51,3,9.913570,0.291946,2237,4004,2237,100.00,55.87
20260630_210317_639286,file_creator_viewer,0,terminate,2,51,4,14.013749,-0.126845,2237,4004,2237,100.00,55.87
20260630_210317_639286,file_creator_viewer,0,terminate,2,51,5,11.792666,0.104836,2237,4004,2237,100.00,55.87
20260630_210317_639286,file_creator_viewer,0,terminate,2,51,6,10.974084,0.243772,2237,4004,2237,100.00,55.87
20260630_210317_639286,file_creator_viewer,0,terminate,2,51,7,15.614550,0.048150,2237,4004,2237,100.00,55.87
20260630_210317_639286,file_creator_viewer,0,terminate,2,52,0,13.054750,0.116322,2237,4004,2237,100.00,55.87
20260630_210317_639286,file_creator_viewer,0,terminate,2,52,1,8.823515,0.166920,2237,4004,2237,100.00,55.87
20260630_210317_639286,file_creator_viewer,0,terminate,2,52,2,15.474401,0.064572,2237,4004,2237,100.00,55.87
20260630_210317_639286,file_creator_viewer,0,terminate,2,52,3,15.373241,0.073615,2237,4004,2237,100.00,55.87
20260630_210317_639286,file_creator_viewer,0,terminate,2,52,4,16.462608,0.177856,2237,4004,2237,100.00,55.87
20260630_210317_639286,file_creator_viewer,0,terminate,2,52,5,17.948694,0.103708,2237,4004,2237,100.00,55.87
20260630_210317_639286,file_creator_viewer,0,terminate,2,52,6,14.462835,0.061736,2237,4004,2237,100.00,55.87
20260630_210317_639286,file_creator_viewer,0,terminate,2,52,7,14.420399,-0.018035,2237,4004,2237,100.00,55.87
20260630_210317_639286,file_creator_viewer,0,terminate,2,53,0,16.357341,0.044987,2237,4004,2237,100.00,55.87
20260630_210317_639286,file_creator_viewer,0,terminate,2,53,1,22.598081,0.039030,2237,4004,2237,100.00,55.87
20260630_210317_639286,file_creator_viewer,0,terminate,2,53,2,15.064211,-0.008004,2237,4004,2237,100.00,55.87
20260630_210317_639286,file_creator_viewer,0,terminate,2,53,3,17.488202,0.084682,2237,4004,2237,100.00,55.87
20260630_210317_639286,file_creator_viewer,0,terminate,2,53,4,18.427110,0.190465,2237,4004,2237,100.00,55.87
20260630_210317_639286,file_creator_viewer,0,terminate,2,53,5,23.616173,-0.015089,2237,4004,2237,100.00,55.87
20260630_210317_639286,file_creator_viewer,0,terminate,2,53,6,14.859205,0.016792,2237,4004,2237,100.00,55.87
20260630_210317_639286,file_creator_viewer,0,terminate,2,53,7,19.553253,0.267785,2237,4004,2237,100.00,55.87
20260630_210317_639286,file_creator_viewer,0,terminate,2,54,0,19.498898,0.068866,2237,4004,2237,100.00,55.87
20260630_210317_639286,file_creator_viewer,0,terminate,2,54,1,12.523251,0.187136,2237,4004,2237,100.00,55.87
20260630_210317_639286,file_creator_viewer,0,terminate,2,54,2,20.351309,0.017228,2237,4004,2237,100.00,55.87
20260630_210317_639286,file_creator_viewer,0,terminate,2,54,3,20.365050,0.335296,2237,4004,2237,100.00,55.87
20260630_210317_639286,file_creator_viewer,0,terminate,2,54,4,24.970444,0.035369,2237,4004,2237,100.00,55.87
20260630_210317_639286,file_creator_viewer,0,terminate,2,54,5,19.273377,0.045257,2237,4004,2237,100.00,55.87
20260630_210317_639286,file_creator_viewer,0,terminate,2,54,6,23.176952,-0.035505,2237,4004,2237,100.00,55.87
20260630_210317_639286,file_creator_viewer,0,terminate,2,54,7,39.406841,0.063584,2237,4004,2237,100.00,55.87
20260630_210317_639286,file_creator_viewer,0,terminate,2,55,0,19.607488,0.173551,2237,4004,2237,100.00,55.87
20260630_210317_639286,file_creator_viewer,0,terminate,2,55,1,21.799820,0.145180,2237,4004,2237,100.00,55.87
20260630_210317_639286,file_creator_viewer,0,terminate,2,55,2,20.102242,0.120489,2237,4004,2237,100.00,55.87
20260630_210317_639286,file_creator_viewer,0,terminate,2,55,3,21.507278,0.171157,2237,4004,2237,100.00,55.87
20260630_210317_639286,file_creator_viewer,0,terminate,2,55,4,19.121246,0.325701,2237,4004,2237,100.00,55.87
20260630_210317_639286,file_creator_viewer,0,terminate,2,55,5,25.126054,0.036987,2237,4004,2237,100.00,55.87
20260630_210317_639286,file_creator_viewer,0,terminate,2,55,6,22.539324,0.149362,2237,4004,2237,100.00,55.87
20260630_210317_639286,file_creator_viewer,0,terminate,2,55,7,27.048562,-0.172123,2237,4004,2237,100.00,55.87
20260630_210317_639286,file_creator_viewer,0,terminate,2,56,0,23.510961,0.007252,2237,4004,2237,100.00,55.87
20260630_210317_639286,file_creator_viewer,0,terminate,2,56,1,22.644762,0.053535,2237,4004,2237,100.00,55.87
20260630_210317_639286,file_creator_viewer,0,terminate,2,56,2,22.826702,0.055398,2237,4004,2237,100.00,55.87
20260630_210317_639286,file_creator_viewer,0,terminate,2,56,3,27.716439,0.190681,2237,4004,2237,100.00,55.87
20260630_210317_639286,file_creator_viewer,0,terminate,2,56,4,36.189550,0.208942,2237,4004,2237,100.00,55.87
20260630_210317_639286,file_creator_viewer,0,terminate,2,56,5,28.359913,0.025457,2237,4004,2237,100.00,55.87
20260630_210317_639286,file_creator_viewer,0,terminate,2,56,6,29.165132,0.149399,2237,4004,2237,100.00,55.87
20260630_210317_639286,file_creator_viewer,0,terminate,2,56,7,30.525742,0.201540,2237,4004,2237,100.00,55.87
20260630_210317_639286,file_creator_viewer,0,terminate,2,57,0,33.835173,-0.052004,2237,4004,2237,100.00,55.87
20260630_210317_639286,file_creator_viewer,0,terminate,2,57,1,23.903305,0.139489,2237,4004,2237,100.00,55.87
20260630_210317_639286,file_creator_viewer,0,terminate,2,57,2,32.339772,0.063916,2237,4004,2237,100.00,55.87
20260630_210317_639286,file_creator_viewer,0,terminate,2,57,3,30.082441,0.006690,2237,4004,2237,100.00,55.87
20260630_210317_639286,file_creator_viewer,0,terminate,2,57,4,24.566857,0.059570,2237,4004,2237,100.00,55.87
20260630_210317_639286,file_creator_viewer,0,terminate,2,57,5,31.972728,0.067962,2237,4004,2237,100.00,55.87
20260630_210317_639286,file_creator_viewer,0,terminate,2,57,6,33.586280,-0.134334,2237,4004,2237,100.00,55.87
20260630_210317_639286,file_creator_viewer,0,terminate,2,57,7,28.907190,0.085487,2237,4004,2237,100.00,55.87
20260630_210317_639286,file_creator_viewer,0,terminate,2,58,0,49.349864,-0.070132,2237,4004,2237,100.00,55.87
20260630_210317_639286,file_creator_viewer,0,terminate,2,58,1,32.640647,-0.042058,2237,4004,2237,100.00,55.87
20260630_210317_639286,file_creator_viewer,0,terminate,2,58,2,33.641536,0.086666,2237,4004,2237,100.00,55.87
20260630_210317_639286,file_creator_viewer,0,terminate,2,58,3,37.415236,-0.062610,2237,4004,2237,100.00,55.87
20260630_210317_639286,file_creator_viewer,0,terminate,2,58,4,56.012922,-0.031116,2237,4004,2237,100.00,55.87
20260630_210317_639286,file_creator_viewer,0,terminate,2,58,5,38.295693,0.033641,2237,4004,2237,100.00,55.87
20260630_210317_639286,file_creator_viewer,0,terminate,2,58,6,42.553170,-0.121848,2237,4004,2237,100.00,55.87
20260630_210317_639286,file_creator_viewer,0,terminate,2,58,7,33.423913,0.083014,2237,4004,2237,100.00,55.87
20260630_210317_639286,file_creator_viewer,0,terminate,2,59,0,43.787060,0.008052,2237,4004,2237,100.00,55.87
20260630_210317_639286,file_creator_viewer,0,terminate,2,59,1,45.223563,-0.045198,2237,4004,2237,100.00,55.87
20260630_210317_639286,file_creator_viewer,0,terminate,2,59,2,44.345197,-0.065143,2237,4004,2237,100.00,55.87
20260630_210317_639286,file_creator_viewer,0,terminate,2,59,3,39.767763,-0.013083,2237,4004,2237,100.00,55.87
20260630_210317_639286,file_creator_viewer,0,terminate,2,59,4,36.047383,0.168915,2237,4004,2237,100.00,55.87
20260630_210317_639286,file_creator_viewer,0,terminate,2,59,5,31.805200,0.227220,2237,4004,2237,100.00,55.87
20260630_210317_639286,file_creator_viewer,0,terminate,2,59,6,44.762092,0.022606,2237,4004,2237,100.00,55.87
20260630_210317_639286,file_creator_viewer,0,terminate,2,59,7,31.466232,0.082083,2237,4004,2237,100.00,55.87
20260630_210317_639286,file_creator_viewer,0,terminate,2,60,0,34.603636,0.271390,2237,4004,2237,100.00,55.87
20260630_210317_639286,file_creator_viewer,0,terminate,2,60,1,51.755590,0.423214,2237,4004,2237,100.00,55.87
20260630_210317_639286,file_creator_viewer,0,terminate,2,60,2,34.850719,0.045079,2237,4004,2237,100.00,55.87
20260630_210317_639286,file_creator_viewer,0,terminate,2,60,3,54.807290,0.127658,2237,4004,2237,100.00,55.87
20260630_210317_639286,file_creator_viewer,0,terminate,2,60,4,38.597465,0.147745,2237,4004,2237,100.00,55.87
20260630_210317_639286,file_creator_viewer,0,terminate,2,60,5,39.220548,0.057312,2237,4004,2237,100.00,55.87
20260630_210317_639286,file_creator_viewer,0,terminate,2,60,6,49.194007,0.121371,2237,4004,2237,100.00,55.87
20260630_210317_639286,file_creator_viewer,0,terminate,2,60,7,47.372487,0.040200,2237,4004,2237,100.00,55.87
20260630_210317_639286,file_creator_viewer,0,terminate,2,61,0,51.334579,0.055325,2237,4004,2237,100.00,55.87
20260630_210317_639286,file_creator_viewer,0,terminate,2,61,1,49.678197,0.030625,2237,4004,2237,100.00,55.87
20260630_210317_639286,file_creator_viewer,0,terminate,2,61,2,52.395436,0.157560,2237,4004,2237,100.00,55.87
20260630_210317_639286,file_creator_viewer,0,terminate,2,61,3,52.649460,0.047055,2237,4004,2237,100.00,55.87
20260630_210317_639286,file_creator_viewer,0,terminate,2,61,4,54.668929,0.212516,2237,4004,2237,100.00,55.87
20260630_210317_639286,file_creator_viewer,0,terminate,2,61,5,43.910841,0.192517,2237,4004,2237,100.00,55.87
20260630_210317_639286,file_creator_viewer,0,terminate,2,61,6,49.955618,0.198938,2237,4004,2237,100.00,55.87
20260630_210317_639286,file_creator_viewer,0,terminate,2,61,7,52.719839,0.304494,2237,4004,2237,100.00,55.87
20260630_210317_639286,file_creator_viewer,0,terminate,2,62,0,58.387093,0.413018,2237,4004,2237,100.00,55.87
20260630_210317_639286,file_creator_viewer,0,terminate,2,62,1,45.350065,0.148046,2237,4004,2237,100.00,55.87
20260630_210317_639286,file_creator_viewer,0,terminate,2,62,2,44.048115,0.191708,2237,4004,2237,100.00,55.87
20260630_210317_639286,file_creator_viewer,0,terminate,2,62,3,48.739445,0.029110,2237,4004,2237,100.00,55.87
20260630_210317_639286,file_creator_viewer,0,terminate,2,62,4,39.976010,0.136270,2237,4004,2237,100.00,55.87
20260630_210317_639286,file_creator_viewer,0,terminate,2,62,5,42.044409,0.097440,2237,4004,2237,100.00,55.87
20260630_210317_639286,file_creator_viewer,0,terminate,2,62,6,52.516098,0.428830,2237,4004,2237,100.00,55.87
20260630_210317_639286,file_creator_viewer,0,terminate,2,62,7,48.220861,0.169846,2237,4004,2237,100.00,55.87
20260630_210317_639286,file_creator_viewer,0,terminate,2,63,0,30.713549,0.236766,2237,4004,2237,100.00,55.87
20260630_210317_639286,file_creator_viewer,0,terminate,2,63,1,32.628806,0.018742,2237,4004,2237,100.00,55.87
20260630_210317_639286,file_creator_viewer,0,terminate,2,63,2,44.780808,0.156611,2237,4004,2237,100.00,55.87
20260630_210317_639286,file_creator_viewer,0,terminate,2,63,3,30.380478,0.092630,2237,4004,2237,100.00,55.87
20260630_210317_639286,file_creator_viewer,0,terminate,2,63,4,34.175739,0.267783,2237,4004,2237,100.00,55.87
20260630_210317_639286,file_creator_viewer,0,terminate,2,63,5,43.979534,0.401150,2237,4004,2237,100.00,55.87
20260630_210317_639286,file_creator_viewer,0,terminate,2,63,6,35.388644,0.008343,2237,4004,2237,100.00,55.87
20260630_210317_639286,file_creator_viewer,0,terminate,2,63,7,32.455468,0.435048,2237,4004,2237,100.00,55.87
20260630_210317_639286,file_saver,1,terminate,2,0,0,0.200452,0.128219,3207,4004,3207,100.00,80.09
20260630_210317_639286,file_saver,1,terminate,2,0,1,0.301593,0.241163,3207,4004,3207,100.00,80.09
20260630_210317_639286,file_saver,1,terminate,2,0,2,0.236570,0.601370,3207,4004,3207,100.00,80.09
20260630_210317_639286,file_saver,1,terminate,2,0,3,0.417867,0.059524,3207,4004,3207,100.00,80.09
20260630_210317_639286,file_saver,1,terminate,2,0,4,0.301513,0.655603,3207,4004,3207,100.00,80.09
20260630_210317_639286,file_saver,1,terminate,2,0,5,0.247105,0.170601,3207,4004,3207,100.00,80.09
20260630_210317_639286,file_saver,1,terminate,2,0,6,0.244763,0.222605,3207,4004,3207,100.00,80.09
20260630_210317_639286,file_saver,1,terminate,2,0,7,0.236869,0.551104,3207,4004,3207,100.00,80.09
20260630_210317_639286,file_saver,1,terminate,2,1,0,0.407544,0.141604,3207,4004,3207,100.00,80.09
20260630_210317_639286,file_saver,1,terminate,2,1,1,0.239385,0.023583,3207,4004,3207,100.00,80.09
20260630_210317_639286,file_saver,1,terminate,2,1,2,0.349336,-0.152062,3207,4004,3207,100.00,80.09
20260630_210317_639286,file_saver,1,terminate,2,1,3,0.393633,0.109460,3207,4004,3207,100.00,80.09
20260630_210317_639286,file_saver,1,terminate,2,1,4,0.373732,0.101584,3207,4004,3207,100.00,80.09
20260630_210317_639286,file_saver,1,terminate,2,1,5,0.269246,0.125461,3207,4004,3207,100.00,80.09
20260630_210317_639286,file_saver,1,terminate,2,1,6,0.322142,0.125155,3207,4004,3207,100.00,80.09
20260630_210317_639286,file_saver,1,terminate,2,1,7,0.416995,0.610548,3207,4004,3207,100.00,80.09
20260630_210317_639286,file_saver,1,terminate,2,2,0,0.604234,-0.060834,3207,4004,3207,100.00,80.09
20260630_210317_639286,file_saver,1,terminate,2,2,1,0.584954,-0.257595,3207,4004,3207,100.00,80.09
20260630_210317_639286,file_saver,1,terminate,2,2,2,0.402289,0.007812,3207,4004,3207,100.00,80.09
20260630_210317_639286,file_saver,1,terminate,2,2,3,0.362794,0.134530,3207,4004,3207,100.00,80.09
20260630_210317_639286,file_saver,1,terminate,2,2,4,0.375767,0.229149,3207,4004,3207,100.00,80.09
20260630_210317_639286,file_saver,1,terminate,2,2,5,0.477184,-0.084259,3207,4004,3207,100.00,80.09
20260630_210317_639286,file_saver,1,terminate,2,2,6,0.431460,-0.102699,3207,4004,3207,100.00,80.09
20260630_210317_639286,file_saver,1,terminate,2,2,7,0.610192,-0.076420,3207,4004,3207,100.00,80.09
20260630_210317_639286,file_saver,1,terminate,2,3,0,0.702490,0.106672,3207,4004,3207,100.00,80.09
20260630_210317_639286,file_saver,1,terminate,2,3,1,0.418184,0.244536,3207,4004,3207,100.00,80.09
20260630_210317_639286,file_saver,1,terminate,2,3,2,0.603912,0.063258,3207,4004,3207,100.00,80.09
20260630_210317_639286,file_saver,1,terminate,2,3,3,0.576830,-0.081490,3207,4004,3207,100.00,80.09
20260630_210317_639286,file_saver,1,terminate,2,3,4,0.634059,-0.154723,3207,4004,3207,100.00,80.09
20260630_210317_639286,file_saver,1,terminate,2,3,5,0.572098,0.085586,3207,4004,3207,100.00,80.09
20260630_210317_639286,file_saver,1,terminate,2,3,6,0.422670,0.153698,3207,4004,3207,100.00,80.09
20260630_210317_639286,file_saver,1,terminate,2,3,7,0.716616,0.043282,3207,4004,3207,100.00,80.09
20260630_210317_639286,file_saver,1,terminate,2,4,0,0.668982,-0.110053,3207,4004,3207,100.00,80.09
20260630_210317_639286,file_saver,1,terminate,2,4,1,0.586783,0.172336,3207,4004,3207,100.00,80.09
20260630_210317_639286,file_saver,1,terminate,2,4,2,0.603645,0.422173,3207,4004,3207,100.00,80.09
20260630_210317_639286,file_saver,1,terminate,2,4,3,0.650702,-0.027040,3207,4004,3207,100.00,80.09
20260630_210317_639286,file_saver,1,terminate,2,4,4,0.667556,0.090006,3207,4004,3207,100.00,80.09
20260630_210317_639286,file_saver,1,terminate,2,4,5,0.587508,-0.000621,3207,4004,3207,100.00,80.09
20260630_210317_639286,file_saver,1,terminate,2,4,6,0.633043,0.110362,3207,4004,3207,100.00,80.09
20260630_210317_639286,file_saver,1,terminate,2,4,7,0.480056,0.210358,3207,4004,3207,100.00,80.09
20260630_210317_639286,file_saver,1,terminate,2,5,0,0.854437,-0.046801,3207,4004,3207,100.00,80.09
20260630_210317_639286,file_saver,1,terminate,2,5,1,0.669796,0.106866,3207,4004,3207,100.00,80.09
20260630_210317_639286,file_saver,1,terminate,2,5,2,0.570955,0.167647,3207,4004,3207,100.00,80.09
20260630_210317_639286,file_saver,1,terminate,2,5,3,0.780328,0.382338,3207,4004,3207,100.00,80.09
20260630_210317_639286,file_saver,1,terminate,2,5,4,0.667975,0.325151,3207,4004,3207,100.00,80.09
20260630_210317_639286,file_saver,1,terminate,2,5,5,0.477306,0.199715,3207,4004,3207,100.00,80.09
20260630_210317_639286,file_saver,1,terminate,2,5,6,0.629783,0.444061,3207,4004,3207,100.00,80.09
20260630_210317_639286,file_saver,1,terminate,2,5,7,0.622600,-0.027258,3207,4004,3207,100.00,80.09
20260630_210317_639286,file_saver,1,terminate,2,6,0,0.929553,0.061929,3207,4004,3207,100.00,80.09
20260630_210317_639286,file_saver,1,terminate,2,6,1,0.515494,0.376517,3207,4004,3207,100.00,80.09
20260630_210317_639286,file_saver,1,terminate,2,6,2,0.857226,-0.052814,3207,4004,3207,100.00,80.09
20260630_210317_639286,file_saver,1,terminate,2,6,3,0.548442,0.216529,3207,4004,3207,100.00,80.09
20260630_210317_639286,file_saver,1,terminate,2,6,4,0.689457,0.072552,3207,4004,3207,100.00,80.09
20260630_210317_639286,file_saver,1,terminate,2,6,5,0.765536,0.334306,3207,4004,3207,100.00,80.09
20260630_210317_639286,file_saver,1,terminate,2,6,6,0.795425,0.115426,3207,4004,3207,100.00,80.09
20260630_210317_639286,file_saver,1,terminate,2,6,7,0.742678,0.111675,3207,4004,3207,100.00,80.09
20260630_210317_639286,file_saver,1,terminate,2,7,0,1.719236,0.226655,3207,4004,3207,100.00,80.09
20260630_210317_639286,file_saver,1,terminate,2,7,1,1.700778,-0.013746,3207,4004,3207,100.00,80.09
20260630_210317_639286,file_saver,1,terminate,2,7,2,1.359664,0.469976,3207,4004,3207,100.00,80.09
20260630_210317_639286,file_saver,1,terminate,2,7,3,1.123269,0.151551,3207,4004,3207,100.00,80.09
20260630_210317_639286,file_saver,1,terminate,2,7,4,1.665549,0.165913,3207,4004,3207,100.00,80.09
20260630_210317_639286,file_saver,1,terminate,2,7,5,1.346113,-0.003761,3207,4004,3207,100.00,80.09
20260630_210317_639286,file_saver,1,terminate,2,7,6,1.792005,0.071112,3207,4004,3207,100.00,80.09
20260630_210317_639286,file_saver,1,terminate,2,7,7,1.854451,0.191619,3207,4004,3207,100.00,80.09
20260630_210317_639286,file_saver,1,terminate,2,8,0,1.282454,0.326850,3207,4004,3207,100.00,80.09
20260630_210317_639286,file_saver,1,terminate,2,8,1,1.750633,-0.037977,3207,4004,3207,100.00,80.09
20260630_210317_639286,file_saver,1,terminate,2,8,2,1.517449,0.091397,3207,4004,3207,100.00,80.09
20260630_210317_639286,file_saver,1,terminate,2,8,3,1.350618,0.166267,3207,4004,3207,100.00,80.09
20260630_210317_639286,file_saver,1,terminate,2,8,4,1.556862,0.099527,3207,4004,3207,100.00,80.09
20260630_210317_639286,file_saver,1,terminate,2,8,5,1.236532,0.135991,3207,4004,3207,100.00,80.09
20260630_210317_639286,file_saver,1,terminate,2,8,6,1.232679,0.318410,3207,4004,3207,100.00,80.09
20260630_210317_639286,file_saver,1,terminate,2,8,7,1.253590,0.192910,3207,4004,3207,100.00,80.09
20260630_210317_639286,file_saver,1,terminate,2,9,0,1.141641,0.392444,3207,4004,3207,100.00,80.09
20260630_210317_639286,file_saver,1,terminate,2,9,1,1.045295,0.228315,3207,4004,3207,100.00,80.09
20260630_210317_639286,file_saver,1,terminate,2,9,2,1.272193,-0.005898,3207,4004,3207,100.00,80.09
20260630_210317_639286,file_saver,1,terminate,2,9,3,1.143878,0.206323,3207,4004,3207,100.00,80.09
20260630_210317_639286,file_saver,1,terminate,2,9,4,1.215027,0.191063,3207,4004,3207,100.00,80.09
20260630_210317_639286,file_saver,1,terminate,2,9,5,0.949077,0.130165,3207,4004,3207,100.00,80.09
20260630_210317_639286,file_saver,1,terminate,2,9,6,1.003010,0.317318,3207,4004,3207,100.00,80.09
20260630_210317_639286,file_saver,1,terminate,2,9,7,0.862779,0.367848,3207,4004,3207,100.00,80.09
20260630_210317_639286,file_saver,1,terminate,2,10,0,1.457855,0.213832,3207,4004,3207,100.00,80.09
20260630_210317_639286,file_saver,1,terminate,2,10,1,1.364796,0.014163,3207,4004,3207,100.00,80.09
20260630_210317_639286,file_saver,1,terminate,2,10,2,1.298117,0.225187,3207,4004,3207,100.00,80.09
20260630_210317_639286,file_saver,1,terminate,2,10,3,1.047188,-0.016909,3207,4004,3207,100.00,80.09
20260630_210317_639286,file_saver,1,terminate,2,10,4,1.657498,0.185239,3207,4004,3207,100.00,80.09
20260630_210317_639286,file_saver,1,terminate,2,10,5,1.182695,0.374495,3207,4004,3207,100.00,80.09
20260630_210317_639286,file_saver,1,terminate,2,10,6,1.242278,0.137448,3207,4004,3207,100.00,80.09
20260630_210317_639286,file_saver,1,terminate,2,10,7,1.612180,-0.061691,3207,4004,3207,100.00,80.09
20260630_210317_639286,file_saver,1,terminate,2,11,0,1.402206,0.076954,3207,4004,3207,100.00,80.09
20260630_210317_639286,file_saver,1,terminate,2,11,1,1.483582,-0.102578,3207,4004,3207,100.00,80.09
20260630_210317_639286,file_saver,1,terminate,2,11,2,1.180886,0.202874,3207,4004,3207,100.00,80.09
20260630_210317_639286,file_saver,1,terminate,2,11,3,1.692837,0.065677,3207,4004,3207,100.00,80.09
20260630_210317_639286,file_saver,1,terminate,2,11,4,2.020409,0.176106,3207,4004,3207,100.00,80.09
20260630_210317_639286,file_saver,1,terminate,2,11,5,1.445866,0.153391,3207,4004,3207,100.00,80.09
20260630_210317_639286,file_saver,1,terminate,2,11,6,1.626957,0.193583,3207,4004,3207,100.00,80.09
20260630_210317_639286,file_saver,1,terminate,2,11,7,1.414707,0.168344,3207,4004,3207,100.00,80.09
20260630_210317_639286,file_saver,1,terminate,2,12,0,1.166013,0.227768,3207,4004,3207,100.00,80.09
20260630_210317_639286,file_saver,1,terminate,2,12,1,1.811990,0.218213,3207,4004,3207,100.00,80.09
20260630_210317_639286,file_saver,1,terminate,2,12,2,1.612243,0.357848,3207,4004,3207,100.00,80.09
20260630_210317_639286,file_saver,1,terminate,2,12,3,1.263635,0.368241,3207,4004,3207,100.00,80.09
20260630_210317_639286,file_saver,1,terminate,2,12,4,1.538509,0.142495,3207,4004,3207,100.00,80.09
20260630_210317_639286,file_saver,1,terminate,2,12,5,1.872489,-0.022939,3207,4004,3207,100.00,80.09
20260630_210317_639286,file_saver,1,terminate,2,12,6,1.715199,0.173684,3207,4004,3207,100.00,80.09
20260630_210317_639286,file_saver,1,terminate,2,12,7,1.642266,0.042965,3207,4004,3207,100.00,80.09
20260630_210317_639286,file_saver,1,terminate,2,13,0,1.949094,0.125241,3207,4004,3207,100.00,80.09
20260630_210317_639286,file_saver,1,terminate,2,13,1,2.008538,0.068903,3207,4004,3207,100.00,80.09
20260630_210317_639286,file_saver,1,terminate,2,13,2,2.038338,0.350397,3207,4004,3207,100.00,80.09
20260630_210317_639286,file_saver,1,terminate,2,13,3,2.475154,0.167890,3207,4004,3207,100.00,80.09
20260630_210317_639286,file_saver,1,terminate,2,13,4,1.990990,0.146306,3207,4004,3207,100.00,80.09
20260630_210317_639286,file_saver,1,terminate,2,13,5,1.605623,0.177256,3207,4004,3207,100.00,80.09
20260630_210317_639286,file_saver,1,terminate,2,13,6,2.420111,0.218530,3207,4004,3207,100.00,80.09
20260630_210317_639286,file_saver,1,terminate,2,13,7,1.514343,0.338844,3207,4004,3207,100.00,80.09
20260630_210317_639286,file_saver,1,terminate,2,14,0,1.333316,0.228742,3207,4004,3207,100.00,80.09
20260630_210317_639286,file_saver,1,terminate,2,14,1,1.412789,0.090350,3207,4004,3207,100.00,80.09
20260630_210317_639286,file_saver,1,terminate,2,14,2,1.277125,0.057428,3207,4004,3207,100.00,80.09
20260630_210317_639286,file_saver,1,terminate,2,14,3,1.290162,0.362167,3207,4004,3207,100.00,80.09
20260630_210317_639286,file_saver,1,terminate,2,14,4,1.568734,0.313671,3207,4004,3207,100.00,80.09
20260630_210317_639286,file_saver,1,terminate,2,14,5,1.455586,-0.057799,3207,4004,3207,100.00,80.09
20260630_210317_639286,file_saver,1,terminate,2,14,6,1.772881,0.322559,3207,4004,3207,100.00,80.09
20260630_210317_639286,file_saver,1,terminate,2,14,7,1.344195,0.153247,3207,4004,3207,100.00,80.09
20260630_210317_639286,file_saver,1,terminate,2,15,0,1.463045,0.227816,3207,4004,3207,100.00,80.09
20260630_210317_639286,file_saver,1,terminate,2,15,1,1.668882,0.276975,3207,4004,3207,100.00,80.09
20260630_210317_639286,file_saver,1,terminate,2,15,2,1.684858,0.120053,3207,4004,3207,100.00,80.09
20260630_210317_639286,file_saver,1,terminate,2,15,3,1.507693,0.159957,3207,4004,3207,100.00,80.09
20260630_210317_639286,file_saver,1,terminate,2,15,4,1.654765,0.233506,3207,4004,3207,100.00,80.09
20260630_210317_639286,file_saver,1,terminate,2,15,5,1.920695,0.089247,3207,4004,3207,100.00,80.09
20260630_210317_639286,file_saver,1,terminate,2,15,6,1.461337,0.296134,3207,4004,3207,100.00,80.09
20260630_210317_639286,file_saver,1,terminate,2,15,7,1.425696,0.368000,3207,4004,3207,100.00,80.09
20260630_210317_639286,file_saver,1,terminate,2,16,0,1.392218,0.179383,3207,4004,3207,100.00,80.09
20260630_210317_639286,file_saver,1,terminate,2,16,1,1.328113,0.057809,3207,4004,3207,100.00,80.09
20260630_210317_639286,file_saver,1,terminate,2,16,2,1.906708,0.191797,3207,4004,3207,100.00,80.09
20260630_210317_639286,file_saver,1,terminate,2,16,3,1.494956,0.133934,3207,4004,3207,100.00,80.09
20260630_210317_639286,file_saver,1,terminate,2,16,4,1.935353,0.281026,3207,4004,3207,100.00,80.09
20260630_210317_639286,file_saver,1,terminate,2,16,5,2.216615,0.147686,3207,4004,3207,100.00,80.09
20260630_210317_639286,file_saver,1,terminate,2,16,6,1.723790,0.229219,3207,4004,3207,100.00,80.09
20260630_210317_639286,file_saver,1,terminate,2,16,7,1.525263,0.197069,3207,4004,3207,100.00,80.09
20260630_210317_639286,file_saver,1,terminate,2,17,0,1.771159,0.203480,3207,4004,3207,100.00,80.09
20260630_210317_639286,file_saver,1,terminate,2,17,1,1.148567,0.244715,3207,4004,3207,100.00,80.09
20260630_210317_639286,file_saver,1,terminate,2,17,2,2.229321,-0.022507,3207,4004,3207,100.00,80.09
20260630_210317_639286,file_saver,1,terminate,2,17,3,1.618059,0.177964,3207,4004,3207,100.00,80.09
20260630_210317_639286,file_saver,1,terminate,2,17,4,1.622366,0.292487,3207,4004,3207,100.00,80.09
20260630_210317_639286,file_saver,1,terminate,2,17,5,1.620066,0.312965,3207,4004,3207,100.00,80.09
20260630_210317_639286,file_saver,1,terminate,2,17,6,1.746972,0.371063,3207,4004,3207,100.00,80.09
20260630_210317_639286,file_saver,1,terminate,2,17,7,1.904765,0.237131,3207,4004,3207,100.00,80.09
20260630_210317_639286,file_saver,1,terminate,2,18,0,3.103478,0.069766,3207,4004,3207,100.00,80.09
20260630_210317_639286,file_saver,1,terminate,2,18,1,1.810101,0.022835,3207,4004,3207,100.00,80.09
20260630_210317_639286,file_saver,1,terminate,2,18,2,2.418183,-0.008838,3207,4004,3207,100.00,80.09
20260630_210317_639286,file_saver,1,terminate,2,18,3,2.023699,0.326272,3207,4004,3207,100.00,80.09
20260630_210317_639286,file_saver,1,terminate,2,18,4,1.661314,0.297216,3207,4004,3207,100.00,80.09
20260630_210317_639286,file_saver,1,terminate,2,18,5,2.112597,0.238106,3207,4004,3207,100.00,80.09
20260630_210317_639286,file_saver,1,terminate,2,18,6,1.983754,0.049194,3207,4004,3207,100.00,80.09
20260630_210317_639286,file_saver,1,terminate,2,18,7,1.799800,0.194787,3207,4004,3207,100.00,80.09
20260630_210317_639286,file_saver,1,terminate,2,19,0,1.825071,0.282207,3207,4004,3207,100.00,80.09
20260630_210317_639286,file_saver,1,terminate,2,19,1,1.837978,0.208957,3207,4004,3207,100.00,80.09
20260630_210317_639286,file_saver,1,terminate,2,19,2,1.965477,0.092117,3207,4004,3207,100.00,80.09
20260630_210317_639286,file_saver,1,terminate,2,19,3,2.203560,0.174168,3207,4004,3207,100.00,80.09
20260630_210317_639286,file_saver,1,terminate,2,19,4,2.229369,0.155042,3207,4004,3207,100.00,80.09
20260630_210317_639286,file_saver,1,terminate,2,19,5,1.996763,0.197319,3207,4004,3207,100.00,80.09
20260630_210317_639286,file_saver,1,terminate,2,19,6,2.222480,0.162570,3207,4004,3207,100.00,80.09
20260630_210317_639286,file_saver,1,terminate,2,19,7,2.057656,0.171559,3207,4004,3207,100.00,80.09
20260630_210317_639286,file_saver,1,terminate,2,20,0,3.004326,0.003962,3207,4004,3207,100.00,80.09
20260630_210317_639286,file_saver,1,terminate,2,20,1,2.535620,0.074991,3207,4004,3207,100.00,80.09
20260630_210317_639286,file_saver,1,terminate,2,20,2,2.600265,0.333478,3207,4004,3207,100.00,80.09
20260630_210317_639286,file_saver,1,terminate,2,20,3,2.614281,0.264763,3207,4004,3207,100.00,80.09
20260630_210317_639286,file_saver,1,terminate,2,20,4,2.641312,0.150033,3207,4004,3207,100.00,80.09
20260630_210317_639286,file_saver,1,terminate,2,20,5,2.080515,0.307691,3207,4004,3207,100.00,80.09
20260630_210317_639286,file_saver,1,terminate,2,20,6,2.119524,0.249421,3207,4004,3207,100.00,80.09
20260630_210317_639286,file_saver,1,terminate,2,20,7,2.806404,0.226226,3207,4004,3207,100.00,80.09
20260630_210317_639286,file_saver,1,terminate,2,21,0,2.642810,0.399106,3207,4004,3207,100.00,80.09
20260630_210317_639286,file_saver,1,terminate,2,21,1,3.494331,0.289491,3207,4004,3207,100.00,80.09
20260630_210317_639286,file_saver,1,terminate,2,21,2,2.480416,0.399172,3207,4004,3207,100.00,80.09
20260630_210317_639286,file_saver,1,terminate,2,21,3,2.806669,0.121822,3207,4004,3207,100.00,80.09
20260630_210317_639286,file_saver,1,terminate,2,21,4,2.738572,0.135757,3207,4004,3207,100.00,80.09
20260630_210317_639286,file_saver,1,terminate,2,21,5,2.295416,0.147882,3207,4004,3207,100.00,80.09
20260630_210317_639286,file_saver,1,terminate,2,21,6,2.648950,0.157189,3207,4004,3207,100.00,80.09
20260630_210317_639286,file_saver,1,terminate,2,21,7,2.471368,0.095101,3207,4004,3207,100.00,80.09
20260630_210317_639286,file_saver,1,terminate,2,22,0,2.319820,0.312852,3207,4004,3207,100.00,80.09
20260630_210317_639286,file_saver,1,terminate,2,22,1,2.812481,0.226375,3207,4004,3207,100.00,80.09
20260630_210317_639286,file_saver,1,terminate,2,22,2,3.155585,0.149831,3207,4004,3207,100.00,80.09
20260630_210317_639286,file_saver,1,terminate,2,22,3,2.861154,0.358369,3207,4004,3207,100.00,80.09
20260630_210317_639286,file_saver,1,terminate,2,22,4,2.228490,0.477015,3207,4004,3207,100.00,80.09
20260630_210317_639286,file_saver,1,terminate,2,22,5,2.926970,0.192365,3207,4004,3207,100.00,80.09
20260630_210317_639286,file_saver,1,terminate,2,22,6,2.681024,0.130280,3207,4004,3207,100.00,80.09
20260630_210317_639286,file_saver,1,terminate,2,22,7,2.924037,0.313457,3207,4004,3207,100.00,80.09
20260630_210317_639286,file_saver,1,terminate,2,23,0,3.650415,0.042952,3207,4004,3207,100.00,80.09
20260630_210317_639286,file_saver,1,terminate,2,23,1,3.452328,0.295915,3207,4004,3207,100.00,80.09
20260630_210317_639286,file_saver,1,terminate,2,23,2,2.760845,0.272556,3207,4004,3207,100.00,80.09
20260630_210317_639286,file_saver,1,terminate,2,23,3,3.022164,0.096794,3207,4004,3207,100.00,80.09
20260630_210317_639286,file_saver,1,terminate,2,23,4,2.886801,0.085588,3207,4004,3207,100.00,80.09
20260630_210317_639286,file_saver,1,terminate,2,23,5,3.371265,0.220293,3207,4004,3207,100.00,80.09
20260630_210317_639286,file_saver,1,terminate,2,23,6,3.799827,0.117536,3207,4004,3207,100.00,80.09
20260630_210317_639286,file_saver,1,terminate,2,23,7,3.281623,0.173279,3207,4004,3207,100.00,80.09
20260630_210317_639286,file_saver,1,terminate,2,24,0,4.436748,0.131263,3207,4004,3207,100.00,80.09
20260630_210317_639286,file_saver,1,terminate,2,24,1,4.183686,0.093323,3207,4004,3207,100.00,80.09
20260630_210317_639286,file_saver,1,terminate,2,24,2,4.225220,0.181377,3207,4004,3207,100.00,80.09
20260630_210317_639286,file_saver,1,terminate,2,24,3,3.624349,0.206005,3207,4004,3207,100.00,80.09
20260630_210317_639286,file_saver,1,terminate,2,24,4,3.038779,0.260372,3207,4004,3207,100.00,80.09
20260630_210317_639286,file_saver,1,terminate,2,24,5,2.868285,0.184313,3207,4004,3207,100.00,80.09
20260630_210317_639286,file_saver,1,terminate,2,24,6,3.537334,0.263936,3207,4004,3207,100.00,80.09
20260630_210317_639286,file_saver,1,terminate,2,24,7,4.133268,0.076152,3207,4004,3207,100.00,80.09
20260630_210317_639286,file_saver,1,terminate,2,25,0,2.888514,0.094618,3207,4004,3207,100.00,80.09
20260630_210317_639286,file_saver,1,terminate,2,25,1,4.888371,0.061756,3207,4004,3207,100.00,80.09
20260630_210317_639286,file_saver,1,terminate,2,25,2,3.908084,0.218585,3207,4004,3207,100.00,80.09
20260630_210317_639286,file_saver,1,terminate,2,25,3,3.280838,0.237392,3207,4004,3207,100.00,80.09
20260630_210317_639286,file_saver,1,terminate,2,25,4,3.373077,0.415010,3207,4004,3207,100.00,80.09
20260630_210317_639286,file_saver,1,terminate,2,25,5,3.588153,0.262159,3207,4004,3207,100.00,80.09
20260630_210317_639286,file_saver,1,terminate,2,25,6,3.938330,0.034281,3207,4004,3207,100.00,80.09
20260630_210317_639286,file_saver,1,terminate,2,25,7,3.638529,0.168343,3207,4004,3207,100.00,80.09
20260630_210317_639286,file_saver,1,terminate,2,26,0,3.400015,0.260462,3207,4004,3207,100.00,80.09
20260630_210317_639286,file_saver,1,terminate,2,26,1,3.472646,0.183801,3207,4004,3207,100.00,80.09
20260630_210317_639286,file_saver,1,terminate,2,26,2,2.624514,0.197865,3207,4004,3207,100.00,80.09
20260630_210317_639286,file_saver,1,terminate,2,26,3,3.532288,0.176909,3207,4004,3207,100.00,80.09
20260630_210317_639286,file_saver,1,terminate,2,26,4,4.675192,0.016565,3207,4004,3207,100.00,80.09
20260630_210317_639286,file_saver,1,terminate,2,26,5,2.741645,0.183561,3207,4004,3207,100.00,80.09
20260630_210317_639286,file_saver,1,terminate,2,26,6,3.975882,-0.067585,3207,4004,3207,100.00,80.09
20260630_210317_639286,file_saver,1,terminate,2,26,7,3.950066,0.036887,3207,4004,3207,100.00,80.09
20260630_210317_639286,file_saver,1,terminate,2,27,0,3.997916,0.322997,3207,4004,3207,100.00,80.09
20260630_210317_639286,file_saver,1,terminate,2,27,1,4.897515,0.005128,3207,4004,3207,100.00,80.09
20260630_210317_639286,file_saver,1,terminate,2,27,2,3.376156,0.277267,3207,4004,3207,100.00,80.09
20260630_210317_639286,file_saver,1,terminate,2,27,3,2.661897,0.255560,3207,4004,3207,100.00,80.09
20260630_210317_639286,file_saver,1,terminate,2,27,4,4.673894,0.078654,3207,4004,3207,100.00,80.09
20260630_210317_639286,file_saver,1,terminate,2,27,5,4.582738,0.100391,3207,4004,3207,100.00,80.09
20260630_210317_639286,file_saver,1,terminate,2,27,6,4.186796,0.208132,3207,4004,3207,100.00,80.09
20260630_210317_639286,file_saver,1,terminate,2,27,7,3.461102,0.183279,3207,4004,3207,100.00,80.09
20260630_210317_639286,file_saver,1,terminate,2,28,0,4.396978,0.191356,3207,4004,3207,100.00,80.09
20260630_210317_639286,file_saver,1,terminate,2,28,1,3.279975,0.134634,3207,4004,3207,100.00,80.09
20260630_210317_639286,file_saver,1,terminate,2,28,2,4.625855,0.168020,3207,4004,3207,100.00,80.09
20260630_210317_639286,file_saver,1,terminate,2,28,3,4.476231,0.199120,3207,4004,3207,100.00,80.09
20260630_210317_639286,file_saver,1,terminate,2,28,4,4.562153,0.174843,3207,4004,3207,100.00,80.09
20260630_210317_639286,file_saver,1,terminate,2,28,5,4.896411,0.301600,3207,4004,3207,100.00,80.09
20260630_210317_639286,file_saver,1,terminate,2,28,6,4.976660,0.214860,3207,4004,3207,100.00,80.09
20260630_210317_639286,file_saver,1,terminate,2,28,7,4.446097,0.054676,3207,4004,3207,100.00,80.09
20260630_210317_639286,file_saver,1,terminate,2,29,0,4.687516,0.250382,3207,4004,3207,100.00,80.09
20260630_210317_639286,file_saver,1,terminate,2,29,1,6.594896,0.057916,3207,4004,3207,100.00,80.09
20260630_210317_639286,file_saver,1,terminate,2,29,2,4.166284,0.259082,3207,4004,3207,100.00,80.09
20260630_210317_639286,file_saver,1,terminate,2,29,3,5.497013,0.166818,3207,4004,3207,100.00,80.09
20260630_210317_639286,file_saver,1,terminate,2,29,4,5.387903,0.242293,3207,4004,3207,100.00,80.09
20260630_210317_639286,file_saver,1,terminate,2,29,5,5.651276,0.276251,3207,4004,3207,100.00,80.09
20260630_210317_639286,file_saver,1,terminate,2,29,6,4.527390,0.162087,3207,4004,3207,100.00,80.09
20260630_210317_639286,file_saver,1,terminate,2,29,7,4.842269,0.473601,3207,4004,3207,100.00,80.09
20260630_210317_639286,file_saver,1,terminate,2,30,0,7.657714,0.001908,3207,4004,3207,100.00,80.09
20260630_210317_639286,file_saver,1,terminate,2,30,1,5.080533,0.215160,3207,4004,3207,100.00,80.09
20260630_210317_639286,file_saver,1,terminate,2,30,2,7.377589,0.085634,3207,4004,3207,100.00,80.09
20260630_210317_639286,file_saver,1,terminate,2,30,3,5.171553,0.398784,3207,4004,3207,100.00,80.09
20260630_210317_639286,file_saver,1,terminate,2,30,4,7.809723,0.180889,3207,4004,3207,100.00,80.09
20260630_210317_639286,file_saver,1,terminate,2,30,5,7.262476,0.061055,3207,4004,3207,100.00,80.09
20260630_210317_639286,file_saver,1,terminate,2,30,6,7.178317,0.239671,3207,4004,3207,100.00,80.09
20260630_210317_639286,file_saver,1,terminate,2,30,7,7.559356,0.174765,3207,4004,3207,100.00,80.09
20260630_210317_639286,file_saver,1,terminate,2,31,0,5.642055,0.061069,3207,4004,3207,100.00,80.09
20260630_210317_639286,file_saver,1,terminate,2,31,1,7.699508,0.210913,3207,4004,3207,100.00,80.09
20260630_210317_639286,file_saver,1,terminate,2,31,2,6.753707,0.282663,3207,4004,3207,100.00,80.09
20260630_210317_639286,file_saver,1,terminate,2,31,3,6.147443,0.269387,3207,4004,3207,100.00,80.09
20260630_210317_639286,file_saver,1,terminate,2,31,4,6.782489,0.145336,3207,4004,3207,100.00,80.09
20260630_210317_639286,file_saver,1,terminate,2,31,5,6.864636,0.190387,3207,4004,3207,100.00,80.09
20260630_210317_639286,file_saver,1,terminate,2,31,6,6.836445,0.099860,3207,4004,3207,100.00,80.09
20260630_210317_639286,file_saver,1,terminate,2,31,7,6.470560,0.163548,3207,4004,3207,100.00,80.09
20260630_210317_639286,file_saver,1,terminate,2,32,0,3.159740,0.391193,3207,4004,3207,100.00,80.09
20260630_210317_639286,file_saver,1,terminate,2,32,1,3.967901,0.281423,3207,4004,3207,100.00,80.09
20260630_210317_639286,file_saver,1,terminate,2,32,2,3.353753,0.250445,3207,4004,3207,100.00,80.09
20260630_210317_639286,file_saver,1,terminate,2,32,3,3.380570,0.245134,3207,4004,3207,100.00,80.09
20260630_210317_639286,file_saver,1,terminate,2,32,4,3.804856,0.216020,3207,4004,3207,100.00,80.09
20260630_210317_639286,file_saver,1,terminate,2,32,5,3.377488,0.152984,3207,4004,3207,100.00,80.09
20260630_210317_639286,file_saver,1,terminate,2,32,6,3.575205,0.164013,3207,4004,3207,100.00,80.09
20260630_210317_639286,file_saver,1,terminate,2,32,7,2.756756,0.248495,3207,4004,3207,100.00,80.09
20260630_210317_639286,file_saver,1,terminate,2,33,0,3.698156,0.403889,3207,4004,3207,100.00,80.09
20260630_210317_639286,file_saver,1,terminate,2,33,1,2.940992,0.408311,3207,4004,3207,100.00,80.09
20260630_210317_639286,file_saver,1,terminate,2,33,2,3.914488,0.129843,3207,4004,3207,100.00,80.09
20260630_210317_639286,file_saver,1,terminate,2,33,3,2.948293,0.412750,3207,4004,3207,100.00,80.09
20260630_210317_639286,file_saver,1,terminate,2,33,4,3.554908,0.201225,3207,4004,3207,100.00,80.09
20260630_210317_639286,file_saver,1,terminate,2,33,5,2.781141,0.152829,3207,4004,3207,100.00,80.09
20260630_210317_639286,file_saver,1,terminate,2,33,6,3.022445,0.145088,3207,4004,3207,100.00,80.09
20260630_210317_639286,file_saver,1,terminate,2,33,7,3.955799,0.323936,3207,4004,3207,100.00,80.09
20260630_210317_639286,file_saver,1,terminate,2,34,0,3.718538,0.170265,3207,4004,3207,100.00,80.09
20260630_210317_639286,file_saver,1,terminate,2,34,1,4.414072,0.027582,3207,4004,3207,100.00,80.09
20260630_210317_639286,file_saver,1,terminate,2,34,2,3.553529,0.161120,3207,4004,3207,100.00,80.09
20260630_210317_639286,file_saver,1,terminate,2,34,3,3.137347,0.058268,3207,4004,3207,100.00,80.09
20260630_210317_639286,file_saver,1,terminate,2,34,4,5.044526,0.253228,3207,4004,3207,100.00,80.09
20260630_210317_639286,file_saver,1,terminate,2,34,5,3.594890,0.302962,3207,4004,3207,100.00,80.09
20260630_210317_639286,file_saver,1,terminate,2,34,6,4.055024,0.069634,3207,4004,3207,100.00,80.09
20260630_210317_639286,file_saver,1,terminate,2,34,7,4.524289,0.216209,3207,4004,3207,100.00,80.09
20260630_210317_639286,file_saver,1,terminate,2,35,0,4.231257,0.052726,3207,4004,3207,100.00,80.09
20260630_210317_639286,file_saver,1,terminate,2,35,1,4.710733,0.015865,3207,4004,3207,100.00,80.09
20260630_210317_639286,file_saver,1,terminate,2,35,2,3.862911,0.144666,3207,4004,3207,100.00,80.09
20260630_210317_639286,file_saver,1,terminate,2,35,3,4.522821,0.127927,3207,4004,3207,100.00,80.09
20260630_210317_639286,file_saver,1,terminate,2,35,4,6.142345,0.046222,3207,4004,3207,100.00,80.09
20260630_210317_639286,file_saver,1,terminate,2,35,5,4.061489,0.121705,3207,4004,3207,100.00,80.09
20260630_210317_639286,file_saver,1,terminate,2,35,6,4.274086,0.169879,3207,4004,3207,100.00,80.09
20260630_210317_639286,file_saver,1,terminate,2,35,7,4.231287,0.041906,3207,4004,3207,100.00,80.09
20260630_210317_639286,file_saver,1,terminate,2,36,0,3.533993,0.311270,3207,4004,3207,100.00,80.09
20260630_210317_639286,file_saver,1,terminate,2,36,1,4.447594,0.114615,3207,4004,3207,100.00,80.09
20260630_210317_639286,file_saver,1,terminate,2,36,2,3.699428,0.617401,3207,4004,3207,100.00,80.09
20260630_210317_639286,file_saver,1,terminate,2,36,3,3.741118,0.421695,3207,4004,3207,100.00,80.09
20260630_210317_639286,file_saver,1,terminate,2,36,4,3.985685,0.152875,3207,4004,3207,100.00,80.09
20260630_210317_639286,file_saver,1,terminate,2,36,5,4.203983,-0.007211,3207,4004,3207,100.00,80.09
20260630_210317_639286,file_saver,1,terminate,2,36,6,3.725775,0.260078,3207,4004,3207,100.00,80.09
20260630_210317_639286,file_saver,1,terminate,2,36,7,3.283846,0.202075,3207,4004,3207,100.00,80.09
20260630_210317_639286,file_saver,1,terminate,2,37,0,5.831078,0.085673,3207,4004,3207,100.00,80.09
20260630_210317_639286,file_saver,1,terminate,2,37,1,3.965240,0.116970,3207,4004,3207,100.00,80.09
20260630_210317_639286,file_saver,1,terminate,2,37,2,4.835209,0.425194,3207,4004,3207,100.00,80.09
20260630_210317_639286,file_saver,1,terminate,2,37,3,5.953055,0.102734,3207,4004,3207,100.00,80.09
20260630_210317_639286,file_saver,1,terminate,2,37,4,4.354291,0.182108,3207,4004,3207,100.00,80.09
20260630_210317_639286,file_saver,1,terminate,2,37,5,4.109543,-0.111585,3207,4004,3207,100.00,80.09
20260630_210317_639286,file_saver,1,terminate,2,37,6,6.252743,0.340127,3207,4004,3207,100.00,80.09
20260630_210317_639286,file_saver,1,terminate,2,37,7,4.671371,0.273589,3207,4004,3207,100.00,80.09
20260630_210317_639286,file_saver,1,terminate,2,38,0,4.487917,0.071621,3207,4004,3207,100.00,80.09
20260630_210317_639286,file_saver,1,terminate,2,38,1,2.994762,0.271165,3207,4004,3207,100.00,80.09
20260630_210317_639286,file_saver,1,terminate,2,38,2,3.364110,0.304814,3207,4004,3207,100.00,80.09
20260630_210317_639286,file_saver,1,terminate,2,38,3,4.155060,0.168750,3207,4004,3207,100.00,80.09
20260630_210317_639286,file_saver,1,terminate,2,38,4,5.538685,0.479866,3207,4004,3207,100.00,80.09
20260630_210317_639286,file_saver,1,terminate,2,38,5,5.017425,-0.057624,3207,4004,3207,100.00,80.09
20260630_210317_639286,file_saver,1,terminate,2,38,6,4.491213,0.427159,3207,4004,3207,100.00,80.09
20260630_210317_639286,file_saver,1,terminate,2,38,7,4.532369,0.132795,3207,4004,3207,100.00,80.09
20260630_210317_639286,file_saver,1,terminate,2,39,0,4.399287,0.292581,3207,4004,3207,100.00,80.09
20260630_210317_639286,file_saver,1,terminate,2,39,1,4.479088,0.416023,3207,4004,3207,100.00,80.09
20260630_210317_639286,file_saver,1,terminate,2,39,2,4.437920,0.169721,3207,4004,3207,100.00,80.09
20260630_210317_639286,file_saver,1,terminate,2,39,3,4.593992,0.166865,3207,4004,3207,100.00,80.09
20260630_210317_639286,file_saver,1,terminate,2,39,4,4.808763,0.323047,3207,4004,3207,100.00,80.09
20260630_210317_639286,file_saver,1,terminate,2,39,5,5.617568,0.042448,3207,4004,3207,100.00,80.09
20260630_210317_639286,file_saver,1,terminate,2,39,6,3.869828,0.297466,3207,4004,3207,100.00,80.09
20260630_210317_639286,file_saver,1,terminate,2,39,7,3.962123,0.472574,3207,4004,3207,100.00,80.09
20260630_210317_639286,file_saver,1,terminate,2,40,0,4.329802,0.330508,3207,4004,3207,100.00,80.09
20260630_210317_639286,file_saver,1,terminate,2,40,1,5.990621,0.235103,3207,4004,3207,100.00,80.09
20260630_210317_639286,file_saver,1,terminate,2,40,2,5.717586,0.161495,3207,4004,3207,100.00,80.09
20260630_210317_639286,file_saver,1,terminate,2,40,3,4.917075,0.232203,3207,4004,3207,100.00,80.09
20260630_210317_639286,file_saver,1,terminate,2,40,4,5.627632,0.422128,3207,4004,3207,100.00,80.09
20260630_210317_639286,file_saver,1,terminate,2,40,5,6.515898,0.264091,3207,4004,3207,100.00,80.09
20260630_210317_639286,file_saver,1,terminate,2,40,6,4.954303,0.269951,3207,4004,3207,100.00,80.09
20260630_210317_639286,file_saver,1,terminate,2,40,7,5.308080,0.348550,3207,4004,3207,100.00,80.09
20260630_210317_639286,file_saver,1,terminate,2,41,0,6.941802,0.235278,3207,4004,3207,100.00,80.09
20260630_210317_639286,file_saver,1,terminate,2,41,1,4.986524,0.030085,3207,4004,3207,100.00,80.09
20260630_210317_639286,file_saver,1,terminate,2,41,2,5.658855,0.087799,3207,4004,3207,100.00,80.09
20260630_210317_639286,file_saver,1,terminate,2,41,3,5.159460,0.154679,3207,4004,3207,100.00,80.09
20260630_210317_639286,file_saver,1,terminate,2,41,4,4.841504,0.277053,3207,4004,3207,100.00,80.09
20260630_210317_639286,file_saver,1,terminate,2,41,5,5.170852,0.136324,3207,4004,3207,100.00,80.09
20260630_210317_639286,file_saver,1,terminate,2,41,6,4.276719,0.357673,3207,4004,3207,100.00,80.09
20260630_210317_639286,file_saver,1,terminate,2,41,7,5.775140,0.293018,3207,4004,3207,100.00,80.09
20260630_210317_639286,file_saver,1,terminate,2,42,0,6.349402,0.414890,3207,4004,3207,100.00,80.09
20260630_210317_639286,file_saver,1,terminate,2,42,1,4.678556,0.162763,3207,4004,3207,100.00,80.09
20260630_210317_639286,file_saver,1,terminate,2,42,2,6.510084,0.111070,3207,4004,3207,100.00,80.09
20260630_210317_639286,file_saver,1,terminate,2,42,3,6.615606,0.413358,3207,4004,3207,100.00,80.09
20260630_210317_639286,file_saver,1,terminate,2,42,4,4.620428,0.077224,3207,4004,3207,100.00,80.09
20260630_210317_639286,file_saver,1,terminate,2,42,5,5.698306,0.320451,3207,4004,3207,100.00,80.09
20260630_210317_639286,file_saver,1,terminate,2,42,6,6.570289,0.074714,3207,4004,3207,100.00,80.09
20260630_210317_639286,file_saver,1,terminate,2,42,7,5.950918,0.217517,3207,4004,3207,100.00,80.09
20260630_210317_639286,file_saver,1,terminate,2,43,0,5.364926,0.177879,3207,4004,3207,100.00,80.09
20260630_210317_639286,file_saver,1,terminate,2,43,1,5.761870,0.187978,3207,4004,3207,100.00,80.09
20260630_210317_639286,file_saver,1,terminate,2,43,2,5.592781,0.183408,3207,4004,3207,100.00,80.09
20260630_210317_639286,file_saver,1,terminate,2,43,3,6.452752,0.027637,3207,4004,3207,100.00,80.09
20260630_210317_639286,file_saver,1,terminate,2,43,4,7.355745,0.288108,3207,4004,3207,100.00,80.09
20260630_210317_639286,file_saver,1,terminate,2,43,5,7.725795,0.257512,3207,4004,3207,100.00,80.09
20260630_210317_639286,file_saver,1,terminate,2,43,6,6.913003,0.021608,3207,4004,3207,100.00,80.09
20260630_210317_639286,file_saver,1,terminate,2,43,7,6.501391,0.323823,3207,4004,3207,100.00,80.09
20260630_210317_639286,file_saver,1,terminate,2,44,0,9.061625,0.128087,3207,4004,3207,100.00,80.09
20260630_210317_639286,file_saver,1,terminate,2,44,1,7.142029,0.011669,3207,4004,3207,100.00,80.09
20260630_210317_639286,file_saver,1,terminate,2,44,2,7.717762,0.270614,3207,4004,3207,100.00,80.09
20260630_210317_639286,file_saver,1,terminate,2,44,3,8.725719,0.140039,3207,4004,3207,100.00,80.09
20260630_210317_639286,file_saver,1,terminate,2,44,4,7.977537,0.135866,3207,4004,3207,100.00,80.09
20260630_210317_639286,file_saver,1,terminate,2,44,5,6.085224,0.207846,3207,4004,3207,100.00,80.09
20260630_210317_639286,file_saver,1,terminate,2,44,6,8.010394,0.295739,3207,4004,3207,100.00,80.09
20260630_210317_639286,file_saver,1,terminate,2,44,7,8.172786,0.187142,3207,4004,3207,100.00,80.09
20260630_210317_639286,file_saver,1,terminate,2,45,0,6.943828,0.543525,3207,4004,3207,100.00,80.09
20260630_210317_639286,file_saver,1,terminate,2,45,1,9.162542,0.320326,3207,4004,3207,100.00,80.09
20260630_210317_639286,file_saver,1,terminate,2,45,2,6.554601,0.506033,3207,4004,3207,100.00,80.09
20260630_210317_639286,file_saver,1,terminate,2,45,3,7.149892,0.187894,3207,4004,3207,100.00,80.09
20260630_210317_639286,file_saver,1,terminate,2,45,4,6.343365,0.233101,3207,4004,3207,100.00,80.09
20260630_210317_639286,file_saver,1,terminate,2,45,5,8.404581,0.196592,3207,4004,3207,100.00,80.09
20260630_210317_639286,file_saver,1,terminate,2,45,6,7.570848,0.080536,3207,4004,3207,100.00,80.09
20260630_210317_639286,file_saver,1,terminate,2,45,7,6.087789,0.070880,3207,4004,3207,100.00,80.09
20260630_210317_639286,file_saver,1,terminate,2,46,0,8.986570,0.024570,3207,4004,3207,100.00,80.09
20260630_210317_639286,file_saver,1,terminate,2,46,1,7.527349,0.220144,3207,4004,3207,100.00,80.09
20260630_210317_639286,file_saver,1,terminate,2,46,2,10.104981,-0.017329,3207,4004,3207,100.00,80.09
20260630_210317_639286,file_saver,1,terminate,2,46,3,8.008204,0.321102,3207,4004,3207,100.00,80.09
20260630_210317_639286,file_saver,1,terminate,2,46,4,6.740361,0.497818,3207,4004,3207,100.00,80.09
20260630_210317_639286,file_saver,1,terminate,2,46,5,7.881074,0.055411,3207,4004,3207,100.00,80.09
20260630_210317_639286,file_saver,1,terminate,2,46,6,6.636631,0.073512,3207,4004,3207,100.00,80.09
20260630_210317_639286,file_saver,1,terminate,2,46,7,9.354163,0.368897,3207,4004,3207,100.00,80.09
20260630_210317_639286,file_saver,1,terminate,2,47,0,8.487980,0.273964,3207,4004,3207,100.00,80.09
20260630_210317_639286,file_saver,1,terminate,2,47,1,10.540380,0.212661,3207,4004,3207,100.00,80.09
20260630_210317_639286,file_saver,1,terminate,2,47,2,9.156441,0.046818,3207,4004,3207,100.00,80.09
20260630_210317_639286,file_saver,1,terminate,2,47,3,8.465356,0.092175,3207,4004,3207,100.00,80.09
20260630_210317_639286,file_saver,1,terminate,2,47,4,7.939268,0.134004,3207,4004,3207,100.00,80.09
20260630_210317_639286,file_saver,1,terminate,2,47,5,7.603149,0.215242,3207,4004,3207,100.00,80.09
20260630_210317_639286,file_saver,1,terminate,2,47,6,9.632560,0.215954,3207,4004,3207,100.00,80.09
20260630_210317_639286,file_saver,1,terminate,2,47,7,10.484937,0.074188,3207,4004,3207,100.00,80.09
20260630_210317_639286,file_saver,1,terminate,2,48,0,8.676393,0.495986,3207,4004,3207,100.00,80.09
20260630_210317_639286,file_saver,1,terminate,2,48,1,10.798211,0.056697,3207,4004,3207,100.00,80.09
20260630_210317_639286,file_saver,1,terminate,2,48,2,10.495104,0.050525,3207,4004,3207,100.00,80.09
20260630_210317_639286,file_saver,1,terminate,2,48,3,8.172208,0.220968,3207,4004,3207,100.00,80.09
20260630_210317_639286,file_saver,1,terminate,2,48,4,5.436296,0.478690,3207,4004,3207,100.00,80.09
20260630_210317_639286,file_saver,1,terminate,2,48,5,6.894079,0.217528,3207,4004,3207,100.00,80.09
20260630_210317_639286,file_saver,1,terminate,2,48,6,9.930201,0.163984,3207,4004,3207,100.00,80.09
20260630_210317_639286,file_saver,1,terminate,2,48,7,8.597353,0.164407,3207,4004,3207,100.00,80.09
20260630_210317_639286,file_saver,1,terminate,2,49,0,7.459188,-0.011203,3207,4004,3207,100.00,80.09
20260630_210317_639286,file_saver,1,terminate,2,49,1,10.394124,0.224274,3207,4004,3207,100.00,80.09
20260630_210317_639286,file_saver,1,terminate,2,49,2,12.257450,-0.062926,3207,4004,3207,100.00,80.09
20260630_210317_639286,file_saver,1,terminate,2,49,3,10.244863,0.363955,3207,4004,3207,100.00,80.09
20260630_210317_639286,file_saver,1,terminate,2,49,4,10.416703,0.462954,3207,4004,3207,100.00,80.09
20260630_210317_639286,file_saver,1,terminate,2,49,5,9.981921,0.114163,3207,4004,3207,100.00,80.09
20260630_210317_639286,file_saver,1,terminate,2,49,6,10.142664,0.090139,3207,4004,3207,100.00,80.09
20260630_210317_639286,file_saver,1,terminate,2,49,7,9.380651,0.194569,3207,4004,3207,100.00,80.09
20260630_210317_639286,file_saver,1,terminate,2,50,0,11.216482,0.367004,3207,4004,3207,100.00,80.09
20260630_210317_639286,file_saver,1,terminate,2,50,1,11.588277,0.226760,3207,4004,3207,100.00,80.09
20260630_210317_639286,file_saver,1,terminate,2,50,2,6.912632,0.162282,3207,4004,3207,100.00,80.09
20260630_210317_639286,file_saver,1,terminate,2,50,3,9.981289,0.121232,3207,4004,3207,100.00,80.09
20260630_210317_639286,file_saver,1,terminate,2,50,4,11.880416,0.132669,3207,4004,3207,100.00,80.09
20260630_210317_639286,file_saver,1,terminate,2,50,5,8.084037,0.139507,3207,4004,3207,100.00,80.09
20260630_210317_639286,file_saver,1,terminate,2,50,6,10.854186,0.017263,3207,4004,3207,100.00,80.09
20260630_210317_639286,file_saver,1,terminate,2,50,7,9.138383,0.388645,3207,4004,3207,100.00,80.09
20260630_210317_639286,file_saver,1,terminate,2,51,0,14.819935,0.247857,3207,4004,3207,100.00,80.09
20260630_210317_639286,file_saver,1,terminate,2,51,1,16.411072,-0.055428,3207,4004,3207,100.00,80.09
20260630_210317_639286,file_saver,1,terminate,2,51,2,18.787894,0.112631,3207,4004,3207,100.00,80.09
20260630_210317_639286,file_saver,1,terminate,2,51,3,10.154830,0.293030,3207,4004,3207,100.00,80.09
20260630_210317_639286,file_saver,1,terminate,2,51,4,13.113129,-0.100114,3207,4004,3207,100.00,80.09
20260630_210317_639286,file_saver,1,terminate,2,51,5,11.881637,0.051457,3207,4004,3207,100.00,80.09
20260630_210317_639286,file_saver,1,terminate,2,51,6,10.637870,0.277615,3207,4004,3207,100.00,80.09
20260630_210317_639286,file_saver,1,terminate,2,51,7,14.730863,0.027862,3207,4004,3207,100.00,80.09
20260630_210317_639286,file_saver,1,terminate,2,52,0,12.615147,0.139918,3207,4004,3207,100.00,80.09
20260630_210317_639286,file_saver,1,terminate,2,52,1,8.454935,0.221558,3207,4004,3207,100.00,80.09
20260630_210317_639286,file_saver,1,terminate,2,52,2,15.745477,0.005727,3207,4004,3207,100.00,80.09
20260630_210317_639286,file_saver,1,terminate,2,52,3,15.332601,0.070641,3207,4004,3207,100.00,80.09
20260630_210317_639286,file_saver,1,terminate,2,52,4,16.198323,0.182235,3207,4004,3207,100.00,80.09
20260630_210317_639286,file_saver,1,terminate,2,52,5,16.891742,0.218298,3207,4004,3207,100.00,80.09
20260630_210317_639286,file_saver,1,terminate,2,52,6,14.375174,0.054636,3207,4004,3207,100.00,80.09
20260630_210317_639286,file_saver,1,terminate,2,52,7,12.605544,0.030154,3207,4004,3207,100.00,80.09
20260630_210317_639286,file_saver,1,terminate,2,53,0,15.625984,0.057051,3207,4004,3207,100.00,80.09
20260630_210317_639286,file_saver,1,terminate,2,53,1,22.113985,-0.013049,3207,4004,3207,100.00,80.09
20260630_210317_639286,file_saver,1,terminate,2,53,2,14.284260,0.079321,3207,4004,3207,100.00,80.09
20260630_210317_639286,file_saver,1,terminate,2,53,3,16.163788,0.109425,3207,4004,3207,100.00,80.09
20260630_210317_639286,file_saver,1,terminate,2,53,4,18.012871,0.192232,3207,4004,3207,100.00,80.09
20260630_210317_639286,file_saver,1,terminate,2,53,5,22.447100,0.022462,3207,4004,3207,100.00,80.09
20260630_210317_639286,file_saver,1,terminate,2,53,6,14.244616,0.073614,3207,4004,3207,100.00,80.09
20260630_210317_639286,file_saver,1,terminate,2,53,7,18.383711,0.263160,3207,4004,3207,100.00,80.09
20260630_210317_639286,file_saver,1,terminate,2,54,0,19.447751,0.074616,3207,4004,3207,100.00,80.09
20260630_210317_639286,file_saver,1,terminate,2,54,1,11.570160,0.313148,3207,4004,3207,100.00,80.09
20260630_210317_639286,file_saver,1,terminate,2,54,2,20.545256,-0.013080,3207,4004,3207,100.00,80.09
20260630_210317_639286,file_saver,1,terminate,2,54,3,18.080482,0.470611,3207,4004,3207,100.00,80.09
20260630_210317_639286,file_saver,1,terminate,2,54,4,24.380088,0.028232,3207,4004,3207,100.00,80.09
20260630_210317_639286,file_saver,1,terminate,2,54,5,18.980815,0.078020,3207,4004,3207,100.00,80.09
20260630_210317_639286,file_saver,1,terminate,2,54,6,21.708497,0.017119,3207,4004,3207,100.00,80.09
20260630_210317_639286,file_saver,1,terminate,2,54,7,35.391977,0.159269,3207,4004,3207,100.00,80.09
20260630_210317_639286,file_saver,1,terminate,2,55,0,16.855204,0.243266,3207,4004,3207,100.00,80.09
20260630_210317_639286,file_saver,1,terminate,2,55,1,21.889102,0.138335,3207,4004,3207,100.00,80.09
20260630_210317_639286,file_saver,1,terminate,2,55,2,20.679254,0.078930,3207,4004,3207,100.00,80.09
20260630_210317_639286,file_saver,1,terminate,2,55,3,20.892125,0.174116,3207,4004,3207,100.00,80.09
20260630_210317_639286,file_saver,1,terminate,2,55,4,19.395999,0.310596,3207,4004,3207,100.00,80.09
20260630_210317_639286,file_saver,1,terminate,2,55,5,23.105072,0.139969,3207,4004,3207,100.00,80.09
20260630_210317_639286,file_saver,1,terminate,2,55,6,22.805916,0.085298,3207,4004,3207,100.00,80.09
20260630_210317_639286,file_saver,1,terminate,2,55,7,23.401246,0.216402,3207,4004,3207,100.00,80.09
20260630_210317_639286,file_saver,1,terminate,2,56,0,22.586852,0.057692,3207,4004,3207,100.00,80.09
20260630_210317_639286,file_saver,1,terminate,2,56,1,21.463572,0.066251,3207,4004,3207,100.00,80.09
20260630_210317_639286,file_saver,1,terminate,2,56,2,24.166392,0.032394,3207,4004,3207,100.00,80.09
20260630_210317_639286,file_saver,1,terminate,2,56,3,28.491841,0.127315,3207,4004,3207,100.00,80.09
20260630_210317_639286,file_saver,1,terminate,2,56,4,33.753893,0.262608,3207,4004,3207,100.00,80.09
20260630_210317_639286,file_saver,1,terminate,2,56,5,27.400114,0.079654,3207,4004,3207,100.00,80.09
20260630_210317_639286,file_saver,1,terminate,2,56,6,26.463249,0.179240,3207,4004,3207,100.00,80.09
20260630_210317_639286,file_saver,1,terminate,2,56,7,30.284330,0.266503,3207,4004,3207,100.00,80.09
20260630_210317_639286,file_saver,1,terminate,2,57,0,32.617822,-0.052413,3207,4004,3207,100.00,80.09
20260630_210317_639286,file_saver,1,terminate,2,57,1,24.746941,0.104983,3207,4004,3207,100.00,80.09
20260630_210317_639286,file_saver,1,terminate,2,57,2,30.804828,0.124510,3207,4004,3207,100.00,80.09
20260630_210317_639286,file_saver,1,terminate,2,57,3,28.055185,0.124396,3207,4004,3207,100.00,80.09
20260630_210317_639286,file_saver,1,terminate,2,57,4,22.537768,0.142737,3207,4004,3207,100.00,80.09
20260630_210317_639286,file_saver,1,terminate,2,57,5,32.209033,0.040218,3207,4004,3207,100.00,80.09
20260630_210317_639286,file_saver,1,terminate,2,57,6,30.047276,-0.037398,3207,4004,3207,100.00,80.09
20260630_210317_639286,file_saver,1,terminate,2,57,7,26.602680,0.203112,3207,4004,3207,100.00,80.09
20260630_210317_639286,file_saver,1,terminate,2,58,0,45.758578,0.008184,3207,4004,3207,100.00,80.09
20260630_210317_639286,file_saver,1,terminate,2,58,1,32.408448,-0.061147,3207,4004,3207,100.00,80.09
20260630_210317_639286,file_saver,1,terminate,2,58,2,34.148665,0.116006,3207,4004,3207,100.00,80.09
20260630_210317_639286,file_saver,1,terminate,2,58,3,37.386683,-0.050168,3207,4004,3207,100.00,80.09
20260630_210317_639286,file_saver,1,terminate,2,58,4,53.471796,-0.039868,3207,4004,3207,100.00,80.09
20260630_210317_639286,file_saver,1,terminate,2,58,5,36.540648,0.050257,3207,4004,3207,100.00,80.09
20260630_210317_639286,file_saver,1,terminate,2,58,6,40.919278,-0.152837,3207,4004,3207,100.00,80.09
20260630_210317_639286,file_saver,1,terminate,2,58,7,33.329955,0.049832,3207,4004,3207,100.00,80.09
20260630_210317_639286,file_saver,1,terminate,2,59,0,45.783791,-0.014847,3207,4004,3207,100.00,80.09
20260630_210317_639286,file_saver,1,terminate,2,59,1,45.439903,-0.011865,3207,4004,3207,100.00,80.09
20260630_210317_639286,file_saver,1,terminate,2,59,2,43.219491,-0.045226,3207,4004,3207,100.00,80.09
20260630_210317_639286,file_saver,1,terminate,2,59,3,40.456437,-0.019761,3207,4004,3207,100.00,80.09
20260630_210317_639286,file_saver,1,terminate,2,59,4,36.314890,0.172784,3207,4004,3207,100.00,80.09
20260630_210317_639286,file_saver,1,terminate,2,59,5,30.427047,0.266415,3207,4004,3207,100.00,80.09
20260630_210317_639286,file_saver,1,terminate,2,59,6,43.693577,0.044317,3207,4004,3207,100.00,80.09
20260630_210317_639286,file_saver,1,terminate,2,59,7,29.719657,0.129443,3207,4004,3207,100.00,80.09
20260630_210317_639286,file_saver,1,terminate,2,60,0,31.689663,0.316397,3207,4004,3207,100.00,80.09
20260630_210317_639286,file_saver,1,terminate,2,60,1,46.780887,0.484348,3207,4004,3207,100.00,80.09
20260630_210317_639286,file_saver,1,terminate,2,60,2,32.506179,0.144349,3207,4004,3207,100.00,80.09
20260630_210317_639286,file_saver,1,terminate,2,60,3,51.297402,0.149218,3207,4004,3207,100.00,80.09
20260630_210317_639286,file_saver,1,terminate,2,60,4,35.139155,0.244790,3207,4004,3207,100.00,80.09
20260630_210317_639286,file_saver,1,terminate,2,60,5,39.021663,0.040598,3207,4004,3207,100.00,80.09
20260630_210317_639286,file_saver,1,terminate,2,60,6,45.528838,0.264895,3207,4004,3207,100.00,80.09
20260630_210317_639286,file_saver,1,terminate,2,60,7,47.428846,0.015444,3207,4004,3207,100.00,80.09
20260630_210317_639286,file_saver,1,terminate,2,61,0,51.836348,0.052072,3207,4004,3207,100.00,80.09
20260630_210317_639286,file_saver,1,terminate,2,61,1,46.972383,0.035938,3207,4004,3207,100.00,80.09
20260630_210317_639286,file_saver,1,terminate,2,61,2,50.383632,0.202564,3207,4004,3207,100.00,80.09
20260630_210317_639286,file_saver,1,terminate,2,61,3,52.312931,0.065987,3207,4004,3207,100.00,80.09
20260630_210317_639286,file_saver,1,terminate,2,61,4,53.263348,0.234157,3207,4004,3207,100.00,80.09
20260630_210317_639286,file_saver,1,terminate,2,61,5,43.042232,0.195751,3207,4004,3207,100.00,80.09
20260630_210317_639286,file_saver,1,terminate,2,61,6,49.011167,0.188312,3207,4004,3207,100.00,80.09
20260630_210317_639286,file_saver,1,terminate,2,61,7,50.554351,0.355426,3207,4004,3207,100.00,80.09
20260630_210317_639286,file_saver,1,terminate,2,62,0,51.444328,0.496955,3207,4004,3207,100.00,80.09
20260630_210317_639286,file_saver,1,terminate,2,62,1,44.189927,0.162791,3207,4004,3207,100.00,80.09
20260630_210317_639286,file_saver,1,terminate,2,62,2,42.854836,0.228666,3207,4004,3207,100.00,80.09
20260630_210317_639286,file_saver,1,terminate,2,62,3,45.643972,0.147616,3207,4004,3207,100.00,80.09
20260630_210317_639286,file_saver,1,terminate,2,62,4,41.175056,0.244173,3207,4004,3207,100.00,80.09
20260630_210317_639286,file_saver,1,terminate,2,62,5,39.418017,0.210088,3207,4004,3207,100.00,80.09
20260630_210317_639286,file_saver,1,terminate,2,62,6,52.306927,0.408503,3207,4004,3207,100.00,80.09
20260630_210317_639286,file_saver,1,terminate,2,62,7,47.531792,0.155646,3207,4004,3207,100.00,80.09
20260630_210317_639286,file_saver,1,terminate,2,63,0,29.685619,0.287019,3207,4004,3207,100.00,80.09
20260630_210317_639286,file_saver,1,terminate,2,63,1,30.335781,0.228050,3207,4004,3207,100.00,80.09
20260630_210317_639286,file_saver,1,terminate,2,63,2,44.698241,0.162459,3207,4004,3207,100.00,80.09
20260630_210317_639286,file_saver,1,terminate,2,63,3,31.850318,0.084120,3207,4004,3207,100.00,80.09
20260630_210317_639286,file_saver,1,terminate,2,63,4,32.905835,0.365848,3207,4004,3207,100.00,80.09
20260630_210317_639286,file_saver,1,terminate,2,63,5,43.082541,0.421297,3207,4004,3207,100.00,80.09
20260630_210317_639286,file_saver,1,terminate,2,63,6,33.683529,0.111287,3207,4004,3207,100.00,80.09
20260630_210317_639286,file_saver,1,terminate,2,63,7,31.017225,0.484107,3207,4004,3207,100.00,80.09
