run_id,tool_a,call_a,tool_b,call_b,layer,head,l2,cosine
20260623_203847_709953,web_search,0,web_search,1,0,0,0.006254,0.994031
20260623_203847_709953,web_search,0,web_search,1,0,1,0.010939,0.996549
20260623_203847_709953,web_search,0,web_search,1,0,2,0.011601,0.995387
20260623_203847_709953,web_search,0,web_search,1,0,3,0.015485,0.988441
20260623_203847_709953,web_search,0,web_search,1,0,4,0.006170,0.999760
20260623_203847_709953,web_search,0,web_search,1,0,5,0.008478,0.982271
20260623_203847_709953,web_search,0,web_search,1,0,6,0.007263,0.993643
20260623_203847_709953,web_search,0,web_search,1,0,7,0.008988,0.997775
20260623_203847_709953,web_search,0,web_search,1,1,0,0.013653,0.997905
20260623_203847_709953,web_search,0,web_search,1,1,1,0.012576,0.998109
20260623_203847_709953,web_search,0,web_search,1,1,2,0.011150,0.982245
20260623_203847_709953,web_search,0,web_search,1,1,3,0.018366,0.992218
20260623_203847_709953,web_search,0,web_search,1,1,4,0.013736,0.993102
20260623_203847_709953,web_search,0,web_search,1,1,5,0.011424,0.997142
20260623_203847_709953,web_search,0,web_search,1,1,6,0.014924,0.981903
20260623_203847_709953,web_search,0,web_search,1,1,7,0.024022,0.998094
20260623_203847_709953,web_search,0,web_search,1,2,0,0.045620,0.953295
20260623_203847_709953,web_search,0,web_search,1,2,1,0.023050,0.981625
20260623_203847_709953,web_search,0,web_search,1,2,2,0.018501,0.963511
20260623_203847_709953,web_search,0,web_search,1,2,3,0.021210,0.976647
20260623_203847_709953,web_search,0,web_search,1,2,4,0.026164,0.992760
20260623_203847_709953,web_search,0,web_search,1,2,5,0.022166,0.972715
20260623_203847_709953,web_search,0,web_search,1,2,6,0.019433,0.971881
20260623_203847_709953,web_search,0,web_search,1,2,7,0.029661,0.970637
20260623_203847_709953,web_search,0,web_search,1,3,0,0.045903,0.967911
20260623_203847_709953,web_search,0,web_search,1,3,1,0.019620,0.992422
20260623_203847_709953,web_search,0,web_search,1,3,2,0.029238,0.964045
20260623_203847_709953,web_search,0,web_search,1,3,3,0.035267,0.963399
20260623_203847_709953,web_search,0,web_search,1,3,4,0.029245,0.954571
20260623_203847_709953,web_search,0,web_search,1,3,5,0.029243,0.982662
20260623_203847_709953,web_search,0,web_search,1,3,6,0.021390,0.977090
20260623_203847_709953,web_search,0,web_search,1,3,7,0.037009,0.950800
20260623_203847_709953,web_search,0,web_search,1,4,0,0.057074,0.957529
20260623_203847_709953,web_search,0,web_search,1,4,1,0.043314,0.968503
20260623_203847_709953,web_search,0,web_search,1,4,2,0.044318,0.996541
20260623_203847_709953,web_search,0,web_search,1,4,3,0.041509,0.957416
20260623_203847_709953,web_search,0,web_search,1,4,4,0.045062,0.954345
20260623_203847_709953,web_search,0,web_search,1,4,5,0.036222,0.979629
20260623_203847_709953,web_search,0,web_search,1,4,6,0.026750,0.975633
20260623_203847_709953,web_search,0,web_search,1,4,7,0.023380,0.983510
20260623_203847_709953,web_search,0,web_search,1,5,0,0.088147,0.987625
20260623_203847_709953,web_search,0,web_search,1,5,1,0.050978,0.979786
20260623_203847_709953,web_search,0,web_search,1,5,2,0.032257,0.977199
20260623_203847_709953,web_search,0,web_search,1,5,3,0.076975,0.989975
20260623_203847_709953,web_search,0,web_search,1,5,4,0.043912,0.995367
20260623_203847_709953,web_search,0,web_search,1,5,5,0.038362,0.980533
20260623_203847_709953,web_search,0,web_search,1,5,6,0.059528,0.979224
20260623_203847_709953,web_search,0,web_search,1,5,7,0.039228,0.983976
20260623_203847_709953,web_search,0,web_search,1,6,0,0.087782,0.949799
20260623_203847_709953,web_search,0,web_search,1,6,1,0.063634,0.984275
20260623_203847_709953,web_search,0,web_search,1,6,2,0.080796,0.917400
20260623_203847_709953,web_search,0,web_search,1,6,3,0.039005,0.948430
20260623_203847_709953,web_search,0,web_search,1,6,4,0.051256,0.979023
20260623_203847_709953,web_search,0,web_search,1,6,5,0.078352,0.972081
20260623_203847_709953,web_search,0,web_search,1,6,6,0.073876,0.962212
20260623_203847_709953,web_search,0,web_search,1,6,7,0.051051,0.970970
20260623_203847_709953,web_search,0,web_search,1,7,0,0.147661,0.982461
20260623_203847_709953,web_search,0,web_search,1,7,1,0.111601,0.968542
20260623_203847_709953,web_search,0,web_search,1,7,2,0.107831,0.992275
20260623_203847_709953,web_search,0,web_search,1,7,3,0.071458,0.963800
20260623_203847_709953,web_search,0,web_search,1,7,4,0.102583,0.987378
20260623_203847_709953,web_search,0,web_search,1,7,5,0.074364,0.969183
20260623_203847_709953,web_search,0,web_search,1,7,6,0.155718,0.964860
20260623_203847_709953,web_search,0,web_search,1,7,7,0.122460,0.984828
20260623_203847_709953,web_search,0,web_search,1,8,0,0.116231,0.990365
20260623_203847_709953,web_search,0,web_search,1,8,1,0.202113,0.937944
20260623_203847_709953,web_search,0,web_search,1,8,2,0.133705,0.988593
20260623_203847_709953,web_search,0,web_search,1,8,3,0.154596,0.970565
20260623_203847_709953,web_search,0,web_search,1,8,4,0.186320,0.966934
20260623_203847_709953,web_search,0,web_search,1,8,5,0.096419,0.986893
20260623_203847_709953,web_search,0,web_search,1,8,6,0.099346,0.986322
20260623_203847_709953,web_search,0,web_search,1,8,7,0.104927,0.989214
20260623_203847_709953,web_search,0,web_search,1,9,0,0.164596,0.975853
20260623_203847_709953,web_search,0,web_search,1,9,1,0.096643,0.992634
20260623_203847_709953,web_search,0,web_search,1,9,2,0.143335,0.976972
20260623_203847_709953,web_search,0,web_search,1,9,3,0.127964,0.982756
20260623_203847_709953,web_search,0,web_search,1,9,4,0.103967,0.984601
20260623_203847_709953,web_search,0,web_search,1,9,5,0.077083,0.976415
20260623_203847_709953,web_search,0,web_search,1,9,6,0.100228,0.977478
20260623_203847_709953,web_search,0,web_search,1,9,7,0.178635,0.974394
20260623_203847_709953,web_search,0,web_search,1,10,0,0.113988,0.992232
20260623_203847_709953,web_search,0,web_search,1,10,1,0.179765,0.930567
20260623_203847_709953,web_search,0,web_search,1,10,2,0.089009,0.982903
20260623_203847_709953,web_search,0,web_search,1,10,3,0.085948,0.959332
20260623_203847_709953,web_search,0,web_search,1,10,4,0.153241,0.980254
20260623_203847_709953,web_search,0,web_search,1,10,5,0.111071,0.993409
20260623_203847_709953,web_search,0,web_search,1,10,6,0.174618,0.920075
20260623_203847_709953,web_search,0,web_search,1,10,7,0.187358,0.963512
20260623_203847_709953,web_search,0,web_search,1,11,0,0.106031,0.975981
20260623_203847_709953,web_search,0,web_search,1,11,1,0.216175,0.948635
20260623_203847_709953,web_search,0,web_search,1,11,2,0.151152,0.973964
20260623_203847_709953,web_search,0,web_search,1,11,3,0.148592,0.969016
20260623_203847_709953,web_search,0,web_search,1,11,4,0.252625,0.942932
20260623_203847_709953,web_search,0,web_search,1,11,5,0.089237,0.974777
20260623_203847_709953,web_search,0,web_search,1,11,6,0.116375,0.982892
20260623_203847_709953,web_search,0,web_search,1,11,7,0.157859,0.955832
20260623_203847_709953,web_search,0,web_search,1,12,0,0.212523,0.963694
20260623_203847_709953,web_search,0,web_search,1,12,1,0.153889,0.964183
20260623_203847_709953,web_search,0,web_search,1,12,2,0.262448,0.985822
20260623_203847_709953,web_search,0,web_search,1,12,3,0.202784,0.970613
20260623_203847_709953,web_search,0,web_search,1,12,4,0.150283,0.983286
20260623_203847_709953,web_search,0,web_search,1,12,5,0.190911,0.963298
20260623_203847_709953,web_search,0,web_search,1,12,6,0.149527,0.977676
20260623_203847_709953,web_search,0,web_search,1,12,7,0.174797,0.969421
20260623_203847_709953,web_search,0,web_search,1,13,0,0.248837,0.983735
20260623_203847_709953,web_search,0,web_search,1,13,1,0.210083,0.984033
20260623_203847_709953,web_search,0,web_search,1,13,2,0.257028,0.986348
20260623_203847_709953,web_search,0,web_search,1,13,3,0.281346,0.971318
20260623_203847_709953,web_search,0,web_search,1,13,4,0.206942,0.965429
20260623_203847_709953,web_search,0,web_search,1,13,5,0.167723,0.962035
20260623_203847_709953,web_search,0,web_search,1,13,6,0.306143,0.984499
20260623_203847_709953,web_search,0,web_search,1,13,7,0.224487,0.962636
20260623_203847_709953,web_search,0,web_search,1,14,0,0.169062,0.971357
20260623_203847_709953,web_search,0,web_search,1,14,1,0.178025,0.954845
20260623_203847_709953,web_search,0,web_search,1,14,2,0.146021,0.991760
20260623_203847_709953,web_search,0,web_search,1,14,3,0.270464,0.978429
20260623_203847_709953,web_search,0,web_search,1,14,4,0.481296,0.981051
20260623_203847_709953,web_search,0,web_search,1,14,5,0.294064,0.964463
20260623_203847_709953,web_search,0,web_search,1,14,6,0.306918,0.981076
20260623_203847_709953,web_search,0,web_search,1,14,7,0.165305,0.984782
20260623_203847_709953,web_search,0,web_search,1,15,0,0.261043,0.980513
20260623_203847_709953,web_search,0,web_search,1,15,1,0.231448,0.984548
20260623_203847_709953,web_search,0,web_search,1,15,2,0.198580,0.981982
20260623_203847_709953,web_search,0,web_search,1,15,3,0.215299,0.981942
20260623_203847_709953,web_search,0,web_search,1,15,4,0.346105,0.977666
20260623_203847_709953,web_search,0,web_search,1,15,5,0.379376,0.962976
20260623_203847_709953,web_search,0,web_search,1,15,6,0.220100,0.982539
20260623_203847_709953,web_search,0,web_search,1,15,7,0.196594,0.985598
20260623_203847_709953,web_search,0,web_search,1,16,0,0.302683,0.965158
20260623_203847_709953,web_search,0,web_search,1,16,1,0.616231,0.914049
20260623_203847_709953,web_search,0,web_search,1,16,2,0.267104,0.978242
20260623_203847_709953,web_search,0,web_search,1,16,3,0.246501,0.960954
20260623_203847_709953,web_search,0,web_search,1,16,4,0.332778,0.974370
20260623_203847_709953,web_search,0,web_search,1,16,5,0.306109,0.973654
20260623_203847_709953,web_search,0,web_search,1,16,6,0.273188,0.976783
20260623_203847_709953,web_search,0,web_search,1,16,7,0.316887,0.983504
20260623_203847_709953,web_search,0,web_search,1,17,0,0.350335,0.976699
20260623_203847_709953,web_search,0,web_search,1,17,1,0.307030,0.967219
20260623_203847_709953,web_search,0,web_search,1,17,2,0.360043,0.955976
20260623_203847_709953,web_search,0,web_search,1,17,3,0.466488,0.965923
20260623_203847_709953,web_search,0,web_search,1,17,4,0.209123,0.983871
20260623_203847_709953,web_search,0,web_search,1,17,5,0.355692,0.965432
20260623_203847_709953,web_search,0,web_search,1,17,6,0.310915,0.984050
20260623_203847_709953,web_search,0,web_search,1,17,7,0.278751,0.979288
20260623_203847_709953,web_search,0,web_search,1,18,0,0.737376,0.960290
20260623_203847_709953,web_search,0,web_search,1,18,1,0.262288,0.968787
20260623_203847_709953,web_search,0,web_search,1,18,2,0.437386,0.965129
20260623_203847_709953,web_search,0,web_search,1,18,3,0.436282,0.974753
20260623_203847_709953,web_search,0,web_search,1,18,4,0.262231,0.973576
20260623_203847_709953,web_search,0,web_search,1,18,5,0.371866,0.974729
20260623_203847_709953,web_search,0,web_search,1,18,6,0.283846,0.962677
20260623_203847_709953,web_search,0,web_search,1,18,7,0.386535,0.963380
20260623_203847_709953,web_search,0,web_search,1,19,0,0.339106,0.961873
20260623_203847_709953,web_search,0,web_search,1,19,1,0.520702,0.939279
20260623_203847_709953,web_search,0,web_search,1,19,2,0.294516,0.954863
20260623_203847_709953,web_search,0,web_search,1,19,3,0.345335,0.978940
20260623_203847_709953,web_search,0,web_search,1,19,4,0.491787,0.971728
20260623_203847_709953,web_search,0,web_search,1,19,5,0.587685,0.925666
20260623_203847_709953,web_search,0,web_search,1,19,6,0.300279,0.963016
20260623_203847_709953,web_search,0,web_search,1,19,7,0.518434,0.968875
20260623_203847_709953,web_search,0,web_search,1,20,0,0.687798,0.926389
20260623_203847_709953,web_search,0,web_search,1,20,1,0.395690,0.975374
20260623_203847_709953,web_search,0,web_search,1,20,2,0.668578,0.947654
20260623_203847_709953,web_search,0,web_search,1,20,3,0.534561,0.939561
20260623_203847_709953,web_search,0,web_search,1,20,4,0.578349,0.944303
20260623_203847_709953,web_search,0,web_search,1,20,5,0.354807,0.979126
20260623_203847_709953,web_search,0,web_search,1,20,6,0.550763,0.975606
20260623_203847_709953,web_search,0,web_search,1,20,7,0.451320,0.978154
20260623_203847_709953,web_search,0,web_search,1,21,0,0.557271,0.982492
20260623_203847_709953,web_search,0,web_search,1,21,1,0.684846,0.984331
20260623_203847_709953,web_search,0,web_search,1,21,2,0.535188,0.978968
20260623_203847_709953,web_search,0,web_search,1,21,3,0.359389,0.967693
20260623_203847_709953,web_search,0,web_search,1,21,4,0.330283,0.977598
20260623_203847_709953,web_search,0,web_search,1,21,5,0.888085,0.954670
20260623_203847_709953,web_search,0,web_search,1,21,6,0.427858,0.965849
20260623_203847_709953,web_search,0,web_search,1,21,7,0.376639,0.966215
20260623_203847_709953,web_search,0,web_search,1,22,0,0.634416,0.915724
20260623_203847_709953,web_search,0,web_search,1,22,1,0.305259,0.962313
20260623_203847_709953,web_search,0,web_search,1,22,2,0.612086,0.952876
20260623_203847_709953,web_search,0,web_search,1,22,3,0.567206,0.974985
20260623_203847_709953,web_search,0,web_search,1,22,4,0.577027,0.964027
20260623_203847_709953,web_search,0,web_search,1,22,5,0.638692,0.967533
20260623_203847_709953,web_search,0,web_search,1,22,6,0.385061,0.972832
20260623_203847_709953,web_search,0,web_search,1,22,7,0.729231,0.967633
20260623_203847_709953,web_search,0,web_search,1,23,0,0.682732,0.942560
20260623_203847_709953,web_search,0,web_search,1,23,1,0.713526,0.962736
20260623_203847_709953,web_search,0,web_search,1,23,2,0.578390,0.963756
20260623_203847_709953,web_search,0,web_search,1,23,3,0.393964,0.980282
20260623_203847_709953,web_search,0,web_search,1,23,4,0.567884,0.937437
20260623_203847_709953,web_search,0,web_search,1,23,5,0.573822,0.955152
20260623_203847_709953,web_search,0,web_search,1,23,6,0.590870,0.965145
20260623_203847_709953,web_search,0,web_search,1,23,7,0.587600,0.946581
20260623_203847_709953,web_search,0,web_search,1,24,0,0.716808,0.981189
20260623_203847_709953,web_search,0,web_search,1,24,1,0.751485,0.964793
20260623_203847_709953,web_search,0,web_search,1,24,2,0.605391,0.973173
20260623_203847_709953,web_search,0,web_search,1,24,3,0.609795,0.960472
20260623_203847_709953,web_search,0,web_search,1,24,4,0.575418,0.982044
20260623_203847_709953,web_search,0,web_search,1,24,5,0.682995,0.931532
20260623_203847_709953,web_search,0,web_search,1,24,6,0.684883,0.953935
20260623_203847_709953,web_search,0,web_search,1,24,7,0.485428,0.973411
20260623_203847_709953,web_search,0,web_search,1,25,0,0.706801,0.937010
20260623_203847_709953,web_search,0,web_search,1,25,1,0.707967,0.975468
20260623_203847_709953,web_search,0,web_search,1,25,2,1.116077,0.936543
20260623_203847_709953,web_search,0,web_search,1,25,3,0.672988,0.916723
20260623_203847_709953,web_search,0,web_search,1,25,4,1.178751,0.945977
20260623_203847_709953,web_search,0,web_search,1,25,5,0.672359,0.964352
20260623_203847_709953,web_search,0,web_search,1,25,6,0.560947,0.973668
20260623_203847_709953,web_search,0,web_search,1,25,7,0.502538,0.973850
20260623_203847_709953,web_search,0,web_search,1,26,0,1.006198,0.914161
20260623_203847_709953,web_search,0,web_search,1,26,1,0.797864,0.980960
20260623_203847_709953,web_search,0,web_search,1,26,2,0.524378,0.983784
20260623_203847_709953,web_search,0,web_search,1,26,3,0.626533,0.978577
20260623_203847_709953,web_search,0,web_search,1,26,4,0.650486,0.975461
20260623_203847_709953,web_search,0,web_search,1,26,5,0.459345,0.968404
20260623_203847_709953,web_search,0,web_search,1,26,6,0.936128,0.972388
20260623_203847_709953,web_search,0,web_search,1,26,7,0.622886,0.975026
20260623_203847_709953,web_search,0,web_search,1,27,0,0.965076,0.977268
20260623_203847_709953,web_search,0,web_search,1,27,1,1.444184,0.949839
20260623_203847_709953,web_search,0,web_search,1,27,2,1.365509,0.924298
20260623_203847_709953,web_search,0,web_search,1,27,3,0.630712,0.978521
20260623_203847_709953,web_search,0,web_search,1,27,4,1.108327,0.942620
20260623_203847_709953,web_search,0,web_search,1,27,5,0.622966,0.964544
20260623_203847_709953,web_search,0,web_search,1,27,6,0.644027,0.979030
20260623_203847_709953,web_search,0,web_search,1,27,7,1.202484,0.944568
20260623_203847_709953,web_search,0,web_search,1,28,0,0.703478,0.976375
20260623_203847_709953,web_search,0,web_search,1,28,1,0.739777,0.977181
20260623_203847_709953,web_search,0,web_search,1,28,2,0.661558,0.978530
20260623_203847_709953,web_search,0,web_search,1,28,3,0.803202,0.946652
20260623_203847_709953,web_search,0,web_search,1,28,4,0.908855,0.969962
20260623_203847_709953,web_search,0,web_search,1,28,5,1.091087,0.974282
20260623_203847_709953,web_search,0,web_search,1,28,6,0.715510,0.981141
20260623_203847_709953,web_search,0,web_search,1,28,7,0.698604,0.965122
20260623_203847_709953,web_search,0,web_search,1,29,0,0.932439,0.964747
20260623_203847_709953,web_search,0,web_search,1,29,1,0.972744,0.968697
20260623_203847_709953,web_search,0,web_search,1,29,2,0.745027,0.957442
20260623_203847_709953,web_search,0,web_search,1,29,3,1.803107,0.980812
20260623_203847_709953,web_search,0,web_search,1,29,4,1.060439,0.977949
20260623_203847_709953,web_search,0,web_search,1,29,5,1.245474,0.973714
20260623_203847_709953,web_search,0,web_search,1,29,6,0.949298,0.970731
20260623_203847_709953,web_search,0,web_search,1,29,7,1.989231,0.974562
20260623_203847_709953,web_search,0,web_search,1,30,0,0.818151,0.970749
20260623_203847_709953,web_search,0,web_search,1,30,1,1.218868,0.976565
20260623_203847_709953,web_search,0,web_search,1,30,2,1.034202,0.968354
20260623_203847_709953,web_search,0,web_search,1,30,3,1.874276,0.981322
20260623_203847_709953,web_search,0,web_search,1,30,4,1.797534,0.971312
20260623_203847_709953,web_search,0,web_search,1,30,5,0.935242,0.974184
20260623_203847_709953,web_search,0,web_search,1,30,6,1.397237,0.949633
20260623_203847_709953,web_search,0,web_search,1,30,7,2.359452,0.958574
20260623_203847_709953,web_search,0,web_search,1,31,0,1.349715,0.981172
20260623_203847_709953,web_search,0,web_search,1,31,1,1.303317,0.983318
20260623_203847_709953,web_search,0,web_search,1,31,2,0.992087,0.976237
20260623_203847_709953,web_search,0,web_search,1,31,3,1.338173,0.983540
20260623_203847_709953,web_search,0,web_search,1,31,4,1.300211,0.980858
20260623_203847_709953,web_search,0,web_search,1,31,5,1.378118,0.945384
20260623_203847_709953,web_search,0,web_search,1,31,6,2.784348,0.940810
20260623_203847_709953,web_search,0,web_search,1,31,7,1.975181,0.935182
20260623_203847_709953,web_search,0,web_search,1,32,0,1.895884,0.972989
20260623_203847_709953,web_search,0,web_search,1,32,1,1.404419,0.960911
20260623_203847_709953,web_search,0,web_search,1,32,2,1.122156,0.969527
20260623_203847_709953,web_search,0,web_search,1,32,3,1.400608,0.981208
20260623_203847_709953,web_search,0,web_search,1,32,4,3.059461,0.980357
20260623_203847_709953,web_search,0,web_search,1,32,5,1.310131,0.974366
20260623_203847_709953,web_search,0,web_search,1,32,6,1.998859,0.978995
20260623_203847_709953,web_search,0,web_search,1,32,7,2.575681,0.964349
20260623_203847_709953,web_search,0,web_search,1,33,0,1.484682,0.974570
20260623_203847_709953,web_search,0,web_search,1,33,1,1.199360,0.977857
20260623_203847_709953,web_search,0,web_search,1,33,2,1.600541,0.973554
20260623_203847_709953,web_search,0,web_search,1,33,3,1.764435,0.976741
20260623_203847_709953,web_search,0,web_search,1,33,4,1.653026,0.966181
20260623_203847_709953,web_search,0,web_search,1,33,5,1.410869,0.985762
20260623_203847_709953,web_search,0,web_search,1,33,6,1.622301,0.964676
20260623_203847_709953,web_search,0,web_search,1,33,7,2.382121,0.958974
20260623_203847_709953,web_search,0,web_search,1,34,0,3.827570,0.968976
20260623_203847_709953,web_search,0,web_search,1,34,1,1.465268,0.974618
20260623_203847_709953,web_search,0,web_search,1,34,2,1.454517,0.986817
20260623_203847_709953,web_search,0,web_search,1,34,3,1.532300,0.987790
20260623_203847_709953,web_search,0,web_search,1,34,4,3.146088,0.961540
20260623_203847_709953,web_search,0,web_search,1,34,5,2.165812,0.961099
20260623_203847_709953,web_search,0,web_search,1,34,6,1.807321,0.974168
20260623_203847_709953,web_search,0,web_search,1,34,7,1.711660,0.979716
20260623_203847_709953,web_search,0,web_search,1,35,0,1.912008,0.986747
20260623_203847_709953,web_search,0,web_search,1,35,1,1.885803,0.972165
20260623_203847_709953,web_search,0,web_search,1,35,2,1.899182,0.980356
20260623_203847_709953,web_search,0,web_search,1,35,3,1.685356,0.979204
20260623_203847_709953,web_search,0,web_search,1,35,4,2.085113,0.985552
20260623_203847_709953,web_search,0,web_search,1,35,5,2.868787,0.975323
20260623_203847_709953,web_search,0,web_search,1,35,6,1.926730,0.986555
20260623_203847_709953,web_search,0,web_search,1,35,7,2.973291,0.965390
20260623_203847_709953,web_search,0,web_search,1,36,0,2.472270,0.982291
20260623_203847_709953,web_search,0,web_search,1,36,1,4.760338,0.987127
20260623_203847_709953,web_search,0,web_search,1,36,2,2.696877,0.956890
20260623_203847_709953,web_search,0,web_search,1,36,3,2.985346,0.960945
20260623_203847_709953,web_search,0,web_search,1,36,4,2.888866,0.972390
20260623_203847_709953,web_search,0,web_search,1,36,5,1.772227,0.985329
20260623_203847_709953,web_search,0,web_search,1,36,6,3.727739,0.971771
20260623_203847_709953,web_search,0,web_search,1,36,7,2.560827,0.978099
20260623_203847_709953,web_search,0,web_search,1,37,0,2.084195,0.980974
20260623_203847_709953,web_search,0,web_search,1,37,1,2.234462,0.982712
20260623_203847_709953,web_search,0,web_search,1,37,2,4.688511,0.962934
20260623_203847_709953,web_search,0,web_search,1,37,3,2.386203,0.977701
20260623_203847_709953,web_search,0,web_search,1,37,4,6.231148,0.963183
20260623_203847_709953,web_search,0,web_search,1,37,5,2.721080,0.978821
20260623_203847_709953,web_search,0,web_search,1,37,6,4.842354,0.939352
20260623_203847_709953,web_search,0,web_search,1,37,7,6.539796,0.980557
20260623_203847_709953,web_search,0,web_search,1,38,0,6.327604,0.988843
20260623_203847_709953,web_search,0,web_search,1,38,1,2.589647,0.976345
20260623_203847_709953,web_search,0,web_search,1,38,2,3.047410,0.959446
20260623_203847_709953,web_search,0,web_search,1,38,3,3.274981,0.977422
20260623_203847_709953,web_search,0,web_search,1,38,4,2.761624,0.971525
20260623_203847_709953,web_search,0,web_search,1,38,5,3.384247,0.948258
20260623_203847_709953,web_search,0,web_search,1,38,6,3.638753,0.991278
20260623_203847_709953,web_search,0,web_search,1,38,7,2.611359,0.983961
20260623_203847_709953,web_search,0,web_search,1,39,0,2.864042,0.976984
20260623_203847_709953,web_search,0,web_search,1,39,1,2.860326,0.952623
20260623_203847_709953,web_search,0,web_search,1,39,2,4.381872,0.953426
20260623_203847_709953,web_search,0,web_search,1,39,3,2.264809,0.960566
20260623_203847_709953,web_search,0,web_search,1,39,4,2.422290,0.980052
20260623_203847_709953,web_search,0,web_search,1,39,5,5.679634,0.979958
20260623_203847_709953,web_search,0,web_search,1,39,6,2.558649,0.927898
20260623_203847_709953,web_search,0,web_search,1,39,7,4.795982,0.974594
20260623_203847_709953,web_search,0,web_search,2,0,0,0.009161,0.987256
20260623_203847_709953,web_search,0,web_search,2,0,1,0.014106,0.994247
20260623_203847_709953,web_search,0,web_search,2,0,2,0.015906,0.991134
20260623_203847_709953,web_search,0,web_search,2,0,3,0.020741,0.981527
20260623_203847_709953,web_search,0,web_search,2,0,4,0.008917,0.999510
20260623_203847_709953,web_search,0,web_search,2,0,5,0.011517,0.967439
20260623_203847_709953,web_search,0,web_search,2,0,6,0.008888,0.990189
20260623_203847_709953,web_search,0,web_search,2,0,7,0.013909,0.994654
20260623_203847_709953,web_search,0,web_search,2,1,0,0.017486,0.996650
20260623_203847_709953,web_search,0,web_search,2,1,1,0.015561,0.997101
20260623_203847_709953,web_search,0,web_search,2,1,2,0.013660,0.975831
20260623_203847_709953,web_search,0,web_search,2,1,3,0.025709,0.986813
20260623_203847_709953,web_search,0,web_search,2,1,4,0.019222,0.989743
20260623_203847_709953,web_search,0,web_search,2,1,5,0.014944,0.995164
20260623_203847_709953,web_search,0,web_search,2,1,6,0.019561,0.973610
20260623_203847_709953,web_search,0,web_search,2,1,7,0.033125,0.996412
20260623_203847_709953,web_search,0,web_search,2,2,0,0.063148,0.916526
20260623_203847_709953,web_search,0,web_search,2,2,1,0.031945,0.965863
20260623_203847_709953,web_search,0,web_search,2,2,2,0.023650,0.942454
20260623_203847_709953,web_search,0,web_search,2,2,3,0.027820,0.960606
20260623_203847_709953,web_search,0,web_search,2,2,4,0.036143,0.986344
20260623_203847_709953,web_search,0,web_search,2,2,5,0.026449,0.963207
20260623_203847_709953,web_search,0,web_search,2,2,6,0.027528,0.946067
20260623_203847_709953,web_search,0,web_search,2,2,7,0.040343,0.946855
20260623_203847_709953,web_search,0,web_search,2,3,0,0.059737,0.947778
20260623_203847_709953,web_search,0,web_search,2,3,1,0.026733,0.987765
20260623_203847_709953,web_search,0,web_search,2,3,2,0.040897,0.938306
20260623_203847_709953,web_search,0,web_search,2,3,3,0.042112,0.953178
20260623_203847_709953,web_search,0,web_search,2,3,4,0.040759,0.919795
20260623_203847_709953,web_search,0,web_search,2,3,5,0.041462,0.967860
20260623_203847_709953,web_search,0,web_search,2,3,6,0.029255,0.961839
20260623_203847_709953,web_search,0,web_search,2,3,7,0.048793,0.918345
20260623_203847_709953,web_search,0,web_search,2,4,0,0.076024,0.927417
20260623_203847_709953,web_search,0,web_search,2,4,1,0.054880,0.947725
20260623_203847_709953,web_search,0,web_search,2,4,2,0.063586,0.992876
20260623_203847_709953,web_search,0,web_search,2,4,3,0.051437,0.932868
20260623_203847_709953,web_search,0,web_search,2,4,4,0.061747,0.924776
20260623_203847_709953,web_search,0,web_search,2,4,5,0.046411,0.968477
20260623_203847_709953,web_search,0,web_search,2,4,6,0.033741,0.964378
20260623_203847_709953,web_search,0,web_search,2,4,7,0.029085,0.977027
20260623_203847_709953,web_search,0,web_search,2,5,0,0.122230,0.974901
20260623_203847_709953,web_search,0,web_search,2,5,1,0.064523,0.969473
20260623_203847_709953,web_search,0,web_search,2,5,2,0.040735,0.964456
20260623_203847_709953,web_search,0,web_search,2,5,3,0.105489,0.981197
20260623_203847_709953,web_search,0,web_search,2,5,4,0.056354,0.992775
20260623_203847_709953,web_search,0,web_search,2,5,5,0.052468,0.965384
20260623_203847_709953,web_search,0,web_search,2,5,6,0.076349,0.963633
20260623_203847_709953,web_search,0,web_search,2,5,7,0.046671,0.978329
20260623_203847_709953,web_search,0,web_search,2,6,0,0.124286,0.909549
20260623_203847_709953,web_search,0,web_search,2,6,1,0.101780,0.964862
20260623_203847_709953,web_search,0,web_search,2,6,2,0.127549,0.815801
20260623_203847_709953,web_search,0,web_search,2,6,3,0.058856,0.891597
20260623_203847_709953,web_search,0,web_search,2,6,4,0.066743,0.967251
20260623_203847_709953,web_search,0,web_search,2,6,5,0.109729,0.946627
20260623_203847_709953,web_search,0,web_search,2,6,6,0.101451,0.942724
20260623_203847_709953,web_search,0,web_search,2,6,7,0.067058,0.952194
20260623_203847_709953,web_search,0,web_search,2,7,0,0.215336,0.964819
20260623_203847_709953,web_search,0,web_search,2,7,1,0.145110,0.946069
20260623_203847_709953,web_search,0,web_search,2,7,2,0.159695,0.983433
20260623_203847_709953,web_search,0,web_search,2,7,3,0.098806,0.931431
20260623_203847_709953,web_search,0,web_search,2,7,4,0.142292,0.976521
20260623_203847_709953,web_search,0,web_search,2,7,5,0.096519,0.948565
20260623_203847_709953,web_search,0,web_search,2,7,6,0.223741,0.929606
20260623_203847_709953,web_search,0,web_search,2,7,7,0.159789,0.973139
20260623_203847_709953,web_search,0,web_search,2,8,0,0.193254,0.974352
20260623_203847_709953,web_search,0,web_search,2,8,1,0.305804,0.867195
20260623_203847_709953,web_search,0,web_search,2,8,2,0.195103,0.976485
20260623_203847_709953,web_search,0,web_search,2,8,3,0.207469,0.947414
20260623_203847_709953,web_search,0,web_search,2,8,4,0.265569,0.933096
20260623_203847_709953,web_search,0,web_search,2,8,5,0.119687,0.978953
20260623_203847_709953,web_search,0,web_search,2,8,6,0.137497,0.974158
20260623_203847_709953,web_search,0,web_search,2,8,7,0.141367,0.979186
20260623_203847_709953,web_search,0,web_search,2,9,0,0.230190,0.953786
20260623_203847_709953,web_search,0,web_search,2,9,1,0.132071,0.985706
20260623_203847_709953,web_search,0,web_search,2,9,2,0.181690,0.962654
20260623_203847_709953,web_search,0,web_search,2,9,3,0.154969,0.974340
20260623_203847_709953,web_search,0,web_search,2,9,4,0.137262,0.973524
20260623_203847_709953,web_search,0,web_search,2,9,5,0.108639,0.953597
20260623_203847_709953,web_search,0,web_search,2,9,6,0.135489,0.960418
20260623_203847_709953,web_search,0,web_search,2,9,7,0.262279,0.943127
20260623_203847_709953,web_search,0,web_search,2,10,0,0.171981,0.981655
20260623_203847_709953,web_search,0,web_search,2,10,1,0.266623,0.859349
20260623_203847_709953,web_search,0,web_search,2,10,2,0.126237,0.966466
20260623_203847_709953,web_search,0,web_search,2,10,3,0.127423,0.911816
20260623_203847_709953,web_search,0,web_search,2,10,4,0.187826,0.969991
20260623_203847_709953,web_search,0,web_search,2,10,5,0.190117,0.981179
20260623_203847_709953,web_search,0,web_search,2,10,6,0.275286,0.828414
20260623_203847_709953,web_search,0,web_search,2,10,7,0.293398,0.916870
20260623_203847_709953,web_search,0,web_search,2,11,0,0.149583,0.952124
20260623_203847_709953,web_search,0,web_search,2,11,1,0.343540,0.891743
20260623_203847_709953,web_search,0,web_search,2,11,2,0.199687,0.950437
20260623_203847_709953,web_search,0,web_search,2,11,3,0.192898,0.942547
20260623_203847_709953,web_search,0,web_search,2,11,4,0.361567,0.887945
20260623_203847_709953,web_search,0,web_search,2,11,5,0.123489,0.950893
20260623_203847_709953,web_search,0,web_search,2,11,6,0.164284,0.963545
20260623_203847_709953,web_search,0,web_search,2,11,7,0.244125,0.906221
20260623_203847_709953,web_search,0,web_search,2,12,0,0.294178,0.928492
20260623_203847_709953,web_search,0,web_search,2,12,1,0.201881,0.940477
20260623_203847_709953,web_search,0,web_search,2,12,2,0.366671,0.971890
20260623_203847_709953,web_search,0,web_search,2,12,3,0.278979,0.944514
20260623_203847_709953,web_search,0,web_search,2,12,4,0.188906,0.972348
20260623_203847_709953,web_search,0,web_search,2,12,5,0.266942,0.922102
20260623_203847_709953,web_search,0,web_search,2,12,6,0.189380,0.964310
20260623_203847_709953,web_search,0,web_search,2,12,7,0.228158,0.944633
20260623_203847_709953,web_search,0,web_search,2,13,0,0.365400,0.963574
20260623_203847_709953,web_search,0,web_search,2,13,1,0.263616,0.973357
20260623_203847_709953,web_search,0,web_search,2,13,2,0.342646,0.974698
20260623_203847_709953,web_search,0,web_search,2,13,3,0.384153,0.941820
20260623_203847_709953,web_search,0,web_search,2,13,4,0.282025,0.928795
20260623_203847_709953,web_search,0,web_search,2,13,5,0.226707,0.926151
20260623_203847_709953,web_search,0,web_search,2,13,6,0.390446,0.974172
20260623_203847_709953,web_search,0,web_search,2,13,7,0.340694,0.916737
20260623_203847_709953,web_search,0,web_search,2,14,0,0.225864,0.945197
20260623_203847_709953,web_search,0,web_search,2,14,1,0.240828,0.910799
20260623_203847_709953,web_search,0,web_search,2,14,2,0.222988,0.980971
20260623_203847_709953,web_search,0,web_search,2,14,3,0.385839,0.950883
20260623_203847_709953,web_search,0,web_search,2,14,4,0.695218,0.959673
20260623_203847_709953,web_search,0,web_search,2,14,5,0.400757,0.932012
20260623_203847_709953,web_search,0,web_search,2,14,6,0.362441,0.973156
20260623_203847_709953,web_search,0,web_search,2,14,7,0.212080,0.974196
20260623_203847_709953,web_search,0,web_search,2,15,0,0.401913,0.955219
20260623_203847_709953,web_search,0,web_search,2,15,1,0.300109,0.973985
20260623_203847_709953,web_search,0,web_search,2,15,2,0.276484,0.964985
20260623_203847_709953,web_search,0,web_search,2,15,3,0.273617,0.969529
20260623_203847_709953,web_search,0,web_search,2,15,4,0.497574,0.954529
20260623_203847_709953,web_search,0,web_search,2,15,5,0.563634,0.920964
20260623_203847_709953,web_search,0,web_search,2,15,6,0.326821,0.962289
20260623_203847_709953,web_search,0,web_search,2,15,7,0.283524,0.969798
20260623_203847_709953,web_search,0,web_search,2,16,0,0.488584,0.916006
20260623_203847_709953,web_search,0,web_search,2,16,1,0.899632,0.831594
20260623_203847_709953,web_search,0,web_search,2,16,2,0.355059,0.960651
20260623_203847_709953,web_search,0,web_search,2,16,3,0.363778,0.919335
20260623_203847_709953,web_search,0,web_search,2,16,4,0.442678,0.953767
20260623_203847_709953,web_search,0,web_search,2,16,5,0.387187,0.957335
20260623_203847_709953,web_search,0,web_search,2,16,6,0.344899,0.962586
20260623_203847_709953,web_search,0,web_search,2,16,7,0.376145,0.974943
20260623_203847_709953,web_search,0,web_search,2,17,0,0.472252,0.956126
20260623_203847_709953,web_search,0,web_search,2,17,1,0.472255,0.926522
20260623_203847_709953,web_search,0,web_search,2,17,2,0.500565,0.914510
20260623_203847_709953,web_search,0,web_search,2,17,3,0.720940,0.920963
20260623_203847_709953,web_search,0,web_search,2,17,4,0.311076,0.964480
20260623_203847_709953,web_search,0,web_search,2,17,5,0.512577,0.927071
20260623_203847_709953,web_search,0,web_search,2,17,6,0.391073,0.973108
20260623_203847_709953,web_search,0,web_search,2,17,7,0.336043,0.968454
20260623_203847_709953,web_search,0,web_search,2,18,0,0.952066,0.932989
20260623_203847_709953,web_search,0,web_search,2,18,1,0.362926,0.937688
20260623_203847_709953,web_search,0,web_search,2,18,2,0.666087,0.922138
20260623_203847_709953,web_search,0,web_search,2,18,3,0.495271,0.967666
20260623_203847_709953,web_search,0,web_search,2,18,4,0.416568,0.938661
20260623_203847_709953,web_search,0,web_search,2,18,5,0.472754,0.958507
20260623_203847_709953,web_search,0,web_search,2,18,6,0.446200,0.921393
20260623_203847_709953,web_search,0,web_search,2,18,7,0.574062,0.923603
20260623_203847_709953,web_search,0,web_search,2,19,0,0.567820,0.899565
20260623_203847_709953,web_search,0,web_search,2,19,1,0.933151,0.862490
20260623_203847_709953,web_search,0,web_search,2,19,2,0.394751,0.919732
20260623_203847_709953,web_search,0,web_search,2,19,3,0.508919,0.954063
20260623_203847_709953,web_search,0,web_search,2,19,4,0.638872,0.950499
20260623_203847_709953,web_search,0,web_search,2,19,5,0.943555,0.846353
20260623_203847_709953,web_search,0,web_search,2,19,6,0.402049,0.938827
20260623_203847_709953,web_search,0,web_search,2,19,7,0.767220,0.927996
20260623_203847_709953,web_search,0,web_search,2,20,0,1.102453,0.842790
20260623_203847_709953,web_search,0,web_search,2,20,1,0.573331,0.947826
20260623_203847_709953,web_search,0,web_search,2,20,2,0.873168,0.908948
20260623_203847_709953,web_search,0,web_search,2,20,3,0.813361,0.884907
20260623_203847_709953,web_search,0,web_search,2,20,4,0.848505,0.886441
20260623_203847_709953,web_search,0,web_search,2,20,5,0.470279,0.960592
20260623_203847_709953,web_search,0,web_search,2,20,6,1.010320,0.935354
20260623_203847_709953,web_search,0,web_search,2,20,7,0.580968,0.961426
20260623_203847_709953,web_search,0,web_search,2,21,0,0.651946,0.975625
20260623_203847_709953,web_search,0,web_search,2,21,1,0.907980,0.971201
20260623_203847_709953,web_search,0,web_search,2,21,2,0.631226,0.971133
20260623_203847_709953,web_search,0,web_search,2,21,3,0.442975,0.950103
20260623_203847_709953,web_search,0,web_search,2,21,4,0.496073,0.949060
20260623_203847_709953,web_search,0,web_search,2,21,5,1.238729,0.909637
20260623_203847_709953,web_search,0,web_search,2,21,6,0.546817,0.939483
20260623_203847_709953,web_search,0,web_search,2,21,7,0.488852,0.939260
20260623_203847_709953,web_search,0,web_search,2,22,0,0.945577,0.841863
20260623_203847_709953,web_search,0,web_search,2,22,1,0.453314,0.917590
20260623_203847_709953,web_search,0,web_search,2,22,2,0.987890,0.874175
20260623_203847_709953,web_search,0,web_search,2,22,3,0.738081,0.955931
20260623_203847_709953,web_search,0,web_search,2,22,4,0.680941,0.952936
20260623_203847_709953,web_search,0,web_search,2,22,5,0.792394,0.945448
20260623_203847_709953,web_search,0,web_search,2,22,6,0.469155,0.956944
20260623_203847_709953,web_search,0,web_search,2,22,7,0.935702,0.947865
20260623_203847_709953,web_search,0,web_search,2,23,0,0.889727,0.905724
20260623_203847_709953,web_search,0,web_search,2,23,1,0.901782,0.942551
20260623_203847_709953,web_search,0,web_search,2,23,2,0.814818,0.924462
20260623_203847_709953,web_search,0,web_search,2,23,3,0.552990,0.956061
20260623_203847_709953,web_search,0,web_search,2,23,4,0.854898,0.875135
20260623_203847_709953,web_search,0,web_search,2,23,5,0.771303,0.919088
20260623_203847_709953,web_search,0,web_search,2,23,6,0.789595,0.941294
20260623_203847_709953,web_search,0,web_search,2,23,7,0.812014,0.909218
20260623_203847_709953,web_search,0,web_search,2,24,0,0.888873,0.970988
20260623_203847_709953,web_search,0,web_search,2,24,1,0.982402,0.939621
20260623_203847_709953,web_search,0,web_search,2,24,2,0.830585,0.947267
20260623_203847_709953,web_search,0,web_search,2,24,3,0.749608,0.940875
20260623_203847_709953,web_search,0,web_search,2,24,4,0.696551,0.972999
20260623_203847_709953,web_search,0,web_search,2,24,5,0.787806,0.910889
20260623_203847_709953,web_search,0,web_search,2,24,6,0.999013,0.903934
20260623_203847_709953,web_search,0,web_search,2,24,7,0.657446,0.953341
20260623_203847_709953,web_search,0,web_search,2,25,0,0.908279,0.886727
20260623_203847_709953,web_search,0,web_search,2,25,1,0.854064,0.962283
20260623_203847_709953,web_search,0,web_search,2,25,2,1.511220,0.878658
20260623_203847_709953,web_search,0,web_search,2,25,3,0.841762,0.875123
20260623_203847_709953,web_search,0,web_search,2,25,4,1.437716,0.919633
20260623_203847_709953,web_search,0,web_search,2,25,5,0.850961,0.941375
20260623_203847_709953,web_search,0,web_search,2,25,6,0.715428,0.957307
20260623_203847_709953,web_search,0,web_search,2,25,7,0.662073,0.958429
20260623_203847_709953,web_search,0,web_search,2,26,0,1.343314,0.851563
20260623_203847_709953,web_search,0,web_search,2,26,1,1.148949,0.958833
20260623_203847_709953,web_search,0,web_search,2,26,2,0.656082,0.973265
20260623_203847_709953,web_search,0,web_search,2,26,3,0.783292,0.967043
20260623_203847_709953,web_search,0,web_search,2,26,4,0.892072,0.953012
20260623_203847_709953,web_search,0,web_search,2,26,5,0.598115,0.945630
20260623_203847_709953,web_search,0,web_search,2,26,6,1.246886,0.946411
20260623_203847_709953,web_search,0,web_search,2,26,7,0.765388,0.962214
20260623_203847_709953,web_search,0,web_search,2,27,0,1.183687,0.963633
20260623_203847_709953,web_search,0,web_search,2,27,1,2.052919,0.894732
20260623_203847_709953,web_search,0,web_search,2,27,2,1.880059,0.862063
20260623_203847_709953,web_search,0,web_search,2,27,3,0.879044,0.957484
20260623_203847_709953,web_search,0,web_search,2,27,4,1.274515,0.923245
20260623_203847_709953,web_search,0,web_search,2,27,5,0.833000,0.934414
20260623_203847_709953,web_search,0,web_search,2,27,6,0.832035,0.967457
20260623_203847_709953,web_search,0,web_search,2,27,7,1.850613,0.887258
20260623_203847_709953,web_search,0,web_search,2,28,0,0.901767,0.959988
20260623_203847_709953,web_search,0,web_search,2,28,1,0.904195,0.964039
20260623_203847_709953,web_search,0,web_search,2,28,2,1.003632,0.947609
20260623_203847_709953,web_search,0,web_search,2,28,3,1.243385,0.864490
20260623_203847_709953,web_search,0,web_search,2,28,4,1.097550,0.957760
20260623_203847_709953,web_search,0,web_search,2,28,5,1.319073,0.962299
20260623_203847_709953,web_search,0,web_search,2,28,6,1.035783,0.961345
20260623_203847_709953,web_search,0,web_search,2,28,7,0.919212,0.939204
20260623_203847_709953,web_search,0,web_search,2,29,0,1.138819,0.946638
20260623_203847_709953,web_search,0,web_search,2,29,1,1.416109,0.931738
20260623_203847_709953,web_search,0,web_search,2,29,2,0.958256,0.929580
20260623_203847_709953,web_search,0,web_search,2,29,3,2.310042,0.965881
20260623_203847_709953,web_search,0,web_search,2,29,4,1.439485,0.959239
20260623_203847_709953,web_search,0,web_search,2,29,5,1.602606,0.956235
20260623_203847_709953,web_search,0,web_search,2,29,6,1.172736,0.952919
20260623_203847_709953,web_search,0,web_search,2,29,7,3.099927,0.936341
20260623_203847_709953,web_search,0,web_search,2,30,0,1.168604,0.940584
20260623_203847_709953,web_search,0,web_search,2,30,1,1.452285,0.966123
20260623_203847_709953,web_search,0,web_search,2,30,2,1.603872,0.924552
20260623_203847_709953,web_search,0,web_search,2,30,3,2.366994,0.970689
20260623_203847_709953,web_search,0,web_search,2,30,4,2.167296,0.958062
20260623_203847_709953,web_search,0,web_search,2,30,5,1.212215,0.955961
20260623_203847_709953,web_search,0,web_search,2,30,6,1.780693,0.916672
20260623_203847_709953,web_search,0,web_search,2,30,7,3.385387,0.918474
20260623_203847_709953,web_search,0,web_search,2,31,0,1.777955,0.966989
20260623_203847_709953,web_search,0,web_search,2,31,1,1.681555,0.970736
20260623_203847_709953,web_search,0,web_search,2,31,2,1.357939,0.955153
20260623_203847_709953,web_search,0,web_search,2,31,3,1.531426,0.978507
20260623_203847_709953,web_search,0,web_search,2,31,4,1.677279,0.968359
20260623_203847_709953,web_search,0,web_search,2,31,5,1.750433,0.910558
20260623_203847_709953,web_search,0,web_search,2,31,6,4.022654,0.875239
20260623_203847_709953,web_search,0,web_search,2,31,7,2.183516,0.920097
20260623_203847_709953,web_search,0,web_search,2,32,0,2.435918,0.954047
20260623_203847_709953,web_search,0,web_search,2,32,1,1.790214,0.932713
20260623_203847_709953,web_search,0,web_search,2,32,2,1.493335,0.943474
20260623_203847_709953,web_search,0,web_search,2,32,3,1.957485,0.962928
20260623_203847_709953,web_search,0,web_search,2,32,4,4.839421,0.951306
20260623_203847_709953,web_search,0,web_search,2,32,5,1.745545,0.954527
20260623_203847_709953,web_search,0,web_search,2,32,6,2.686144,0.961122
20260623_203847_709953,web_search,0,web_search,2,32,7,3.925988,0.922067
20260623_203847_709953,web_search,0,web_search,2,33,0,2.028670,0.951639
20260623_203847_709953,web_search,0,web_search,2,33,1,1.584094,0.962135
20260623_203847_709953,web_search,0,web_search,2,33,2,2.227254,0.952090
20260623_203847_709953,web_search,0,web_search,2,33,3,2.131399,0.965634
20260623_203847_709953,web_search,0,web_search,2,33,4,2.070977,0.946584
20260623_203847_709953,web_search,0,web_search,2,33,5,1.964091,0.972168
20260623_203847_709953,web_search,0,web_search,2,33,6,2.132319,0.938216
20260623_203847_709953,web_search,0,web_search,2,33,7,2.698565,0.946972
20260623_203847_709953,web_search,0,web_search,2,34,0,4.637680,0.950092
20260623_203847_709953,web_search,0,web_search,2,34,1,2.030864,0.952828
20260623_203847_709953,web_search,0,web_search,2,34,2,2.182386,0.970246
20260623_203847_709953,web_search,0,web_search,2,34,3,2.249269,0.973504
20260623_203847_709953,web_search,0,web_search,2,34,4,4.338499,0.922183
20260623_203847_709953,web_search,0,web_search,2,34,5,3.135663,0.917460
20260623_203847_709953,web_search,0,web_search,2,34,6,2.539669,0.949610
20260623_203847_709953,web_search,0,web_search,2,34,7,2.318240,0.961174
20260623_203847_709953,web_search,0,web_search,2,35,0,2.444901,0.978183
20260623_203847_709953,web_search,0,web_search,2,35,1,2.545828,0.949920
20260623_203847_709953,web_search,0,web_search,2,35,2,2.537153,0.964699
20260623_203847_709953,web_search,0,web_search,2,35,3,2.208749,0.965495
20260623_203847_709953,web_search,0,web_search,2,35,4,2.905225,0.972635
20260623_203847_709953,web_search,0,web_search,2,35,5,3.770645,0.955873
20260623_203847_709953,web_search,0,web_search,2,35,6,2.434429,0.978027
20260623_203847_709953,web_search,0,web_search,2,35,7,4.003092,0.935339
20260623_203847_709953,web_search,0,web_search,2,36,0,3.297695,0.968159
20260623_203847_709953,web_search,0,web_search,2,36,1,7.296240,0.969490
20260623_203847_709953,web_search,0,web_search,2,36,2,3.697192,0.917397
20260623_203847_709953,web_search,0,web_search,2,36,3,4.199455,0.921383
20260623_203847_709953,web_search,0,web_search,2,36,4,3.778362,0.951740
20260623_203847_709953,web_search,0,web_search,2,36,5,2.403239,0.972783
20260623_203847_709953,web_search,0,web_search,2,36,6,4.232701,0.963891
20260623_203847_709953,web_search,0,web_search,2,36,7,3.125572,0.966495
20260623_203847_709953,web_search,0,web_search,2,37,0,2.797277,0.964555
20260623_203847_709953,web_search,0,web_search,2,37,1,3.142425,0.963971
20260623_203847_709953,web_search,0,web_search,2,37,2,6.220217,0.926148
20260623_203847_709953,web_search,0,web_search,2,37,3,2.963183,0.965170
20260623_203847_709953,web_search,0,web_search,2,37,4,7.778693,0.939240
20260623_203847_709953,web_search,0,web_search,2,37,5,3.579750,0.963910
20260623_203847_709953,web_search,0,web_search,2,37,6,7.407263,0.871266
20260623_203847_709953,web_search,0,web_search,2,37,7,9.472074,0.960448
20260623_203847_709953,web_search,0,web_search,2,38,0,10.272566,0.969402
20260623_203847_709953,web_search,0,web_search,2,38,1,3.353840,0.958860
20260623_203847_709953,web_search,0,web_search,2,38,2,4.114228,0.925997
20260623_203847_709953,web_search,0,web_search,2,38,3,4.761721,0.946643
20260623_203847_709953,web_search,0,web_search,2,38,4,3.836851,0.943376
20260623_203847_709953,web_search,0,web_search,2,38,5,4.781574,0.898199
20260623_203847_709953,web_search,0,web_search,2,38,6,5.286132,0.982627
20260623_203847_709953,web_search,0,web_search,2,38,7,3.745079,0.963996
20260623_203847_709953,web_search,0,web_search,2,39,0,3.862099,0.954524
20260623_203847_709953,web_search,0,web_search,2,39,1,3.987901,0.902365
20260623_203847_709953,web_search,0,web_search,2,39,2,7.448482,0.901181
20260623_203847_709953,web_search,0,web_search,2,39,3,3.966722,0.907853
20260623_203847_709953,web_search,0,web_search,2,39,4,3.311318,0.961370
20260623_203847_709953,web_search,0,web_search,2,39,5,9.667252,0.946540
20260623_203847_709953,web_search,0,web_search,2,39,6,3.712239,0.865897
20260623_203847_709953,web_search,0,web_search,2,39,7,8.162454,0.941287
20260623_203847_709953,web_search,0,web_search,3,0,0,0.010022,0.984545
20260623_203847_709953,web_search,0,web_search,3,0,1,0.013953,0.994382
20260623_203847_709953,web_search,0,web_search,3,0,2,0.015845,0.991274
20260623_203847_709953,web_search,0,web_search,3,0,3,0.019988,0.980801
20260623_203847_709953,web_search,0,web_search,3,0,4,0.009331,0.999498
20260623_203847_709953,web_search,0,web_search,3,0,5,0.011409,0.966624
20260623_203847_709953,web_search,0,web_search,3,0,6,0.009207,0.989753
20260623_203847_709953,web_search,0,web_search,3,0,7,0.013968,0.994607
20260623_203847_709953,web_search,0,web_search,3,1,0,0.018014,0.996630
20260623_203847_709953,web_search,0,web_search,3,1,1,0.016328,0.996819
20260623_203847_709953,web_search,0,web_search,3,1,2,0.013699,0.976348
20260623_203847_709953,web_search,0,web_search,3,1,3,0.024532,0.988138
20260623_203847_709953,web_search,0,web_search,3,1,4,0.018624,0.989588
20260623_203847_709953,web_search,0,web_search,3,1,5,0.015855,0.994780
20260623_203847_709953,web_search,0,web_search,3,1,6,0.019130,0.974404
20260623_203847_709953,web_search,0,web_search,3,1,7,0.032014,0.996821
20260623_203847_709953,web_search,0,web_search,3,2,0,0.077560,0.877247
20260623_203847_709953,web_search,0,web_search,3,2,1,0.036427,0.954746
20260623_203847_709953,web_search,0,web_search,3,2,2,0.028088,0.918201
20260623_203847_709953,web_search,0,web_search,3,2,3,0.034143,0.940935
20260623_203847_709953,web_search,0,web_search,3,2,4,0.042054,0.981519
20260623_203847_709953,web_search,0,web_search,3,2,5,0.029365,0.952246
20260623_203847_709953,web_search,0,web_search,3,2,6,0.030642,0.933473
20260623_203847_709953,web_search,0,web_search,3,2,7,0.049412,0.922005
20260623_203847_709953,web_search,0,web_search,3,3,0,0.069802,0.932112
20260623_203847_709953,web_search,0,web_search,3,3,1,0.029297,0.984839
20260623_203847_709953,web_search,0,web_search,3,3,2,0.047351,0.920318
20260623_203847_709953,web_search,0,web_search,3,3,3,0.044646,0.948058
20260623_203847_709953,web_search,0,web_search,3,3,4,0.047829,0.894907
20260623_203847_709953,web_search,0,web_search,3,3,5,0.043119,0.963731
20260623_203847_709953,web_search,0,web_search,3,3,6,0.031441,0.957283
20260623_203847_709953,web_search,0,web_search,3,3,7,0.055750,0.899232
20260623_203847_709953,web_search,0,web_search,3,4,0,0.088035,0.908031
20260623_203847_709953,web_search,0,web_search,3,4,1,0.061553,0.934045
20260623_203847_709953,web_search,0,web_search,3,4,2,0.072938,0.990604
20260623_203847_709953,web_search,0,web_search,3,4,3,0.056022,0.919951
20260623_203847_709953,web_search,0,web_search,3,4,4,0.076401,0.892730
20260623_203847_709953,web_search,0,web_search,3,4,5,0.054628,0.957041
20260623_203847_709953,web_search,0,web_search,3,4,6,0.039553,0.950181
20260623_203847_709953,web_search,0,web_search,3,4,7,0.033643,0.970234
20260623_203847_709953,web_search,0,web_search,3,5,0,0.147208,0.962492
20260623_203847_709953,web_search,0,web_search,3,5,1,0.072228,0.961899
20260623_203847_709953,web_search,0,web_search,3,5,2,0.044190,0.957418
20260623_203847_709953,web_search,0,web_search,3,5,3,0.131242,0.971402
20260623_203847_709953,web_search,0,web_search,3,5,4,0.060886,0.991687
20260623_203847_709953,web_search,0,web_search,3,5,5,0.057988,0.957241
20260623_203847_709953,web_search,0,web_search,3,5,6,0.089066,0.950853
20260623_203847_709953,web_search,0,web_search,3,5,7,0.055885,0.970343
20260623_203847_709953,web_search,0,web_search,3,6,0,0.163933,0.862742
20260623_203847_709953,web_search,0,web_search,3,6,1,0.127713,0.943789
20260623_203847_709953,web_search,0,web_search,3,6,2,0.166737,0.723316
20260623_203847_709953,web_search,0,web_search,3,6,3,0.076187,0.841813
20260623_203847_709953,web_search,0,web_search,3,6,4,0.081616,0.951655
20260623_203847_709953,web_search,0,web_search,3,6,5,0.136563,0.921024
20260623_203847_709953,web_search,0,web_search,3,6,6,0.135090,0.912962
20260623_203847_709953,web_search,0,web_search,3,6,7,0.083426,0.930225
20260623_203847_709953,web_search,0,web_search,3,7,0,0.275788,0.944480
20260623_203847_709953,web_search,0,web_search,3,7,1,0.171350,0.924751
20260623_203847_709953,web_search,0,web_search,3,7,2,0.205864,0.972086
20260623_203847_709953,web_search,0,web_search,3,7,3,0.123678,0.897662
20260623_203847_709953,web_search,0,web_search,3,7,4,0.186052,0.959900
20260623_203847_709953,web_search,0,web_search,3,7,5,0.117527,0.926220
20260623_203847_709953,web_search,0,web_search,3,7,6,0.295576,0.885439
20260623_203847_709953,web_search,0,web_search,3,7,7,0.197938,0.958278
20260623_203847_709953,web_search,0,web_search,3,8,0,0.255695,0.954335
20260623_203847_709953,web_search,0,web_search,3,8,1,0.402193,0.790113
20260623_203847_709953,web_search,0,web_search,3,8,2,0.256674,0.959816
20260623_203847_709953,web_search,0,web_search,3,8,3,0.263747,0.917263
20260623_203847_709953,web_search,0,web_search,3,8,4,0.334719,0.897853
20260623_203847_709953,web_search,0,web_search,3,8,5,0.144075,0.968875
20260623_203847_709953,web_search,0,web_search,3,8,6,0.166094,0.962735
20260623_203847_709953,web_search,0,web_search,3,8,7,0.181390,0.963944
20260623_203847_709953,web_search,0,web_search,3,9,0,0.277543,0.933387
20260623_203847_709953,web_search,0,web_search,3,9,1,0.167481,0.976833
20260623_203847_709953,web_search,0,web_search,3,9,2,0.230568,0.940569
20260623_203847_709953,web_search,0,web_search,3,9,3,0.183245,0.963870
20260623_203847_709953,web_search,0,web_search,3,9,4,0.172749,0.958400
20260623_203847_709953,web_search,0,web_search,3,9,5,0.137303,0.928056
20260623_203847_709953,web_search,0,web_search,3,9,6,0.170343,0.937942
20260623_203847_709953,web_search,0,web_search,3,9,7,0.344401,0.902911
20260623_203847_709953,web_search,0,web_search,3,10,0,0.223902,0.968448
20260623_203847_709953,web_search,0,web_search,3,10,1,0.338277,0.796047
20260623_203847_709953,web_search,0,web_search,3,10,2,0.151474,0.952301
20260623_203847_709953,web_search,0,web_search,3,10,3,0.165498,0.862357
20260623_203847_709953,web_search,0,web_search,3,10,4,0.222626,0.957755
20260623_203847_709953,web_search,0,web_search,3,10,5,0.261351,0.966134
20260623_203847_709953,web_search,0,web_search,3,10,6,0.364988,0.733556
20260623_203847_709953,web_search,0,web_search,3,10,7,0.393102,0.866664
20260623_203847_709953,web_search,0,web_search,3,11,0,0.185654,0.927656
20260623_203847_709953,web_search,0,web_search,3,11,1,0.460650,0.835942
20260623_203847_709953,web_search,0,web_search,3,11,2,0.247155,0.922146
20260623_203847_709953,web_search,0,web_search,3,11,3,0.247070,0.908729
20260623_203847_709953,web_search,0,web_search,3,11,4,0.462421,0.830141
20260623_203847_709953,web_search,0,web_search,3,11,5,0.163056,0.916895
20260623_203847_709953,web_search,0,web_search,3,11,6,0.204943,0.944425
20260623_203847_709953,web_search,0,web_search,3,11,7,0.322808,0.856918
20260623_203847_709953,web_search,0,web_search,3,12,0,0.369931,0.891337
20260623_203847_709953,web_search,0,web_search,3,12,1,0.255512,0.911189
20260623_203847_709953,web_search,0,web_search,3,12,2,0.476302,0.952307
20260623_203847_709953,web_search,0,web_search,3,12,3,0.349112,0.913387
20260623_203847_709953,web_search,0,web_search,3,12,4,0.228783,0.958680
20260623_203847_709953,web_search,0,web_search,3,12,5,0.341166,0.870987
20260623_203847_709953,web_search,0,web_search,3,12,6,0.228998,0.945219
20260623_203847_709953,web_search,0,web_search,3,12,7,0.290759,0.907568
20260623_203847_709953,web_search,0,web_search,3,13,0,0.464188,0.943066
20260623_203847_709953,web_search,0,web_search,3,13,1,0.316561,0.961074
20260623_203847_709953,web_search,0,web_search,3,13,2,0.424359,0.960298
20260623_203847_709953,web_search,0,web_search,3,13,3,0.467017,0.912819
20260623_203847_709953,web_search,0,web_search,3,13,4,0.328893,0.900634
20260623_203847_709953,web_search,0,web_search,3,13,5,0.276473,0.888938
20260623_203847_709953,web_search,0,web_search,3,13,6,0.467966,0.962575
20260623_203847_709953,web_search,0,web_search,3,13,7,0.456251,0.864637
20260623_203847_709953,web_search,0,web_search,3,14,0,0.277419,0.914450
20260623_203847_709953,web_search,0,web_search,3,14,1,0.286397,0.870695
20260623_203847_709953,web_search,0,web_search,3,14,2,0.290518,0.968360
20260623_203847_709953,web_search,0,web_search,3,14,3,0.508242,0.916031
20260623_203847_709953,web_search,0,web_search,3,14,4,0.895130,0.933247
20260623_203847_709953,web_search,0,web_search,3,14,5,0.518476,0.894421
20260623_203847_709953,web_search,0,web_search,3,14,6,0.403841,0.966742
20260623_203847_709953,web_search,0,web_search,3,14,7,0.257907,0.961811
20260623_203847_709953,web_search,0,web_search,3,15,0,0.531695,0.924132
20260623_203847_709953,web_search,0,web_search,3,15,1,0.351177,0.965442
20260623_203847_709953,web_search,0,web_search,3,15,2,0.338899,0.948086
20260623_203847_709953,web_search,0,web_search,3,15,3,0.326450,0.956697
20260623_203847_709953,web_search,0,web_search,3,15,4,0.637705,0.927012
20260623_203847_709953,web_search,0,web_search,3,15,5,0.747354,0.875116
20260623_203847_709953,web_search,0,web_search,3,15,6,0.424698,0.938801
20260623_203847_709953,web_search,0,web_search,3,15,7,0.360432,0.950997
20260623_203847_709953,web_search,0,web_search,3,16,0,0.651419,0.860960
20260623_203847_709953,web_search,0,web_search,3,16,1,1.145260,0.754823
20260623_203847_709953,web_search,0,web_search,3,16,2,0.427980,0.943080
20260623_203847_709953,web_search,0,web_search,3,16,3,0.460734,0.877945
20260623_203847_709953,web_search,0,web_search,3,16,4,0.559681,0.925709
20260623_203847_709953,web_search,0,web_search,3,16,5,0.430678,0.947003
20260623_203847_709953,web_search,0,web_search,3,16,6,0.404518,0.949015
20260623_203847_709953,web_search,0,web_search,3,16,7,0.444093,0.965539
20260623_203847_709953,web_search,0,web_search,3,17,0,0.611442,0.927455
20260623_203847_709953,web_search,0,web_search,3,17,1,0.631675,0.879721
20260623_203847_709953,web_search,0,web_search,3,17,2,0.650874,0.858155
20260623_203847_709953,web_search,0,web_search,3,17,3,0.970682,0.867662
20260623_203847_709953,web_search,0,web_search,3,17,4,0.412761,0.938706
20260623_203847_709953,web_search,0,web_search,3,17,5,0.674312,0.882364
20260623_203847_709953,web_search,0,web_search,3,17,6,0.472767,0.959520
20260623_203847_709953,web_search,0,web_search,3,17,7,0.436763,0.946386
20260623_203847_709953,web_search,0,web_search,3,18,0,1.187238,0.896807
20260623_203847_709953,web_search,0,web_search,3,18,1,0.458277,0.905332
20260623_203847_709953,web_search,0,web_search,3,18,2,0.877948,0.872902
20260623_203847_709953,web_search,0,web_search,3,18,3,0.590351,0.954717
20260623_203847_709953,web_search,0,web_search,3,18,4,0.567165,0.898785
20260623_203847_709953,web_search,0,web_search,3,18,5,0.570342,0.939038
20260623_203847_709953,web_search,0,web_search,3,18,6,0.600399,0.881182
20260623_203847_709953,web_search,0,web_search,3,18,7,0.743080,0.880314
20260623_203847_709953,web_search,0,web_search,3,19,0,0.767594,0.837156
20260623_203847_709953,web_search,0,web_search,3,19,1,1.331696,0.795261
20260623_203847_709953,web_search,0,web_search,3,19,2,0.506608,0.871105
20260623_203847_709953,web_search,0,web_search,3,19,3,0.679335,0.922093
20260623_203847_709953,web_search,0,web_search,3,19,4,0.792995,0.925132
20260623_203847_709953,web_search,0,web_search,3,19,5,1.282008,0.773383
20260623_203847_709953,web_search,0,web_search,3,19,6,0.528458,0.903312
20260623_203847_709953,web_search,0,web_search,3,19,7,1.050411,0.869624
20260623_203847_709953,web_search,0,web_search,3,20,0,1.433490,0.776442
20260623_203847_709953,web_search,0,web_search,3,20,1,0.762396,0.911801
20260623_203847_709953,web_search,0,web_search,3,20,2,1.092456,0.859665
20260623_203847_709953,web_search,0,web_search,3,20,3,1.080898,0.837228
20260623_203847_709953,web_search,0,web_search,3,20,4,1.116757,0.823974
20260623_203847_709953,web_search,0,web_search,3,20,5,0.570066,0.941291
20260623_203847_709953,web_search,0,web_search,3,20,6,1.423450,0.894009
20260623_203847_709953,web_search,0,web_search,3,20,7,0.680218,0.945225
20260623_203847_709953,web_search,0,web_search,3,21,0,0.716418,0.970623
20260623_203847_709953,web_search,0,web_search,3,21,1,1.104860,0.956988
20260623_203847_709953,web_search,0,web_search,3,21,2,0.704840,0.964557
20260623_203847_709953,web_search,0,web_search,3,21,3,0.533777,0.927188
20260623_203847_709953,web_search,0,web_search,3,21,4,0.652705,0.914630
20260623_203847_709953,web_search,0,web_search,3,21,5,1.561382,0.863562
20260623_203847_709953,web_search,0,web_search,3,21,6,0.673781,0.905703
20260623_203847_709953,web_search,0,web_search,3,21,7,0.595251,0.908815
20260623_203847_709953,web_search,0,web_search,3,22,0,1.188167,0.790400
20260623_203847_709953,web_search,0,web_search,3,22,1,0.609752,0.857636
20260623_203847_709953,web_search,0,web_search,3,22,2,1.309246,0.788718
20260623_203847_709953,web_search,0,web_search,3,22,3,0.885213,0.937636
20260623_203847_709953,web_search,0,web_search,3,22,4,0.782262,0.941702
20260623_203847_709953,web_search,0,web_search,3,22,5,0.930745,0.921124
20260623_203847_709953,web_search,0,web_search,3,22,6,0.544838,0.941293
20260623_203847_709953,web_search,0,web_search,3,22,7,1.122423,0.929361
20260623_203847_709953,web_search,0,web_search,3,23,0,1.052792,0.873104
20260623_203847_709953,web_search,0,web_search,3,23,1,1.026332,0.928740
20260623_203847_709953,web_search,0,web_search,3,23,2,1.027916,0.882375
20260623_203847_709953,web_search,0,web_search,3,23,3,0.701089,0.927244
20260623_203847_709953,web_search,0,web_search,3,23,4,1.125082,0.809001
20260623_203847_709953,web_search,0,web_search,3,23,5,0.952376,0.879850
20260623_203847_709953,web_search,0,web_search,3,23,6,0.927089,0.923614
20260623_203847_709953,web_search,0,web_search,3,23,7,0.995981,0.881340
20260623_203847_709953,web_search,0,web_search,3,24,0,0.960267,0.966838
20260623_203847_709953,web_search,0,web_search,3,24,1,1.196720,0.912079
20260623_203847_709953,web_search,0,web_search,3,24,2,1.018298,0.919933
20260623_203847_709953,web_search,0,web_search,3,24,3,0.853556,0.925608
20260623_203847_709953,web_search,0,web_search,3,24,4,0.807740,0.963407
20260623_203847_709953,web_search,0,web_search,3,24,5,0.888949,0.888405
20260623_203847_709953,web_search,0,web_search,3,24,6,1.327740,0.843094
20260623_203847_709953,web_search,0,web_search,3,24,7,0.764385,0.939433
20260623_203847_709953,web_search,0,web_search,3,25,0,1.060689,0.838879
20260623_203847_709953,web_search,0,web_search,3,25,1,0.974720,0.950113
20260623_203847_709953,web_search,0,web_search,3,25,2,1.860739,0.817703
20260623_203847_709953,web_search,0,web_search,3,25,3,0.936280,0.846137
20260623_203847_709953,web_search,0,web_search,3,25,4,1.688533,0.890210
20260623_203847_709953,web_search,0,web_search,3,25,5,1.025894,0.916439
20260623_203847_709953,web_search,0,web_search,3,25,6,0.790776,0.947761
20260623_203847_709953,web_search,0,web_search,3,25,7,0.799516,0.945324
20260623_203847_709953,web_search,0,web_search,3,26,0,1.677757,0.777993
20260623_203847_709953,web_search,0,web_search,3,26,1,1.495656,0.927994
20260623_203847_709953,web_search,0,web_search,3,26,2,0.760887,0.963564
20260623_203847_709953,web_search,0,web_search,3,26,3,0.862535,0.961536
20260623_203847_709953,web_search,0,web_search,3,26,4,1.099877,0.929263
20260623_203847_709953,web_search,0,web_search,3,26,5,0.722973,0.921256
20260623_203847_709953,web_search,0,web_search,3,26,6,1.542864,0.915379
20260623_203847_709953,web_search,0,web_search,3,26,7,0.850879,0.954268
20260623_203847_709953,web_search,0,web_search,3,27,0,1.381400,0.950876
20260623_203847_709953,web_search,0,web_search,3,27,1,2.567197,0.835760
20260623_203847_709953,web_search,0,web_search,3,27,2,2.346537,0.801446
20260623_203847_709953,web_search,0,web_search,3,27,3,1.122416,0.929720
20260623_203847_709953,web_search,0,web_search,3,27,4,1.421037,0.903949
20260623_203847_709953,web_search,0,web_search,3,27,5,0.962261,0.913021
20260623_203847_709953,web_search,0,web_search,3,27,6,0.982492,0.957098
20260623_203847_709953,web_search,0,web_search,3,27,7,2.503946,0.827040
20260623_203847_709953,web_search,0,web_search,3,28,0,1.066888,0.943306
20260623_203847_709953,web_search,0,web_search,3,28,1,1.039448,0.952032
20260623_203847_709953,web_search,0,web_search,3,28,2,1.331716,0.904303
20260623_203847_709953,web_search,0,web_search,3,28,3,1.620040,0.777788
20260623_203847_709953,web_search,0,web_search,3,28,4,1.265746,0.947048
20260623_203847_709953,web_search,0,web_search,3,28,5,1.418276,0.956267
20260623_203847_709953,web_search,0,web_search,3,28,6,1.369921,0.934325
20260623_203847_709953,web_search,0,web_search,3,28,7,1.081287,0.916884
20260623_203847_709953,web_search,0,web_search,3,29,0,1.360405,0.922792
20260623_203847_709953,web_search,0,web_search,3,29,1,1.788900,0.890171
20260623_203847_709953,web_search,0,web_search,3,29,2,1.151730,0.901506
20260623_203847_709953,web_search,0,web_search,3,29,3,2.746352,0.950297
20260623_203847_709953,web_search,0,web_search,3,29,4,1.760896,0.942227
20260623_203847_709953,web_search,0,web_search,3,29,5,1.974493,0.932398
20260623_203847_709953,web_search,0,web_search,3,29,6,1.361877,0.935066
20260623_203847_709953,web_search,0,web_search,3,29,7,4.048255,0.889804
20260623_203847_709953,web_search,0,web_search,3,30,0,1.437843,0.911297
20260623_203847_709953,web_search,0,web_search,3,30,1,1.699305,0.953812
20260623_203847_709953,web_search,0,web_search,3,30,2,2.154912,0.868431
20260623_203847_709953,web_search,0,web_search,3,30,3,2.936381,0.954285
20260623_203847_709953,web_search,0,web_search,3,30,4,2.518969,0.942537
20260623_203847_709953,web_search,0,web_search,3,30,5,1.416197,0.939389
20260623_203847_709953,web_search,0,web_search,3,30,6,2.138240,0.879518
20260623_203847_709953,web_search,0,web_search,3,30,7,4.262069,0.882104
20260623_203847_709953,web_search,0,web_search,3,31,0,2.095792,0.955681
20260623_203847_709953,web_search,0,web_search,3,31,1,2.092853,0.955718
20260623_203847_709953,web_search,0,web_search,3,31,2,1.627684,0.936981
20260623_203847_709953,web_search,0,web_search,3,31,3,1.833242,0.969331
20260623_203847_709953,web_search,0,web_search,3,31,4,1.897040,0.960223
20260623_203847_709953,web_search,0,web_search,3,31,5,2.090846,0.870588
20260623_203847_709953,web_search,0,web_search,3,31,6,5.068565,0.811376
20260623_203847_709953,web_search,0,web_search,3,31,7,2.439647,0.899188
20260623_203847_709953,web_search,0,web_search,3,32,0,2.950870,0.930325
20260623_203847_709953,web_search,0,web_search,3,32,1,2.190553,0.896003
20260623_203847_709953,web_search,0,web_search,3,32,2,1.847267,0.912755
20260623_203847_709953,web_search,0,web_search,3,32,3,2.521574,0.937373
20260623_203847_709953,web_search,0,web_search,3,32,4,6.356139,0.918228
20260623_203847_709953,web_search,0,web_search,3,32,5,2.210811,0.928665
20260623_203847_709953,web_search,0,web_search,3,32,6,3.356693,0.938448
20260623_203847_709953,web_search,0,web_search,3,32,7,5.226277,0.875329
20260623_203847_709953,web_search,0,web_search,3,33,0,2.670644,0.917412
20260623_203847_709953,web_search,0,web_search,3,33,1,1.916948,0.945523
20260623_203847_709953,web_search,0,web_search,3,33,2,2.850274,0.925444
20260623_203847_709953,web_search,0,web_search,3,33,3,2.496067,0.953253
20260623_203847_709953,web_search,0,web_search,3,33,4,2.391014,0.927847
20260623_203847_709953,web_search,0,web_search,3,33,5,2.492897,0.955663
20260623_203847_709953,web_search,0,web_search,3,33,6,2.600362,0.908104
20260623_203847_709953,web_search,0,web_search,3,33,7,3.250104,0.921122
20260623_203847_709953,web_search,0,web_search,3,34,0,5.490341,0.927911
20260623_203847_709953,web_search,0,web_search,3,34,1,2.624897,0.922214
20260623_203847_709953,web_search,0,web_search,3,34,2,2.853997,0.950041
20260623_203847_709953,web_search,0,web_search,3,34,3,2.907468,0.955886
20260623_203847_709953,web_search,0,web_search,3,34,4,5.342720,0.878792
20260623_203847_709953,web_search,0,web_search,3,34,5,3.916356,0.872960
20260623_203847_709953,web_search,0,web_search,3,34,6,3.232880,0.919588
20260623_203847_709953,web_search,0,web_search,3,34,7,2.955361,0.936256
20260623_203847_709953,web_search,0,web_search,3,35,0,3.066798,0.965453
20260623_203847_709953,web_search,0,web_search,3,35,1,3.301957,0.915467
20260623_203847_709953,web_search,0,web_search,3,35,2,3.276529,0.941032
20260623_203847_709953,web_search,0,web_search,3,35,3,2.702370,0.948206
20260623_203847_709953,web_search,0,web_search,3,35,4,3.845343,0.953064
20260623_203847_709953,web_search,0,web_search,3,35,5,4.637447,0.931060
20260623_203847_709953,web_search,0,web_search,3,35,6,3.044313,0.965486
20260623_203847_709953,web_search,0,web_search,3,35,7,4.831799,0.905325
20260623_203847_709953,web_search,0,web_search,3,36,0,4.072165,0.949987
20260623_203847_709953,web_search,0,web_search,3,36,1,9.619245,0.946336
20260623_203847_709953,web_search,0,web_search,3,36,2,4.318094,0.890351
20260623_203847_709953,web_search,0,web_search,3,36,3,5.253261,0.879858
20260623_203847_709953,web_search,0,web_search,3,36,4,4.646240,0.925297
20260623_203847_709953,web_search,0,web_search,3,36,5,2.882606,0.960825
20260623_203847_709953,web_search,0,web_search,3,36,6,5.163221,0.945830
20260623_203847_709953,web_search,0,web_search,3,36,7,3.661781,0.953487
20260623_203847_709953,web_search,0,web_search,3,37,0,3.548535,0.943664
20260623_203847_709953,web_search,0,web_search,3,37,1,3.793275,0.946923
20260623_203847_709953,web_search,0,web_search,3,37,2,7.486434,0.887374
20260623_203847_709953,web_search,0,web_search,3,37,3,3.858129,0.940352
20260623_203847_709953,web_search,0,web_search,3,37,4,9.092183,0.914555
20260623_203847_709953,web_search,0,web_search,3,37,5,4.675268,0.940572
20260623_203847_709953,web_search,0,web_search,3,37,6,9.646875,0.808484
20260623_203847_709953,web_search,0,web_search,3,37,7,12.190690,0.935995
20260623_203847_709953,web_search,0,web_search,3,38,0,13.586058,0.944795
20260623_203847_709953,web_search,0,web_search,3,38,1,4.300917,0.932342
20260623_203847_709953,web_search,0,web_search,3,38,2,5.087628,0.891357
20260623_203847_709953,web_search,0,web_search,3,38,3,5.780247,0.915877
20260623_203847_709953,web_search,0,web_search,3,38,4,4.629021,0.917673
20260623_203847_709953,web_search,0,web_search,3,38,5,5.985814,0.847741
20260623_203847_709953,web_search,0,web_search,3,38,6,6.758520,0.973400
20260623_203847_709953,web_search,0,web_search,3,38,7,4.744586,0.942430
20260623_203847_709953,web_search,0,web_search,3,39,0,4.856509,0.924962
20260623_203847_709953,web_search,0,web_search,3,39,1,5.111770,0.833653
20260623_203847_709953,web_search,0,web_search,3,39,2,10.054333,0.862348
20260623_203847_709953,web_search,0,web_search,3,39,3,5.404865,0.866776
20260623_203847_709953,web_search,0,web_search,3,39,4,4.041099,0.941923
20260623_203847_709953,web_search,0,web_search,3,39,5,13.373168,0.908984
20260623_203847_709953,web_search,0,web_search,3,39,6,4.830105,0.806426
20260623_203847_709953,web_search,0,web_search,3,39,7,11.236804,0.907243
20260623_203847_709953,web_search,0,terminate,4,0,0,0.012357,0.977128
20260623_203847_709953,web_search,0,terminate,4,0,1,0.016469,0.992038
20260623_203847_709953,web_search,0,terminate,4,0,2,0.018488,0.987962
20260623_203847_709953,web_search,0,terminate,4,0,3,0.022640,0.976763
20260623_203847_709953,web_search,0,terminate,4,0,4,0.011312,0.999244
20260623_203847_709953,web_search,0,terminate,4,0,5,0.013217,0.957454
20260623_203847_709953,web_search,0,terminate,4,0,6,0.010954,0.984963
20260623_203847_709953,web_search,0,terminate,4,0,7,0.016462,0.992501
20260623_203847_709953,web_search,0,terminate,4,1,0,0.021909,0.995084
20260623_203847_709953,web_search,0,terminate,4,1,1,0.018519,0.995890
20260623_203847_709953,web_search,0,terminate,4,1,2,0.015514,0.971949
20260623_203847_709953,web_search,0,terminate,4,1,3,0.030247,0.983366
20260623_203847_709953,web_search,0,terminate,4,1,4,0.022662,0.986766
20260623_203847_709953,web_search,0,terminate,4,1,5,0.018332,0.992706
20260623_203847_709953,web_search,0,terminate,4,1,6,0.023057,0.966469
20260623_203847_709953,web_search,0,terminate,4,1,7,0.036386,0.995845
20260623_203847_709953,web_search,0,terminate,4,2,0,0.092540,0.840807
20260623_203847_709953,web_search,0,terminate,4,2,1,0.042672,0.940865
20260623_203847_709953,web_search,0,terminate,4,2,2,0.033183,0.890394
20260623_203847_709953,web_search,0,terminate,4,2,3,0.040563,0.917773
20260623_203847_709953,web_search,0,terminate,4,2,4,0.050808,0.973382
20260623_203847_709953,web_search,0,terminate,4,2,5,0.034226,0.938702
20260623_203847_709953,web_search,0,terminate,4,2,6,0.036570,0.910888
20260623_203847_709953,web_search,0,terminate,4,2,7,0.057970,0.897802
20260623_203847_709953,web_search,0,terminate,4,3,0,0.079181,0.916621
20260623_203847_709953,web_search,0,terminate,4,3,1,0.036067,0.978691
20260623_203847_709953,web_search,0,terminate,4,3,2,0.059479,0.891587
20260623_203847_709953,web_search,0,terminate,4,3,3,0.055130,0.928814
20260623_203847_709953,web_search,0,terminate,4,3,4,0.057009,0.865723
20260623_203847_709953,web_search,0,terminate,4,3,5,0.053265,0.947916
20260623_203847_709953,web_search,0,terminate,4,3,6,0.039300,0.941303
20260623_203847_709953,web_search,0,terminate,4,3,7,0.066643,0.865660
20260623_203847_709953,web_search,0,terminate,4,4,0,0.101172,0.888779
20260623_203847_709953,web_search,0,terminate,4,4,1,0.073168,0.910544
20260623_203847_709953,web_search,0,terminate,4,4,2,0.087714,0.986388
20260623_203847_709953,web_search,0,terminate,4,4,3,0.067969,0.885266
20260623_203847_709953,web_search,0,terminate,4,4,4,0.094986,0.865411
20260623_203847_709953,web_search,0,terminate,4,4,5,0.065114,0.946037
20260623_203847_709953,web_search,0,terminate,4,4,6,0.047607,0.931931
20260623_203847_709953,web_search,0,terminate,4,4,7,0.042212,0.956946
20260623_203847_709953,web_search,0,terminate,4,5,0,0.170167,0.949180
20260623_203847_709953,web_search,0,terminate,4,5,1,0.085666,0.950266
20260623_203847_709953,web_search,0,terminate,4,5,2,0.052357,0.942355
20260623_203847_709953,web_search,0,terminate,4,5,3,0.151680,0.962567
20260623_203847_709953,web_search,0,terminate,4,5,4,0.072511,0.988899
20260623_203847_709953,web_search,0,terminate,4,5,5,0.071198,0.938915
20260623_203847_709953,web_search,0,terminate,4,5,6,0.105025,0.936029
20260623_203847_709953,web_search,0,terminate,4,5,7,0.069251,0.957814
20260623_203847_709953,web_search,0,terminate,4,6,0,0.198590,0.833499
20260623_203847_709953,web_search,0,terminate,4,6,1,0.156542,0.924692
20260623_203847_709953,web_search,0,terminate,4,6,2,0.199622,0.653111
20260623_203847_709953,web_search,0,terminate,4,6,3,0.089597,0.804808
20260623_203847_709953,web_search,0,terminate,4,6,4,0.099410,0.935195
20260623_203847_709953,web_search,0,terminate,4,6,5,0.163914,0.894789
20260623_203847_709953,web_search,0,terminate,4,6,6,0.164507,0.895432
20260623_203847_709953,web_search,0,terminate,4,6,7,0.100453,0.910285
20260623_203847_709953,web_search,0,terminate,4,7,0,0.345571,0.920708
20260623_203847_709953,web_search,0,terminate,4,7,1,0.216223,0.885897
20260623_203847_709953,web_search,0,terminate,4,7,2,0.254019,0.958355
20260623_203847_709953,web_search,0,terminate,4,7,3,0.150772,0.861679
20260623_203847_709953,web_search,0,terminate,4,7,4,0.231122,0.940972
20260623_203847_709953,web_search,0,terminate,4,7,5,0.143287,0.897479
20260623_203847_709953,web_search,0,terminate,4,7,6,0.375176,0.842144
20260623_203847_709953,web_search,0,terminate,4,7,7,0.241948,0.938536
20260623_203847_709953,web_search,0,terminate,4,8,0,0.332560,0.925900
20260623_203847_709953,web_search,0,terminate,4,8,1,0.504667,0.725636
20260623_203847_709953,web_search,0,terminate,4,8,2,0.317013,0.941932
20260623_203847_709953,web_search,0,terminate,4,8,3,0.327012,0.883743
20260623_203847_709953,web_search,0,terminate,4,8,4,0.430472,0.847213
20260623_203847_709953,web_search,0,terminate,4,8,5,0.179991,0.951844
20260623_203847_709953,web_search,0,terminate,4,8,6,0.203274,0.946398
20260623_203847_709953,web_search,0,terminate,4,8,7,0.219673,0.944438
20260623_203847_709953,web_search,0,terminate,4,9,0,0.331847,0.909072
20260623_203847_709953,web_search,0,terminate,4,9,1,0.209578,0.962954
20260623_203847_709953,web_search,0,terminate,4,9,2,0.289434,0.911567
20260623_203847_709953,web_search,0,terminate,4,9,3,0.226791,0.944691
20260623_203847_709953,web_search,0,terminate,4,9,4,0.210971,0.940403
20260623_203847_709953,web_search,0,terminate,4,9,5,0.166975,0.901538
20260623_203847_709953,web_search,0,terminate,4,9,6,0.211162,0.909020
20260623_203847_709953,web_search,0,terminate,4,9,7,0.420753,0.861995
20260623_203847_709953,web_search,0,terminate,4,10,0,0.279105,0.950387
20260623_203847_709953,web_search,0,terminate,4,10,1,0.409126,0.744586
20260623_203847_709953,web_search,0,terminate,4,10,2,0.191202,0.927721
20260623_203847_709953,web_search,0,terminate,4,10,3,0.205353,0.813412
20260623_203847_709953,web_search,0,terminate,4,10,4,0.262989,0.942204
20260623_203847_709953,web_search,0,terminate,4,10,5,0.335210,0.947833
20260623_203847_709953,web_search,0,terminate,4,10,6,0.445217,0.672247
20260623_203847_709953,web_search,0,terminate,4,10,7,0.492793,0.818044
20260623_203847_709953,web_search,0,terminate,4,11,0,0.228314,0.894449
20260623_203847_709953,web_search,0,terminate,4,11,1,0.555951,0.797474
20260623_203847_709953,web_search,0,terminate,4,11,2,0.294986,0.888454
20260623_203847_709953,web_search,0,terminate,4,11,3,0.298763,0.880882
20260623_203847_709953,web_search,0,terminate,4,11,4,0.566483,0.775761
20260623_203847_709953,web_search,0,terminate,4,11,5,0.199606,0.884898
20260623_203847_709953,web_search,0,terminate,4,11,6,0.254591,0.919329
20260623_203847_709953,web_search,0,terminate,4,11,7,0.389908,0.816864
20260623_203847_709953,web_search,0,terminate,4,12,0,0.452398,0.853376
20260623_203847_709953,web_search,0,terminate,4,12,1,0.309754,0.884059
20260623_203847_709953,web_search,0,terminate,4,12,2,0.567442,0.932853
20260623_203847_709953,web_search,0,terminate,4,12,3,0.443564,0.868138
20260623_203847_709953,web_search,0,terminate,4,12,4,0.283486,0.934500
20260623_203847_709953,web_search,0,terminate,4,12,5,0.408514,0.822790
20260623_203847_709953,web_search,0,terminate,4,12,6,0.276942,0.914711
20260623_203847_709953,web_search,0,terminate,4,12,7,0.350919,0.866377
20260623_203847_709953,web_search,0,terminate,4,13,0,0.572940,0.918895
20260623_203847_709953,web_search,0,terminate,4,13,1,0.394893,0.934796
20260623_203847_709953,web_search,0,terminate,4,13,2,0.528457,0.936976
20260623_203847_709953,web_search,0,terminate,4,13,3,0.550677,0.881208
20260623_203847_709953,web_search,0,terminate,4,13,4,0.402727,0.850866
20260623_203847_709953,web_search,0,terminate,4,13,5,0.352659,0.825114
20260623_203847_709953,web_search,0,terminate,4,13,6,0.569771,0.944378
20260623_203847_709953,web_search,0,terminate,4,13,7,0.567210,0.813946
20260623_203847_709953,web_search,0,terminate,4,14,0,0.345905,0.863476
20260623_203847_709953,web_search,0,terminate,4,14,1,0.335622,0.825605
20260623_203847_709953,web_search,0,terminate,4,14,2,0.373249,0.950093
20260623_203847_709953,web_search,0,terminate,4,14,3,0.639601,0.877016
20260623_203847_709953,web_search,0,terminate,4,14,4,1.075682,0.905317
20260623_203847_709953,web_search,0,terminate,4,14,5,0.650279,0.852433
20260623_203847_709953,web_search,0,terminate,4,14,6,0.502994,0.946666
20260623_203847_709953,web_search,0,terminate,4,14,7,0.332804,0.933927
20260623_203847_709953,web_search,0,terminate,4,15,0,0.687865,0.885088
20260623_203847_709953,web_search,0,terminate,4,15,1,0.470747,0.943635
20260623_203847_709953,web_search,0,terminate,4,15,2,0.417760,0.924788
20260623_203847_709953,web_search,0,terminate,4,15,3,0.424193,0.922797
20260623_203847_709953,web_search,0,terminate,4,15,4,0.783789,0.894588
20260623_203847_709953,web_search,0,terminate,4,15,5,0.925449,0.837160
20260623_203847_709953,web_search,0,terminate,4,15,6,0.526128,0.911017
20260623_203847_709953,web_search,0,terminate,4,15,7,0.453174,0.924164
20260623_203847_709953,web_search,0,terminate,4,16,0,0.800594,0.810227
20260623_203847_709953,web_search,0,terminate,4,16,1,1.366028,0.699190
20260623_203847_709953,web_search,0,terminate,4,16,2,0.546988,0.912170
20260623_203847_709953,web_search,0,terminate,4,16,3,0.568675,0.836007
20260623_203847_709953,web_search,0,terminate,4,16,4,0.698723,0.888251
20260623_203847_709953,web_search,0,terminate,4,16,5,0.547017,0.915787
20260623_203847_709953,web_search,0,terminate,4,16,6,0.508732,0.923111
20260623_203847_709953,web_search,0,terminate,4,16,7,0.541286,0.953638
20260623_203847_709953,web_search,0,terminate,4,17,0,0.803523,0.885252
20260623_203847_709953,web_search,0,terminate,4,17,1,0.777466,0.838055
20260623_203847_709953,web_search,0,terminate,4,17,2,0.797262,0.802803
20260623_203847_709953,web_search,0,terminate,4,17,3,1.203870,0.818593
20260623_203847_709953,web_search,0,terminate,4,17,4,0.525667,0.909206
20260623_203847_709953,web_search,0,terminate,4,17,5,0.830378,0.844725
20260623_203847_709953,web_search,0,terminate,4,17,6,0.580884,0.936958
20260623_203847_709953,web_search,0,terminate,4,17,7,0.570928,0.914197
20260623_203847_709953,web_search,0,terminate,4,18,0,1.380406,0.867293
20260623_203847_709953,web_search,0,terminate,4,18,1,0.542175,0.879172
20260623_203847_709953,web_search,0,terminate,4,18,2,1.078084,0.825657
20260623_203847_709953,web_search,0,terminate,4,18,3,0.692263,0.943671
20260623_203847_709953,web_search,0,terminate,4,18,4,0.679701,0.870240
20260623_203847_709953,web_search,0,terminate,4,18,5,0.666129,0.917971
20260623_203847_709953,web_search,0,terminate,4,18,6,0.743667,0.848769
20260623_203847_709953,web_search,0,terminate,4,18,7,0.909688,0.840910
20260623_203847_709953,web_search,0,terminate,4,19,0,0.964948,0.774515
20260623_203847_709953,web_search,0,terminate,4,19,1,1.664564,0.752978
20260623_203847_709953,web_search,0,terminate,4,19,2,0.611229,0.821335
20260623_203847_709953,web_search,0,terminate,4,19,3,0.835619,0.891079
20260623_203847_709953,web_search,0,terminate,4,19,4,0.966723,0.898219
20260623_203847_709953,web_search,0,terminate,4,19,5,1.580702,0.717066
20260623_203847_709953,web_search,0,terminate,4,19,6,0.668290,0.860715
20260623_203847_709953,web_search,0,terminate,4,19,7,1.342409,0.808302
20260623_203847_709953,web_search,0,terminate,4,20,0,1.707687,0.733170
20260623_203847_709953,web_search,0,terminate,4,20,1,0.941327,0.877624
20260623_203847_709953,web_search,0,terminate,4,20,2,1.288252,0.816865
20260623_203847_709953,web_search,0,terminate,4,20,3,1.366813,0.792929
20260623_203847_709953,web_search,0,terminate,4,20,4,1.347316,0.776567
20260623_203847_709953,web_search,0,terminate,4,20,5,0.710558,0.909546
20260623_203847_709953,web_search,0,terminate,4,20,6,1.832344,0.856747
20260623_203847_709953,web_search,0,terminate,4,20,7,0.821948,0.920601
20260623_203847_709953,web_search,0,terminate,4,21,0,0.824034,0.962618
20260623_203847_709953,web_search,0,terminate,4,21,1,1.330231,0.938986
20260623_203847_709953,web_search,0,terminate,4,21,2,0.814991,0.956767
20260623_203847_709953,web_search,0,terminate,4,21,3,0.633125,0.898029
20260623_203847_709953,web_search,0,terminate,4,21,4,0.809635,0.878504
20260623_203847_709953,web_search,0,terminate,4,21,5,1.866343,0.823491
20260623_203847_709953,web_search,0,terminate,4,21,6,0.798921,0.867780
20260623_203847_709953,web_search,0,terminate,4,21,7,0.685845,0.881598
20260623_203847_709953,web_search,0,terminate,4,22,0,1.428293,0.740895
20260623_203847_709953,web_search,0,terminate,4,22,1,0.760868,0.792922
20260623_203847_709953,web_search,0,terminate,4,22,2,1.613003,0.708622
20260623_203847_709953,web_search,0,terminate,4,22,3,1.078812,0.914192
20260623_203847_709953,web_search,0,terminate,4,22,4,0.962213,0.923762
20260623_203847_709953,web_search,0,terminate,4,22,5,1.050457,0.895444
20260623_203847_709953,web_search,0,terminate,4,22,6,0.648943,0.917121
20260623_203847_709953,web_search,0,terminate,4,22,7,1.371032,0.906094
20260623_203847_709953,web_search,0,terminate,4,23,0,1.281171,0.824299
20260623_203847_709953,web_search,0,terminate,4,23,1,1.240723,0.904286
20260623_203847_709953,web_search,0,terminate,4,23,2,1.246932,0.839954
20260623_203847_709953,web_search,0,terminate,4,23,3,0.848358,0.892605
20260623_203847_709953,web_search,0,terminate,4,23,4,1.353089,0.762077
20260623_203847_709953,web_search,0,terminate,4,23,5,1.162700,0.833326
20260623_203847_709953,web_search,0,terminate,4,23,6,1.109621,0.902364
20260623_203847_709953,web_search,0,terminate,4,23,7,1.199309,0.846769
20260623_203847_709953,web_search,0,terminate,4,24,0,1.137851,0.956743
20260623_203847_709953,web_search,0,terminate,4,24,1,1.403901,0.883070
20260623_203847_709953,web_search,0,terminate,4,24,2,1.201075,0.890693
20260623_203847_709953,web_search,0,terminate,4,24,3,1.021855,0.898330
20260623_203847_709953,web_search,0,terminate,4,24,4,0.894536,0.954861
20260623_203847_709953,web_search,0,terminate,4,24,5,1.044663,0.853103
20260623_203847_709953,web_search,0,terminate,4,24,6,1.622633,0.793238
20260623_203847_709953,web_search,0,terminate,4,24,7,0.959698,0.911020
20260623_203847_709953,web_search,0,terminate,4,25,0,1.187385,0.794934
20260623_203847_709953,web_search,0,terminate,4,25,1,1.170584,0.926757
20260623_203847_709953,web_search,0,terminate,4,25,2,2.156212,0.769264
20260623_203847_709953,web_search,0,terminate,4,25,3,1.097314,0.805854
20260623_203847_709953,web_search,0,terminate,4,25,4,1.931806,0.862542
20260623_203847_709953,web_search,0,terminate,4,25,5,1.224585,0.888463
20260623_203847_709953,web_search,0,terminate,4,25,6,0.967002,0.923837
20260623_203847_709953,web_search,0,terminate,4,25,7,1.015745,0.924288
20260623_203847_709953,web_search,0,terminate,4,26,0,2.077341,0.690247
20260623_203847_709953,web_search,0,terminate,4,26,1,1.790349,0.894477
20260623_203847_709953,web_search,0,terminate,4,26,2,0.850914,0.952951
20260623_203847_709953,web_search,0,terminate,4,26,3,1.058774,0.945551
20260623_203847_709953,web_search,0,terminate,4,26,4,1.308835,0.903341
20260623_203847_709953,web_search,0,terminate,4,26,5,0.823655,0.900429
20260623_203847_709953,web_search,0,terminate,4,26,6,1.770447,0.889548
20260623_203847_709953,web_search,0,terminate,4,26,7,1.023473,0.938437
20260623_203847_709953,web_search,0,terminate,4,27,0,1.662145,0.933124
20260623_203847_709953,web_search,0,terminate,4,27,1,3.009105,0.782723
20260623_203847_709953,web_search,0,terminate,4,27,2,2.773414,0.746408
20260623_203847_709953,web_search,0,terminate,4,27,3,1.370033,0.894315
20260623_203847_709953,web_search,0,terminate,4,27,4,1.552957,0.886328
20260623_203847_709953,web_search,0,terminate,4,27,5,1.172951,0.877132
20260623_203847_709953,web_search,0,terminate,4,27,6,1.201222,0.941696
20260623_203847_709953,web_search,0,terminate,4,27,7,3.043531,0.784875
20260623_203847_709953,web_search,0,terminate,4,28,0,1.268440,0.920664
20260623_203847_709953,web_search,0,terminate,4,28,1,1.211831,0.932487
20260623_203847_709953,web_search,0,terminate,4,28,2,1.595096,0.861304
20260623_203847_709953,web_search,0,terminate,4,28,3,1.972876,0.691425
20260623_203847_709953,web_search,0,terminate,4,28,4,1.468467,0.935070
20260623_203847_709953,web_search,0,terminate,4,28,5,1.635786,0.941654
20260623_203847_709953,web_search,0,terminate,4,28,6,1.705566,0.904997
20260623_203847_709953,web_search,0,terminate,4,28,7,1.247411,0.891706
20260623_203847_709953,web_search,0,terminate,4,29,0,1.581961,0.895678
20260623_203847_709953,web_search,0,terminate,4,29,1,2.210470,0.837825
20260623_203847_709953,web_search,0,terminate,4,29,2,1.402632,0.861304
20260623_203847_709953,web_search,0,terminate,4,29,3,2.959780,0.938815
20260623_203847_709953,web_search,0,terminate,4,29,4,2.133923,0.922607
20260623_203847_709953,web_search,0,terminate,4,29,5,2.332551,0.901816
20260623_203847_709953,web_search,0,terminate,4,29,6,1.614280,0.908637
20260623_203847_709953,web_search,0,terminate,4,29,7,4.873608,0.840889
20260623_203847_709953,web_search,0,terminate,4,30,0,1.749670,0.874435
20260623_203847_709953,web_search,0,terminate,4,30,1,1.937532,0.936238
20260623_203847_709953,web_search,0,terminate,4,30,2,2.652678,0.814419
20260623_203847_709953,web_search,0,terminate,4,30,3,3.424307,0.935504
20260623_203847_709953,web_search,0,terminate,4,30,4,2.779641,0.928258
20260623_203847_709953,web_search,0,terminate,4,30,5,1.635671,0.918421
20260623_203847_709953,web_search,0,terminate,4,30,6,2.505513,0.841315
20260623_203847_709953,web_search,0,terminate,4,30,7,4.983389,0.849320
20260623_203847_709953,web_search,0,terminate,4,31,0,2.437811,0.938924
20260623_203847_709953,web_search,0,terminate,4,31,1,2.608462,0.936072
20260623_203847_709953,web_search,0,terminate,4,31,2,1.995023,0.910138
20260623_203847_709953,web_search,0,terminate,4,31,3,1.979246,0.964523
20260623_203847_709953,web_search,0,terminate,4,31,4,2.288670,0.944722
20260623_203847_709953,web_search,0,terminate,4,31,5,2.370389,0.834225
20260623_203847_709953,web_search,0,terminate,4,31,6,5.911439,0.764252
20260623_203847_709953,web_search,0,terminate,4,31,7,2.652051,0.879714
20260623_203847_709953,web_search,0,terminate,4,32,0,3.252830,0.913762
20260623_203847_709953,web_search,0,terminate,4,32,1,2.523823,0.857487
20260623_203847_709953,web_search,0,terminate,4,32,2,2.226700,0.876020
20260623_203847_709953,web_search,0,terminate,4,32,3,3.016153,0.910233
20260623_203847_709953,web_search,0,terminate,4,32,4,7.809058,0.880761
20260623_203847_709953,web_search,0,terminate,4,32,5,2.606143,0.903384
20260623_203847_709953,web_search,0,terminate,4,32,6,4.079399,0.909451
20260623_203847_709953,web_search,0,terminate,4,32,7,6.468272,0.835974
20260623_203847_709953,web_search,0,terminate,4,33,0,3.242881,0.884379
20260623_203847_709953,web_search,0,terminate,4,33,1,2.240985,0.929045
20260623_203847_709953,web_search,0,terminate,4,33,2,3.444993,0.901755
20260623_203847_709953,web_search,0,terminate,4,33,3,2.837583,0.938191
20260623_203847_709953,web_search,0,terminate,4,33,4,2.787247,0.900895
20260623_203847_709953,web_search,0,terminate,4,33,5,3.040203,0.936611
20260623_203847_709953,web_search,0,terminate,4,33,6,3.095860,0.872910
20260623_203847_709953,web_search,0,terminate,4,33,7,3.490631,0.908103
20260623_203847_709953,web_search,0,terminate,4,34,0,6.216133,0.908485
20260623_203847_709953,web_search,0,terminate,4,34,1,3.214609,0.888771
20260623_203847_709953,web_search,0,terminate,4,34,2,3.628656,0.922342
20260623_203847_709953,web_search,0,terminate,4,34,3,3.435865,0.940485
20260623_203847_709953,web_search,0,terminate,4,34,4,6.089446,0.843282
20260623_203847_709953,web_search,0,terminate,4,34,5,4.676904,0.826209
20260623_203847_709953,web_search,0,terminate,4,34,6,3.888302,0.889166
20260623_203847_709953,web_search,0,terminate,4,34,7,3.486127,0.912310
20260623_203847_709953,web_search,0,terminate,4,35,0,3.504037,0.954731
20260623_203847_709953,web_search,0,terminate,4,35,1,4.019304,0.878647
20260623_203847_709953,web_search,0,terminate,4,35,2,3.908605,0.917366
20260623_203847_709953,web_search,0,terminate,4,35,3,3.203468,0.929088
20260623_203847_709953,web_search,0,terminate,4,35,4,4.713270,0.933052
20260623_203847_709953,web_search,0,terminate,4,35,5,5.394122,0.902613
20260623_203847_709953,web_search,0,terminate,4,35,6,3.586610,0.952725
20260623_203847_709953,web_search,0,terminate,4,35,7,5.541894,0.879322
20260623_203847_709953,web_search,0,terminate,4,36,0,4.753381,0.928261
20260623_203847_709953,web_search,0,terminate,4,36,1,11.682929,0.919913
20260623_203847_709953,web_search,0,terminate,4,36,2,5.158293,0.851682
20260623_203847_709953,web_search,0,terminate,4,36,3,6.173112,0.842565
20260623_203847_709953,web_search,0,terminate,4,36,4,5.391655,0.897808
20260623_203847_709953,web_search,0,terminate,4,36,5,3.481316,0.943528
20260623_203847_709953,web_search,0,terminate,4,36,6,5.755346,0.931926
20260623_203847_709953,web_search,0,terminate,4,36,7,4.243220,0.936862
20260623_203847_709953,web_search,0,terminate,4,37,0,4.117154,0.927447
20260623_203847_709953,web_search,0,terminate,4,37,1,4.622608,0.920848
20260623_203847_709953,web_search,0,terminate,4,37,2,8.404264,0.854590
20260623_203847_709953,web_search,0,terminate,4,37,3,4.440467,0.920768
20260623_203847_709953,web_search,0,terminate,4,37,4,9.940109,0.894144
20260623_203847_709953,web_search,0,terminate,4,37,5,5.596173,0.920123
20260623_203847_709953,web_search,0,terminate,4,37,6,11.449781,0.762963
20260623_203847_709953,web_search,0,terminate,4,37,7,14.556783,0.912222
20260623_203847_709953,web_search,0,terminate,4,38,0,16.481828,0.916518
20260623_203847_709953,web_search,0,terminate,4,38,1,5.141591,0.907325
20260623_203847_709953,web_search,0,terminate,4,38,2,5.784740,0.868189
20260623_203847_709953,web_search,0,terminate,4,38,3,6.771324,0.879583
20260623_203847_709953,web_search,0,terminate,4,38,4,5.602470,0.881609
20260623_203847_709953,web_search,0,terminate,4,38,5,7.091928,0.803313
20260623_203847_709953,web_search,0,terminate,4,38,6,8.023106,0.963886
20260623_203847_709953,web_search,0,terminate,4,38,7,5.382874,0.928166
20260623_203847_709953,web_search,0,terminate,4,39,0,5.718947,0.892354
20260623_203847_709953,web_search,0,terminate,4,39,1,6.021592,0.769173
20260623_203847_709953,web_search,0,terminate,4,39,2,12.562728,0.825452
20260623_203847_709953,web_search,0,terminate,4,39,3,6.813368,0.831379
20260623_203847_709953,web_search,0,terminate,4,39,4,4.760622,0.917398
20260623_203847_709953,web_search,0,terminate,4,39,5,16.287931,0.879473
20260623_203847_709953,web_search,0,terminate,4,39,6,5.853737,0.758648
20260623_203847_709953,web_search,0,terminate,4,39,7,13.507283,0.883312
20260623_203847_709953,web_search,0,terminate,5,0,0,0.013681,0.971848
20260623_203847_709953,web_search,0,terminate,5,0,1,0.017808,0.990605
20260623_203847_709953,web_search,0,terminate,5,0,2,0.019814,0.986149
20260623_203847_709953,web_search,0,terminate,5,0,3,0.023544,0.974224
20260623_203847_709953,web_search,0,terminate,5,0,4,0.012426,0.999087
20260623_203847_709953,web_search,0,terminate,5,0,5,0.013801,0.954096
20260623_203847_709953,web_search,0,terminate,5,0,6,0.011606,0.982948
20260623_203847_709953,web_search,0,terminate,5,0,7,0.017260,0.991749
20260623_203847_709953,web_search,0,terminate,5,1,0,0.024971,0.993467
20260623_203847_709953,web_search,0,terminate,5,1,1,0.020428,0.995001
20260623_203847_709953,web_search,0,terminate,5,1,2,0.016691,0.968085
20260623_203847_709953,web_search,0,terminate,5,1,3,0.031654,0.981682
20260623_203847_709953,web_search,0,terminate,5,1,4,0.024205,0.984847
20260623_203847_709953,web_search,0,terminate,5,1,5,0.019847,0.991090
20260623_203847_709953,web_search,0,terminate,5,1,6,0.025069,0.960701
20260623_203847_709953,web_search,0,terminate,5,1,7,0.037561,0.995621
20260623_203847_709953,web_search,0,terminate,5,2,0,0.106075,0.803185
20260623_203847_709953,web_search,0,terminate,5,2,1,0.047641,0.926728
20260623_203847_709953,web_search,0,terminate,5,2,2,0.037672,0.863184
20260623_203847_709953,web_search,0,terminate,5,2,3,0.046146,0.895386
20260623_203847_709953,web_search,0,terminate,5,2,4,0.056550,0.967071
20260623_203847_709953,web_search,0,terminate,5,2,5,0.038622,0.922685
20260623_203847_709953,web_search,0,terminate,5,2,6,0.040809,0.892989
20260623_203847_709953,web_search,0,terminate,5,2,7,0.065822,0.873020
20260623_203847_709953,web_search,0,terminate,5,3,0,0.089681,0.895497
20260623_203847_709953,web_search,0,terminate,5,3,1,0.041098,0.972771
20260623_203847_709953,web_search,0,terminate,5,3,2,0.068492,0.868548
20260623_203847_709953,web_search,0,terminate,5,3,3,0.063287,0.911017
20260623_203847_709953,web_search,0,terminate,5,3,4,0.064748,0.837194
20260623_203847_709953,web_search,0,terminate,5,3,5,0.059291,0.935294
20260623_203847_709953,web_search,0,terminate,5,3,6,0.044211,0.928613
20260623_203847_709953,web_search,0,terminate,5,3,7,0.076745,0.833816
20260623_203847_709953,web_search,0,terminate,5,4,0,0.115089,0.864521
20260623_203847_709953,web_search,0,terminate,5,4,1,0.084261,0.883954
20260623_203847_709953,web_search,0,terminate,5,4,2,0.099291,0.982513
20260623_203847_709953,web_search,0,terminate,5,4,3,0.075679,0.861050
20260623_203847_709953,web_search,0,terminate,5,4,4,0.110547,0.836040
20260623_203847_709953,web_search,0,terminate,5,4,5,0.074261,0.933954
20260623_203847_709953,web_search,0,terminate,5,4,6,0.054791,0.911408
20260623_203847_709953,web_search,0,terminate,5,4,7,0.050106,0.942050
20260623_203847_709953,web_search,0,terminate,5,5,0,0.194573,0.933132
20260623_203847_709953,web_search,0,terminate,5,5,1,0.093935,0.941363
20260623_203847_709953,web_search,0,terminate,5,5,2,0.059009,0.925718
20260623_203847_709953,web_search,0,terminate,5,5,3,0.173476,0.951901
20260623_203847_709953,web_search,0,terminate,5,5,4,0.081444,0.986159
20260623_203847_709953,web_search,0,terminate,5,5,5,0.079113,0.925444
20260623_203847_709953,web_search,0,terminate,5,5,6,0.119889,0.920673
20260623_203847_709953,web_search,0,terminate,5,5,7,0.080907,0.945916
20260623_203847_709953,web_search,0,terminate,5,6,0,0.227668,0.803205
20260623_203847_709953,web_search,0,terminate,5,6,1,0.174508,0.908653
20260623_203847_709953,web_search,0,terminate,5,6,2,0.230381,0.584424
20260623_203847_709953,web_search,0,terminate,5,6,3,0.101931,0.769607
20260623_203847_709953,web_search,0,terminate,5,6,4,0.112501,0.918377
20260623_203847_709953,web_search,0,terminate,5,6,5,0.185880,0.870107
20260623_203847_709953,web_search,0,terminate,5,6,6,0.187159,0.878932
20260623_203847_709953,web_search,0,terminate,5,6,7,0.114353,0.893185
20260623_203847_709953,web_search,0,terminate,5,7,0,0.398931,0.900584
20260623_203847_709953,web_search,0,terminate,5,7,1,0.247380,0.856314
20260623_203847_709953,web_search,0,terminate,5,7,2,0.291353,0.945823
20260623_203847_709953,web_search,0,terminate,5,7,3,0.178362,0.822602
20260623_203847_709953,web_search,0,terminate,5,7,4,0.265314,0.924007
20260623_203847_709953,web_search,0,terminate,5,7,5,0.165349,0.870142
20260623_203847_709953,web_search,0,terminate,5,7,6,0.438091,0.808720
20260623_203847_709953,web_search,0,terminate,5,7,7,0.280541,0.919231
20260623_203847_709953,web_search,0,terminate,5,8,0,0.391061,0.899875
20260623_203847_709953,web_search,0,terminate,5,8,1,0.588874,0.670360
20260623_203847_709953,web_search,0,terminate,5,8,2,0.366448,0.924963
20260623_203847_709953,web_search,0,terminate,5,8,3,0.378214,0.853631
20260623_203847_709953,web_search,0,terminate,5,8,4,0.501400,0.808230
20260623_203847_709953,web_search,0,terminate,5,8,5,0.210645,0.935141
20260623_203847_709953,web_search,0,terminate,5,8,6,0.230279,0.933047
20260623_203847_709953,web_search,0,terminate,5,8,7,0.256602,0.922616
20260623_203847_709953,web_search,0,terminate,5,9,0,0.374321,0.888127
20260623_203847_709953,web_search,0,terminate,5,9,1,0.243044,0.949941
20260623_203847_709953,web_search,0,terminate,5,9,2,0.336194,0.887139
20260623_203847_709953,web_search,0,terminate,5,9,3,0.256843,0.929815
20260623_203847_709953,web_search,0,terminate,5,9,4,0.244592,0.922521
20260623_203847_709953,web_search,0,terminate,5,9,5,0.192572,0.875001
20260623_203847_709953,web_search,0,terminate,5,9,6,0.239501,0.885988
20260623_203847_709953,web_search,0,terminate,5,9,7,0.479190,0.829280
20260623_203847_709953,web_search,0,terminate,5,10,0,0.323196,0.933269
20260623_203847_709953,web_search,0,terminate,5,10,1,0.460855,0.707248
20260623_203847_709953,web_search,0,terminate,5,10,2,0.216533,0.910122
20260623_203847_709953,web_search,0,terminate,5,10,3,0.237661,0.772767
20260623_203847_709953,web_search,0,terminate,5,10,4,0.302124,0.925946
20260623_203847_709953,web_search,0,terminate,5,10,5,0.391544,0.932385
20260623_203847_709953,web_search,0,terminate,5,10,6,0.512113,0.618690
20260623_203847_709953,web_search,0,terminate,5,10,7,0.566418,0.783818
20260623_203847_709953,web_search,0,terminate,5,11,0,0.262678,0.866910
20260623_203847_709953,web_search,0,terminate,5,11,1,0.629899,0.771348
20260623_203847_709953,web_search,0,terminate,5,11,2,0.341749,0.850859
20260623_203847_709953,web_search,0,terminate,5,11,3,0.340460,0.856245
20260623_203847_709953,web_search,0,terminate,5,11,4,0.633572,0.742405
20260623_203847_709953,web_search,0,terminate,5,11,5,0.223910,0.862897
20260623_203847_709953,web_search,0,terminate,5,11,6,0.295060,0.897256
20260623_203847_709953,web_search,0,terminate,5,11,7,0.439942,0.786173
20260623_203847_709953,web_search,0,terminate,5,12,0,0.502302,0.830639
20260623_203847_709953,web_search,0,terminate,5,12,1,0.353229,0.862594
20260623_203847_709953,web_search,0,terminate,5,12,2,0.642691,0.914972
20260623_203847_709953,web_search,0,terminate,5,12,3,0.504125,0.839164
20260623_203847_709953,web_search,0,terminate,5,12,4,0.332103,0.909675
20260623_203847_709953,web_search,0,terminate,5,12,5,0.462352,0.782794
20260623_203847_709953,web_search,0,terminate,5,12,6,0.319584,0.884228
20260623_203847_709953,web_search,0,terminate,5,12,7,0.404365,0.825716
20260623_203847_709953,web_search,0,terminate,5,13,0,0.650936,0.900485
20260623_203847_709953,web_search,0,terminate,5,13,1,0.477056,0.902822
20260623_203847_709953,web_search,0,terminate,5,13,2,0.604682,0.917351
20260623_203847_709953,web_search,0,terminate,5,13,3,0.622290,0.852252
20260623_203847_709953,web_search,0,terminate,5,13,4,0.441176,0.823656
20260623_203847_709953,web_search,0,terminate,5,13,5,0.416605,0.764612
20260623_203847_709953,web_search,0,terminate,5,13,6,0.638488,0.930993
20260623_203847_709953,web_search,0,terminate,5,13,7,0.649557,0.778808
20260623_203847_709953,web_search,0,terminate,5,14,0,0.401564,0.816136
20260623_203847_709953,web_search,0,terminate,5,14,1,0.375546,0.789706
20260623_203847_709953,web_search,0,terminate,5,14,2,0.421734,0.938644
20260623_203847_709953,web_search,0,terminate,5,14,3,0.734541,0.849508
20260623_203847_709953,web_search,0,terminate,5,14,4,1.210488,0.883025
20260623_203847_709953,web_search,0,terminate,5,14,5,0.731522,0.830872
20260623_203847_709953,web_search,0,terminate,5,14,6,0.593626,0.925374
20260623_203847_709953,web_search,0,terminate,5,14,7,0.382985,0.911621
20260623_203847_709953,web_search,0,terminate,5,15,0,0.791374,0.856411
20260623_203847_709953,web_search,0,terminate,5,15,1,0.541610,0.932719
20260623_203847_709953,web_search,0,terminate,5,15,2,0.460914,0.910645
20260623_203847_709953,web_search,0,terminate,5,15,3,0.512223,0.885220
20260623_203847_709953,web_search,0,terminate,5,15,4,0.880196,0.874193
20260623_203847_709953,web_search,0,terminate,5,15,5,1.036742,0.817507
20260623_203847_709953,web_search,0,terminate,5,15,6,0.589640,0.891891
20260623_203847_709953,web_search,0,terminate,5,15,7,0.509611,0.906220
20260623_203847_709953,web_search,0,terminate,5,16,0,0.908302,0.772983
20260623_203847_709953,web_search,0,terminate,5,16,1,1.532309,0.667549
20260623_203847_709953,web_search,0,terminate,5,16,2,0.629371,0.890991
20260623_203847_709953,web_search,0,terminate,5,16,3,0.632189,0.809406
20260623_203847_709953,web_search,0,terminate,5,16,4,0.804440,0.859344
20260623_203847_709953,web_search,0,terminate,5,16,5,0.595912,0.902763
20260623_203847_709953,web_search,0,terminate,5,16,6,0.567896,0.907424
20260623_203847_709953,web_search,0,terminate,5,16,7,0.624368,0.945304
20260623_203847_709953,web_search,0,terminate,5,17,0,0.933151,0.859172
20260623_203847_709953,web_search,0,terminate,5,17,1,0.874062,0.811750
20260623_203847_709953,web_search,0,terminate,5,17,2,0.892561,0.765137
20260623_203847_709953,web_search,0,terminate,5,17,3,1.344102,0.791372
20260623_203847_709953,web_search,0,terminate,5,17,4,0.594803,0.890710
20260623_203847_709953,web_search,0,terminate,5,17,5,0.933395,0.822832
20260623_203847_709953,web_search,0,terminate,5,17,6,0.681838,0.912917
20260623_203847_709953,web_search,0,terminate,5,17,7,0.648689,0.899853
20260623_203847_709953,web_search,0,terminate,5,18,0,1.522427,0.849507
20260623_203847_709953,web_search,0,terminate,5,18,1,0.605923,0.858653
20260623_203847_709953,web_search,0,terminate,5,18,2,1.193714,0.799832
20260623_203847_709953,web_search,0,terminate,5,18,3,0.779899,0.937903
20260623_203847_709953,web_search,0,terminate,5,18,4,0.782582,0.842501
20260623_203847_709953,web_search,0,terminate,5,18,5,0.718756,0.906751
20260623_203847_709953,web_search,0,terminate,5,18,6,0.839027,0.825582
20260623_203847_709953,web_search,0,terminate,5,18,7,1.037374,0.811157
20260623_203847_709953,web_search,0,terminate,5,19,0,1.080069,0.740831
20260623_203847_709953,web_search,0,terminate,5,19,1,1.876240,0.729261
20260623_203847_709953,web_search,0,terminate,5,19,2,0.653508,0.804772
20260623_203847_709953,web_search,0,terminate,5,19,3,0.934082,0.871437
20260623_203847_709953,web_search,0,terminate,5,19,4,1.097373,0.878413
20260623_203847_709953,web_search,0,terminate,5,19,5,1.794562,0.678766
20260623_203847_709953,web_search,0,terminate,5,19,6,0.746193,0.836639
20260623_203847_709953,web_search,0,terminate,5,19,7,1.494232,0.784630
20260623_203847_709953,web_search,0,terminate,5,20,0,1.892577,0.692142
20260623_203847_709953,web_search,0,terminate,5,20,1,1.037550,0.857173
20260623_203847_709953,web_search,0,terminate,5,20,2,1.425464,0.789220
20260623_203847_709953,web_search,0,terminate,5,20,3,1.523240,0.762443
20260623_203847_709953,web_search,0,terminate,5,20,4,1.511001,0.746452
20260623_203847_709953,web_search,0,terminate,5,20,5,0.797436,0.885736
20260623_203847_709953,web_search,0,terminate,5,20,6,2.058341,0.833927
20260623_203847_709953,web_search,0,terminate,5,20,7,0.892936,0.908443
20260623_203847_709953,web_search,0,terminate,5,21,0,0.929985,0.956034
20260623_203847_709953,web_search,0,terminate,5,21,1,1.473710,0.927822
20260623_203847_709953,web_search,0,terminate,5,21,2,0.930691,0.948901
20260623_203847_709953,web_search,0,terminate,5,21,3,0.702790,0.875271
20260623_203847_709953,web_search,0,terminate,5,21,4,0.890655,0.854717
20260623_203847_709953,web_search,0,terminate,5,21,5,2.072441,0.799904
20260623_203847_709953,web_search,0,terminate,5,21,6,0.887164,0.836818
20260623_203847_709953,web_search,0,terminate,5,21,7,0.737918,0.862277
20260623_203847_709953,web_search,0,terminate,5,22,0,1.581964,0.718275
20260623_203847_709953,web_search,0,terminate,5,22,1,0.840606,0.758004
20260623_203847_709953,web_search,0,terminate,5,22,2,1.794114,0.660288
20260623_203847_709953,web_search,0,terminate,5,22,3,1.215860,0.899208
20260623_203847_709953,web_search,0,terminate,5,22,4,1.059220,0.915850
20260623_203847_709953,web_search,0,terminate,5,22,5,1.100709,0.883929
20260623_203847_709953,web_search,0,terminate,5,22,6,0.752407,0.889764
20260623_203847_709953,web_search,0,terminate,5,22,7,1.530113,0.894423
20260623_203847_709953,web_search,0,terminate,5,23,0,1.363846,0.809051
20260623_203847_709953,web_search,0,terminate,5,23,1,1.405206,0.886018
20260623_203847_709953,web_search,0,terminate,5,23,2,1.402998,0.808303
20260623_203847_709953,web_search,0,terminate,5,23,3,0.944209,0.867848
20260623_203847_709953,web_search,0,terminate,5,23,4,1.523162,0.723851
20260623_203847_709953,web_search,0,terminate,5,23,5,1.269632,0.808864
20260623_203847_709953,web_search,0,terminate,5,23,6,1.191687,0.890659
20260623_203847_709953,web_search,0,terminate,5,23,7,1.288996,0.831849
20260623_203847_709953,web_search,0,terminate,5,24,0,1.297501,0.950023
20260623_203847_709953,web_search,0,terminate,5,24,1,1.527489,0.864397
20260623_203847_709953,web_search,0,terminate,5,24,2,1.330271,0.868737
20260623_203847_709953,web_search,0,terminate,5,24,3,1.104110,0.885194
20260623_203847_709953,web_search,0,terminate,5,24,4,1.016349,0.941360
20260623_203847_709953,web_search,0,terminate,5,24,5,1.112922,0.837223
20260623_203847_709953,web_search,0,terminate,5,24,6,1.803008,0.758587
20260623_203847_709953,web_search,0,terminate,5,24,7,1.065074,0.894601
20260623_203847_709953,web_search,0,terminate,5,25,0,1.311565,0.750425
20260623_203847_709953,web_search,0,terminate,5,25,1,1.283590,0.912139
20260623_203847_709953,web_search,0,terminate,5,25,2,2.352324,0.737997
20260623_203847_709953,web_search,0,terminate,5,25,3,1.169917,0.778832
20260623_203847_709953,web_search,0,terminate,5,25,4,2.127069,0.844751
20260623_203847_709953,web_search,0,terminate,5,25,5,1.362775,0.869704
20260623_203847_709953,web_search,0,terminate,5,25,6,1.064925,0.907057
20260623_203847_709953,web_search,0,terminate,5,25,7,1.154144,0.908749
20260623_203847_709953,web_search,0,terminate,5,26,0,2.249661,0.647018
20260623_203847_709953,web_search,0,terminate,5,26,1,2.009949,0.866536
20260623_203847_709953,web_search,0,terminate,5,26,2,0.994221,0.934318
20260623_203847_709953,web_search,0,terminate,5,26,3,1.190145,0.936098
20260623_203847_709953,web_search,0,terminate,5,26,4,1.446856,0.885890
20260623_203847_709953,web_search,0,terminate,5,26,5,0.903762,0.881953
20260623_203847_709953,web_search,0,terminate,5,26,6,1.992404,0.863118
20260623_203847_709953,web_search,0,terminate,5,26,7,1.154673,0.928193
20260623_203847_709953,web_search,0,terminate,5,27,0,1.874481,0.921499
20260623_203847_709953,web_search,0,terminate,5,27,1,3.268787,0.751048
20260623_203847_709953,web_search,0,terminate,5,27,2,3.124096,0.712390
20260623_203847_709953,web_search,0,terminate,5,27,3,1.551961,0.864588
20260623_203847_709953,web_search,0,terminate,5,27,4,1.646542,0.871854
20260623_203847_709953,web_search,0,terminate,5,27,5,1.280774,0.858251
20260623_203847_709953,web_search,0,terminate,5,27,6,1.353344,0.931494
20260623_203847_709953,web_search,0,terminate,5,27,7,3.448972,0.758026
20260623_203847_709953,web_search,0,terminate,5,28,0,1.386541,0.905467
20260623_203847_709953,web_search,0,terminate,5,28,1,1.362934,0.913479
20260623_203847_709953,web_search,0,terminate,5,28,2,1.801569,0.823638
20260623_203847_709953,web_search,0,terminate,5,28,3,2.227315,0.634934
20260623_203847_709953,web_search,0,terminate,5,28,4,1.653145,0.926151
20260623_203847_709953,web_search,0,terminate,5,28,5,1.831403,0.926858
20260623_203847_709953,web_search,0,terminate,5,28,6,1.901487,0.887434
20260623_203847_709953,web_search,0,terminate,5,28,7,1.445614,0.856575
20260623_203847_709953,web_search,0,terminate,5,29,0,1.739782,0.873951
20260623_203847_709953,web_search,0,terminate,5,29,1,2.501675,0.800279
20260623_203847_709953,web_search,0,terminate,5,29,2,1.610699,0.822716
20260623_203847_709953,web_search,0,terminate,5,29,3,3.226153,0.924089
20260623_203847_709953,web_search,0,terminate,5,29,4,2.460863,0.907500
20260623_203847_709953,web_search,0,terminate,5,29,5,2.597025,0.875898
20260623_203847_709953,web_search,0,terminate,5,29,6,1.776809,0.890611
20260623_203847_709953,web_search,0,terminate,5,29,7,5.469357,0.801853
20260623_203847_709953,web_search,0,terminate,5,30,0,2.018663,0.839247
20260623_203847_709953,web_search,0,terminate,5,30,1,2.171444,0.918173
20260623_203847_709953,web_search,0,terminate,5,30,2,2.982402,0.778347
20260623_203847_709953,web_search,0,terminate,5,30,3,3.946070,0.910852
20260623_203847_709953,web_search,0,terminate,5,30,4,3.009237,0.915092
20260623_203847_709953,web_search,0,terminate,5,30,5,1.782360,0.902628
20260623_203847_709953,web_search,0,terminate,5,30,6,2.748878,0.809733
20260623_203847_709953,web_search,0,terminate,5,30,7,5.588664,0.824666
20260623_203847_709953,web_search,0,terminate,5,31,0,2.803690,0.916276
20260623_203847_709953,web_search,0,terminate,5,31,1,2.920476,0.925773
20260623_203847_709953,web_search,0,terminate,5,31,2,2.182021,0.897326
20260623_203847_709953,web_search,0,terminate,5,31,3,2.357864,0.946023
20260623_203847_709953,web_search,0,terminate,5,31,4,2.539158,0.936148
20260623_203847_709953,web_search,0,terminate,5,31,5,2.567522,0.805523
20260623_203847_709953,web_search,0,terminate,5,31,6,6.602888,0.725579
20260623_203847_709953,web_search,0,terminate,5,31,7,2.879395,0.856999
20260623_203847_709953,web_search,0,terminate,5,32,0,3.566382,0.895010
20260623_203847_709953,web_search,0,terminate,5,32,1,2.799258,0.821777
20260623_203847_709953,web_search,0,terminate,5,32,2,2.585546,0.838124
20260623_203847_709953,web_search,0,terminate,5,32,3,3.461980,0.883061
20260623_203847_709953,web_search,0,terminate,5,32,4,8.806293,0.853685
20260623_203847_709953,web_search,0,terminate,5,32,5,2.992515,0.874445
20260623_203847_709953,web_search,0,terminate,5,32,6,4.548405,0.888533
20260623_203847_709953,web_search,0,terminate,5,32,7,7.345822,0.812674
20260623_203847_709953,web_search,0,terminate,5,33,0,3.787406,0.849413
20260623_203847_709953,web_search,0,terminate,5,33,1,2.560402,0.910240
20260623_203847_709953,web_search,0,terminate,5,33,2,3.885795,0.879448
20260623_203847_709953,web_search,0,terminate,5,33,3,3.379437,0.910273
20260623_203847_709953,web_search,0,terminate,5,33,4,3.159713,0.871259
20260623_203847_709953,web_search,0,terminate,5,33,5,3.507373,0.920655
20260623_203847_709953,web_search,0,terminate,5,33,6,3.521823,0.840177
20260623_203847_709953,web_search,0,terminate,5,33,7,3.863326,0.885974
20260623_203847_709953,web_search,0,terminate,5,34,0,6.941065,0.888566
20260623_203847_709953,web_search,0,terminate,5,34,1,3.642613,0.863196
20260623_203847_709953,web_search,0,terminate,5,34,2,4.202721,0.899562
20260623_203847_709953,web_search,0,terminate,5,34,3,3.987347,0.921554
20260623_203847_709953,web_search,0,terminate,5,34,4,6.720713,0.811968
20260623_203847_709953,web_search,0,terminate,5,34,5,5.285424,0.786336
20260623_203847_709953,web_search,0,terminate,5,34,6,4.462817,0.860053
20260623_203847_709953,web_search,0,terminate,5,34,7,3.941300,0.890036
20260623_203847_709953,web_search,0,terminate,5,35,0,4.120475,0.937237
20260623_203847_709953,web_search,0,terminate,5,35,1,4.722271,0.837380
20260623_203847_709953,web_search,0,terminate,5,35,2,4.651240,0.885214
20260623_203847_709953,web_search,0,terminate,5,35,3,3.593688,0.913205
20260623_203847_709953,web_search,0,terminate,5,35,4,5.374649,0.915750
20260623_203847_709953,web_search,0,terminate,5,35,5,6.020140,0.876259
20260623_203847_709953,web_search,0,terminate,5,35,6,4.241435,0.933691
20260623_203847_709953,web_search,0,terminate,5,35,7,6.191778,0.853886
20260623_203847_709953,web_search,0,terminate,5,36,0,5.291953,0.909173
20260623_203847_709953,web_search,0,terminate,5,36,1,13.231831,0.896644
20260623_203847_709953,web_search,0,terminate,5,36,2,5.697329,0.826255
20260623_203847_709953,web_search,0,terminate,5,36,3,6.808971,0.817733
20260623_203847_709953,web_search,0,terminate,5,36,4,5.949600,0.874605
20260623_203847_709953,web_search,0,terminate,5,36,5,4.132881,0.922163
20260623_203847_709953,web_search,0,terminate,5,36,6,6.393886,0.914562
20260623_203847_709953,web_search,0,terminate,5,36,7,4.800446,0.919082
20260623_203847_709953,web_search,0,terminate,5,37,0,4.792444,0.905896
20260623_203847_709953,web_search,0,terminate,5,37,1,5.390750,0.893705
20260623_203847_709953,web_search,0,terminate,5,37,2,9.108231,0.828573
20260623_203847_709953,web_search,0,terminate,5,37,3,5.394946,0.883409
20260623_203847_709953,web_search,0,terminate,5,37,4,10.889672,0.870229
20260623_203847_709953,web_search,0,terminate,5,37,5,6.312452,0.901216
20260623_203847_709953,web_search,0,terminate,5,37,6,12.839244,0.730997
20260623_203847_709953,web_search,0,terminate,5,37,7,16.424905,0.891767
20260623_203847_709953,web_search,0,terminate,5,38,0,18.581143,0.892231
20260623_203847_709953,web_search,0,terminate,5,38,1,5.933359,0.878610
20260623_203847_709953,web_search,0,terminate,5,38,2,6.519983,0.838849
20260623_203847_709953,web_search,0,terminate,5,38,3,7.526943,0.849150
20260623_203847_709953,web_search,0,terminate,5,38,4,6.341495,0.851692
20260623_203847_709953,web_search,0,terminate,5,38,5,7.842170,0.770849
20260623_203847_709953,web_search,0,terminate,5,38,6,8.871469,0.956111
20260623_203847_709953,web_search,0,terminate,5,38,7,6.130711,0.910338
20260623_203847_709953,web_search,0,terminate,5,39,0,6.442035,0.861038
20260623_203847_709953,web_search,0,terminate,5,39,1,6.742148,0.714356
20260623_203847_709953,web_search,0,terminate,5,39,2,14.258128,0.802021
20260623_203847_709953,web_search,0,terminate,5,39,3,7.724162,0.808824
20260623_203847_709953,web_search,0,terminate,5,39,4,5.417198,0.891694
20260623_203847_709953,web_search,0,terminate,5,39,5,18.464478,0.857103
20260623_203847_709953,web_search,0,terminate,5,39,6,6.592563,0.724938
20260623_203847_709953,web_search,0,terminate,5,39,7,15.128138,0.865162
20260623_203847_709953,web_search,1,web_search,2,0,0,0.005428,0.995160
20260623_203847_709953,web_search,1,web_search,2,0,1,0.006157,0.998847
20260623_203847_709953,web_search,1,web_search,2,0,2,0.006949,0.998246
20260623_203847_709953,web_search,1,web_search,2,0,3,0.008466,0.996959
20260623_203847_709953,web_search,1,web_search,2,0,4,0.004531,0.999875
20260623_203847_709953,web_search,1,web_search,2,0,5,0.005173,0.993393
20260623_203847_709953,web_search,1,web_search,2,0,6,0.004097,0.997697
20260623_203847_709953,web_search,1,web_search,2,0,7,0.006295,0.998911
20260623_203847_709953,web_search,1,web_search,2,1,0,0.008533,0.999199
20260623_203847_709953,web_search,1,web_search,2,1,1,0.007457,0.999330
20260623_203847_709953,web_search,1,web_search,2,1,2,0.006754,0.994523
20260623_203847_709953,web_search,1,web_search,2,1,3,0.012582,0.996919
20260623_203847_709953,web_search,1,web_search,2,1,4,0.009429,0.997706
20260623_203847_709953,web_search,1,web_search,2,1,5,0.006739,0.998883
20260623_203847_709953,web_search,1,web_search,2,1,6,0.010432,0.992846
20260623_203847_709953,web_search,1,web_search,2,1,7,0.012258,0.999505
20260623_203847_709953,web_search,1,web_search,2,2,0,0.026520,0.986377
20260623_203847_709953,web_search,1,web_search,2,2,1,0.015105,0.992726
20260623_203847_709953,web_search,1,web_search,2,2,2,0.011322,0.987124
20260623_203847_709953,web_search,1,web_search,2,2,3,0.011205,0.993721
20260623_203847_709953,web_search,1,web_search,2,2,4,0.016171,0.997297
20260623_203847_709953,web_search,1,web_search,2,2,5,0.012619,0.991948
20260623_203847_709953,web_search,1,web_search,2,2,6,0.012288,0.989652
20260623_203847_709953,web_search,1,web_search,2,2,7,0.016016,0.991876
20260623_203847_709953,web_search,1,web_search,2,3,0,0.026403,0.990072
20260623_203847_709953,web_search,1,web_search,2,3,1,0.014144,0.996730
20260623_203847_709953,web_search,1,web_search,2,3,2,0.021780,0.984075
20260623_203847_709953,web_search,1,web_search,2,3,3,0.025063,0.984592
20260623_203847_709953,web_search,1,web_search,2,3,4,0.018940,0.984412
20260623_203847_709953,web_search,1,web_search,2,3,5,0.020380,0.992286
20260623_203847_709953,web_search,1,web_search,2,3,6,0.016656,0.988692
20260623_203847_709953,web_search,1,web_search,2,3,7,0.024389,0.980169
20260623_203847_709953,web_search,1,web_search,2,4,0,0.029411,0.989619
20260623_203847_709953,web_search,1,web_search,2,4,1,0.026030,0.987448
20260623_203847_709953,web_search,1,web_search,2,4,2,0.026686,0.998747
20260623_203847_709953,web_search,1,web_search,2,4,3,0.026521,0.979931
20260623_203847_709953,web_search,1,web_search,2,4,4,0.029166,0.985577
20260623_203847_709953,web_search,1,web_search,2,4,5,0.023874,0.992819
20260623_203847_709953,web_search,1,web_search,2,4,6,0.016800,0.991720
20260623_203847_709953,web_search,1,web_search,2,4,7,0.016661,0.992881
20260623_203847_709953,web_search,1,web_search,2,5,0,0.042444,0.996539
20260623_203847_709953,web_search,1,web_search,2,5,1,0.030217,0.993550
20260623_203847_709953,web_search,1,web_search,2,5,2,0.018581,0.992537
20260623_203847_709953,web_search,1,web_search,2,5,3,0.035882,0.997825
20260623_203847_709953,web_search,1,web_search,2,5,4,0.024881,0.998752
20260623_203847_709953,web_search,1,web_search,2,5,5,0.021146,0.994750
20260623_203847_709953,web_search,1,web_search,2,5,6,0.032889,0.992847
20260623_203847_709953,web_search,1,web_search,2,5,7,0.024797,0.994186
20260623_203847_709953,web_search,1,web_search,2,6,0,0.056997,0.984213
20260623_203847_709953,web_search,1,web_search,2,6,1,0.042517,0.994818
20260623_203847_709953,web_search,1,web_search,2,6,2,0.056798,0.966722
20260623_203847_709953,web_search,1,web_search,2,6,3,0.027350,0.978150
20260623_203847_709953,web_search,1,web_search,2,6,4,0.030302,0.993934
20260623_203847_709953,web_search,1,web_search,2,6,5,0.047590,0.990152
20260623_203847_709953,web_search,1,web_search,2,6,6,0.042681,0.992605
20260623_203847_709953,web_search,1,web_search,2,6,7,0.030005,0.991237
20260623_203847_709953,web_search,1,web_search,2,7,0,0.100218,0.993021
20260623_203847_709953,web_search,1,web_search,2,7,1,0.070635,0.986402
20260623_203847_709953,web_search,1,web_search,2,7,2,0.069354,0.996946
20260623_203847_709953,web_search,1,web_search,2,7,3,0.046478,0.985502
20260623_203847_709953,web_search,1,web_search,2,7,4,0.070070,0.994606
20260623_203847_709953,web_search,1,web_search,2,7,5,0.049804,0.986208
20260623_203847_709953,web_search,1,web_search,2,7,6,0.101405,0.987107
20260623_203847_709953,web_search,1,web_search,2,7,7,0.069885,0.994408
20260623_203847_709953,web_search,1,web_search,2,8,0,0.096707,0.993751
20260623_203847_709953,web_search,1,web_search,2,8,1,0.143431,0.972977
20260623_203847_709953,web_search,1,web_search,2,8,2,0.087565,0.995544
20260623_203847_709953,web_search,1,web_search,2,8,3,0.089098,0.990382
20260623_203847_709953,web_search,1,web_search,2,8,4,0.128300,0.984480
20260623_203847_709953,web_search,1,web_search,2,8,5,0.062423,0.993650
20260623_203847_709953,web_search,1,web_search,2,8,6,0.066507,0.994138
20260623_203847_709953,web_search,1,web_search,2,8,7,0.062243,0.994989
20260623_203847_709953,web_search,1,web_search,2,9,0,0.095593,0.992201
20260623_203847_709953,web_search,1,web_search,2,9,1,0.059561,0.996841
20260623_203847_709953,web_search,1,web_search,2,9,2,0.080701,0.992462
20260623_203847_709953,web_search,1,web_search,2,9,3,0.066801,0.994927
20260623_203847_709953,web_search,1,web_search,2,9,4,0.066017,0.993989
20260623_203847_709953,web_search,1,web_search,2,9,5,0.051515,0.989543
20260623_203847_709953,web_search,1,web_search,2,9,6,0.055303,0.993664
20260623_203847_709953,web_search,1,web_search,2,9,7,0.102105,0.990964
20260623_203847_709953,web_search,1,web_search,2,10,0,0.079501,0.995784
20260623_203847_709953,web_search,1,web_search,2,10,1,0.107130,0.980178
20260623_203847_709953,web_search,1,web_search,2,10,2,0.063012,0.991898
20260623_203847_709953,web_search,1,web_search,2,10,3,0.062258,0.979232
20260623_203847_709953,web_search,1,web_search,2,10,4,0.080146,0.994397
20260623_203847_709953,web_search,1,web_search,2,10,5,0.098872,0.995090
20260623_203847_709953,web_search,1,web_search,2,10,6,0.123056,0.970807
20260623_203847_709953,web_search,1,web_search,2,10,7,0.144918,0.981366
20260623_203847_709953,web_search,1,web_search,2,11,0,0.071166,0.989080
20260623_203847_709953,web_search,1,web_search,2,11,1,0.149775,0.984262
20260623_203847_709953,web_search,1,web_search,2,11,2,0.075851,0.991587
20260623_203847_709953,web_search,1,web_search,2,11,3,0.094205,0.986834
20260623_203847_709953,web_search,1,web_search,2,11,4,0.158475,0.980343
20260623_203847_709953,web_search,1,web_search,2,11,5,0.060935,0.987573
20260623_203847_709953,web_search,1,web_search,2,11,6,0.080126,0.991247
20260623_203847_709953,web_search,1,web_search,2,11,7,0.105358,0.985103
20260623_203847_709953,web_search,1,web_search,2,12,0,0.129666,0.986248
20260623_203847_709953,web_search,1,web_search,2,12,1,0.092650,0.988140
20260623_203847_709953,web_search,1,web_search,2,12,2,0.143894,0.995480
20260623_203847_709953,web_search,1,web_search,2,12,3,0.141560,0.985395
20260623_203847_709953,web_search,1,web_search,2,12,4,0.094836,0.991845
20260623_203847_709953,web_search,1,web_search,2,12,5,0.119176,0.982015
20260623_203847_709953,web_search,1,web_search,2,12,6,0.084646,0.991263
20260623_203847_709953,web_search,1,web_search,2,12,7,0.096355,0.988372
20260623_203847_709953,web_search,1,web_search,2,13,0,0.173462,0.991932
20260623_203847_709953,web_search,1,web_search,2,13,1,0.122520,0.992746
20260623_203847_709953,web_search,1,web_search,2,13,2,0.150173,0.994451
20260623_203847_709953,web_search,1,web_search,2,13,3,0.166564,0.987331
20260623_203847_709953,web_search,1,web_search,2,13,4,0.127045,0.982082
20260623_203847_709953,web_search,1,web_search,2,13,5,0.116895,0.977750
20260623_203847_709953,web_search,1,web_search,2,13,6,0.173031,0.994554
20260623_203847_709953,web_search,1,web_search,2,13,7,0.159122,0.982975
20260623_203847_709953,web_search,1,web_search,2,14,0,0.096823,0.987686
20260623_203847_709953,web_search,1,web_search,2,14,1,0.098247,0.981536
20260623_203847_709953,web_search,1,web_search,2,14,2,0.115132,0.995002
20260623_203847_709953,web_search,1,web_search,2,14,3,0.169810,0.989735
20260623_203847_709953,web_search,1,web_search,2,14,4,0.267862,0.993707
20260623_203847_709953,web_search,1,web_search,2,14,5,0.185499,0.986109
20260623_203847_709953,web_search,1,web_search,2,14,6,0.142635,0.995320
20260623_203847_709953,web_search,1,web_search,2,14,7,0.097564,0.993874
20260623_203847_709953,web_search,1,web_search,2,15,0,0.199735,0.989401
20260623_203847_709953,web_search,1,web_search,2,15,1,0.153842,0.993353
20260623_203847_709953,web_search,1,web_search,2,15,2,0.119480,0.993612
20260623_203847_709953,web_search,1,web_search,2,15,3,0.124463,0.992605
20260623_203847_709953,web_search,1,web_search,2,15,4,0.219810,0.991184
20260623_203847_709953,web_search,1,web_search,2,15,5,0.252467,0.986304
20260623_203847_709953,web_search,1,web_search,2,15,6,0.142213,0.993070
20260623_203847_709953,web_search,1,web_search,2,15,7,0.131957,0.993301
20260623_203847_709953,web_search,1,web_search,2,16,0,0.211333,0.985524
20260623_203847_709953,web_search,1,web_search,2,16,1,0.340213,0.978314
20260623_203847_709953,web_search,1,web_search,2,16,2,0.171883,0.990416
20260623_203847_709953,web_search,1,web_search,2,16,3,0.178359,0.982072
20260623_203847_709953,web_search,1,web_search,2,16,4,0.195711,0.990431
20260623_203847_709953,web_search,1,web_search,2,16,5,0.175465,0.990699
20260623_203847_709953,web_search,1,web_search,2,16,6,0.149681,0.992897
20260623_203847_709953,web_search,1,web_search,2,16,7,0.179847,0.994533
20260623_203847_709953,web_search,1,web_search,2,17,0,0.250988,0.987115
20260623_203847_709953,web_search,1,web_search,2,17,1,0.210644,0.986755
20260623_203847_709953,web_search,1,web_search,2,17,2,0.222400,0.982327
20260623_203847_709953,web_search,1,web_search,2,17,3,0.317912,0.985655
20260623_203847_709953,web_search,1,web_search,2,17,4,0.162321,0.990456
20260623_203847_709953,web_search,1,web_search,2,17,5,0.248117,0.983829
20260623_203847_709953,web_search,1,web_search,2,17,6,0.163644,0.994345
20260623_203847_709953,web_search,1,web_search,2,17,7,0.184687,0.989887
20260623_203847_709953,web_search,1,web_search,2,18,0,0.331065,0.991513
20260623_203847_709953,web_search,1,web_search,2,18,1,0.155869,0.988949
20260623_203847_709953,web_search,1,web_search,2,18,2,0.317031,0.982931
20260623_203847_709953,web_search,1,web_search,2,18,3,0.201634,0.994985
20260623_203847_709953,web_search,1,web_search,2,18,4,0.199569,0.987646
20260623_203847_709953,web_search,1,web_search,2,18,5,0.205713,0.991539
20260623_203847_709953,web_search,1,web_search,2,18,6,0.224321,0.983395
20260623_203847_709953,web_search,1,web_search,2,18,7,0.265358,0.984583
20260623_203847_709953,web_search,1,web_search,2,19,0,0.278447,0.977523
20260623_203847_709953,web_search,1,web_search,2,19,1,0.454854,0.978202
20260623_203847_709953,web_search,1,web_search,2,19,2,0.195246,0.979909
20260623_203847_709953,web_search,1,web_search,2,19,3,0.243168,0.989547
20260623_203847_709953,web_search,1,web_search,2,19,4,0.261405,0.991648
20260623_203847_709953,web_search,1,web_search,2,19,5,0.420153,0.976126
20260623_203847_709953,web_search,1,web_search,2,19,6,0.200128,0.986040
20260623_203847_709953,web_search,1,web_search,2,19,7,0.381215,0.980517
20260623_203847_709953,web_search,1,web_search,2,20,0,0.499929,0.974314
20260623_203847_709953,web_search,1,web_search,2,20,1,0.279760,0.987432
20260623_203847_709953,web_search,1,web_search,2,20,2,0.333024,0.985649
20260623_203847_709953,web_search,1,web_search,2,20,3,0.379174,0.979539
20260623_203847_709953,web_search,1,web_search,2,20,4,0.392949,0.976811
20260623_203847_709953,web_search,1,web_search,2,20,5,0.213656,0.991003
20260623_203847_709953,web_search,1,web_search,2,20,6,0.516940,0.986628
20260623_203847_709953,web_search,1,web_search,2,20,7,0.243350,0.991824
20260623_203847_709953,web_search,1,web_search,2,21,0,0.262090,0.995943
20260623_203847_709953,web_search,1,web_search,2,21,1,0.373631,0.994714
20260623_203847_709953,web_search,1,web_search,2,21,2,0.267798,0.995033
20260623_203847_709953,web_search,1,web_search,2,21,3,0.179306,0.991064
20260623_203847_709953,web_search,1,web_search,2,21,4,0.239420,0.987967
20260623_203847_709953,web_search,1,web_search,2,21,5,0.475207,0.986779
20260623_203847_709953,web_search,1,web_search,2,21,6,0.221592,0.987943
20260623_203847_709953,web_search,1,web_search,2,21,7,0.223958,0.985270
20260623_203847_709953,web_search,1,web_search,2,22,0,0.397147,0.976998
20260623_203847_709953,web_search,1,web_search,2,22,1,0.204890,0.982849
20260623_203847_709953,web_search,1,web_search,2,22,2,0.478421,0.968525
20260623_203847_709953,web_search,1,web_search,2,22,3,0.346302,0.989824
20260623_203847_709953,web_search,1,web_search,2,22,4,0.303871,0.991776
20260623_203847_709953,web_search,1,web_search,2,22,5,0.258144,0.991980
20260623_203847_709953,web_search,1,web_search,2,22,6,0.192948,0.992011
20260623_203847_709953,web_search,1,web_search,2,22,7,0.428066,0.989769
20260623_203847_709953,web_search,1,web_search,2,23,0,0.360603,0.984875
20260623_203847_709953,web_search,1,web_search,2,23,1,0.340992,0.992242
20260623_203847_709953,web_search,1,web_search,2,23,2,0.348045,0.985467
20260623_203847_709953,web_search,1,web_search,2,23,3,0.255806,0.988841
20260623_203847_709953,web_search,1,web_search,2,23,4,0.372410,0.981550
20260623_203847_709953,web_search,1,web_search,2,23,5,0.320024,0.985699
20260623_203847_709953,web_search,1,web_search,2,23,6,0.313549,0.991604
20260623_203847_709953,web_search,1,web_search,2,23,7,0.352955,0.984703
20260623_203847_709953,web_search,1,web_search,2,24,0,0.352491,0.995708
20260623_203847_709953,web_search,1,web_search,2,24,1,0.404250,0.989937
20260623_203847_709953,web_search,1,web_search,2,24,2,0.383052,0.987513
20260623_203847_709953,web_search,1,web_search,2,24,3,0.297011,0.990971
20260623_203847_709953,web_search,1,web_search,2,24,4,0.234747,0.996688
20260623_203847_709953,web_search,1,web_search,2,24,5,0.270819,0.989561
20260623_203847_709953,web_search,1,web_search,2,24,6,0.468751,0.979060
20260623_203847_709953,web_search,1,web_search,2,24,7,0.327524,0.988977
20260623_203847_709953,web_search,1,web_search,2,25,0,0.291292,0.983987
20260623_203847_709953,web_search,1,web_search,2,25,1,0.383713,0.991095
20260623_203847_709953,web_search,1,web_search,2,25,2,0.573867,0.980304
20260623_203847_709953,web_search,1,web_search,2,25,3,0.305020,0.984308
20260623_203847_709953,web_search,1,web_search,2,25,4,0.457844,0.991548
20260623_203847_709953,web_search,1,web_search,2,25,5,0.387258,0.987240
20260623_203847_709953,web_search,1,web_search,2,25,6,0.266016,0.994054
20260623_203847_709953,web_search,1,web_search,2,25,7,0.333673,0.990832
20260623_203847_709953,web_search,1,web_search,2,26,0,0.523972,0.977902
20260623_203847_709953,web_search,1,web_search,2,26,1,0.484838,0.991667
20260623_203847_709953,web_search,1,web_search,2,26,2,0.251594,0.995019
20260623_203847_709953,web_search,1,web_search,2,26,3,0.320270,0.994674
20260623_203847_709953,web_search,1,web_search,2,26,4,0.404991,0.989850
20260623_203847_709953,web_search,1,web_search,2,26,5,0.251185,0.989918
20260623_203847_709953,web_search,1,web_search,2,26,6,0.505353,0.989377
20260623_203847_709953,web_search,1,web_search,2,26,7,0.344817,0.992478
20260623_203847_709953,web_search,1,web_search,2,27,0,0.492335,0.993655
20260623_203847_709953,web_search,1,web_search,2,27,1,0.842192,0.980027
20260623_203847_709953,web_search,1,web_search,2,27,2,0.682906,0.982260
20260623_203847_709953,web_search,1,web_search,2,27,3,0.415863,0.990804
20260623_203847_709953,web_search,1,web_search,2,27,4,0.402040,0.991493
20260623_203847_709953,web_search,1,web_search,2,27,5,0.415524,0.982288
20260623_203847_709953,web_search,1,web_search,2,27,6,0.358333,0.994684
20260623_203847_709953,web_search,1,web_search,2,27,7,0.812287,0.982538
20260623_203847_709953,web_search,1,web_search,2,28,0,0.356490,0.993066
20260623_203847_709953,web_search,1,web_search,2,28,1,0.302581,0.995054
20260623_203847_709953,web_search,1,web_search,2,28,2,0.505073,0.984698
20260623_203847_709953,web_search,1,web_search,2,28,3,0.577942,0.966187
20260623_203847_709953,web_search,1,web_search,2,28,4,0.453037,0.993485
20260623_203847_709953,web_search,1,web_search,2,28,5,0.484243,0.994759
20260623_203847_709953,web_search,1,web_search,2,28,6,0.473174,0.992219
20260623_203847_709953,web_search,1,web_search,2,28,7,0.361819,0.990420
20260623_203847_709953,web_search,1,web_search,2,29,0,0.430126,0.991614
20260623_203847_709953,web_search,1,web_search,2,29,1,0.671339,0.983309
20260623_203847_709953,web_search,1,web_search,2,29,2,0.403512,0.987033
20260623_203847_709953,web_search,1,web_search,2,29,3,0.775827,0.994337
20260623_203847_709953,web_search,1,web_search,2,29,4,0.662084,0.991667
20260623_203847_709953,web_search,1,web_search,2,29,5,0.685806,0.990944
20260623_203847_709953,web_search,1,web_search,2,29,6,0.478265,0.990743
20260623_203847_709953,web_search,1,web_search,2,29,7,1.327540,0.987462
20260623_203847_709953,web_search,1,web_search,2,30,0,0.608512,0.983564
20260623_203847_709953,web_search,1,web_search,2,30,1,0.464965,0.995378
20260623_203847_709953,web_search,1,web_search,2,30,2,0.747712,0.983360
20260623_203847_709953,web_search,1,web_search,2,30,3,0.878930,0.995382
20260623_203847_709953,web_search,1,web_search,2,30,4,0.891616,0.991851
20260623_203847_709953,web_search,1,web_search,2,30,5,0.509289,0.991683
20260623_203847_709953,web_search,1,web_search,2,30,6,0.736532,0.984425
20260623_203847_709953,web_search,1,web_search,2,30,7,1.250285,0.989525
20260623_203847_709953,web_search,1,web_search,2,31,0,0.625934,0.995084
20260623_203847_709953,web_search,1,web_search,2,31,1,0.840054,0.992601
20260623_203847_709953,web_search,1,web_search,2,31,2,0.630393,0.990104
20260623_203847_709953,web_search,1,web_search,2,31,3,0.545297,0.996569
20260623_203847_709953,web_search,1,web_search,2,31,4,0.721526,0.994164
20260623_203847_709953,web_search,1,web_search,2,31,5,0.781459,0.980842
20260623_203847_709953,web_search,1,web_search,2,31,6,1.553370,0.980597
20260623_203847_709953,web_search,1,web_search,2,31,7,0.665996,0.991629
20260623_203847_709953,web_search,1,web_search,2,32,0,0.824719,0.993797
20260623_203847_709953,web_search,1,web_search,2,32,1,0.675397,0.987899
20260623_203847_709953,web_search,1,web_search,2,32,2,0.727048,0.985148
20260623_203847_709953,web_search,1,web_search,2,32,3,0.967366,0.990500
20260623_203847_709953,web_search,1,web_search,2,32,4,2.207335,0.989830
20260623_203847_709953,web_search,1,web_search,2,32,5,0.755316,0.991426
20260623_203847_709953,web_search,1,web_search,2,32,6,1.189335,0.991693
20260623_203847_709953,web_search,1,web_search,2,32,7,1.825656,0.984600
20260623_203847_709953,web_search,1,web_search,2,33,0,1.007878,0.987598
20260623_203847_709953,web_search,1,web_search,2,33,1,0.701111,0.992769
20260623_203847_709953,web_search,1,web_search,2,33,2,1.023793,0.990470
20260623_203847_709953,web_search,1,web_search,2,33,3,0.831089,0.994217
20260623_203847_709953,web_search,1,web_search,2,33,4,0.838052,0.990916
20260623_203847_709953,web_search,1,web_search,2,33,5,1.000594,0.992756
20260623_203847_709953,web_search,1,web_search,2,33,6,0.919610,0.987771
20260623_203847_709953,web_search,1,web_search,2,33,7,1.060463,0.990426
20260623_203847_709953,web_search,1,web_search,2,34,0,1.753212,0.991405
20260623_203847_709953,web_search,1,web_search,2,34,1,0.989897,0.989107
20260623_203847_709953,web_search,1,web_search,2,34,2,1.088917,0.992497
20260623_203847_709953,web_search,1,web_search,2,34,3,1.200860,0.992272
20260623_203847_709953,web_search,1,web_search,2,34,4,1.678636,0.986070
20260623_203847_709953,web_search,1,web_search,2,34,5,1.342383,0.983990
20260623_203847_709953,web_search,1,web_search,2,34,6,1.202693,0.988671
20260623_203847_709953,web_search,1,web_search,2,34,7,1.072166,0.991010
20260623_203847_709953,web_search,1,web_search,2,35,0,1.145418,0.995044
20260623_203847_709953,web_search,1,web_search,2,35,1,1.302689,0.986988
20260623_203847_709953,web_search,1,web_search,2,35,2,1.228235,0.991450
20260623_203847_709953,web_search,1,web_search,2,35,3,1.051447,0.992385
20260623_203847_709953,web_search,1,web_search,2,35,4,1.356962,0.994147
20260623_203847_709953,web_search,1,web_search,2,35,5,1.440093,0.992189
20260623_203847_709953,web_search,1,web_search,2,35,6,1.125546,0.995200
20260623_203847_709953,web_search,1,web_search,2,35,7,1.567283,0.989244
20260623_203847_709953,web_search,1,web_search,2,36,0,1.376726,0.993421
20260623_203847_709953,web_search,1,web_search,2,36,1,3.132023,0.994419
20260623_203847_709953,web_search,1,web_search,2,36,2,1.548703,0.984491
20260623_203847_709953,web_search,1,web_search,2,36,3,1.722638,0.985867
20260623_203847_709953,web_search,1,web_search,2,36,4,1.415498,0.992424
20260623_203847_709953,web_search,1,web_search,2,36,5,1.213393,0.992871
20260623_203847_709953,web_search,1,web_search,2,36,6,1.943182,0.992358
20260623_203847_709953,web_search,1,web_search,2,36,7,1.149663,0.994947
20260623_203847_709953,web_search,1,web_search,2,37,0,1.361068,0.991521
20260623_203847_709953,web_search,1,web_search,2,37,1,1.599236,0.989785
20260623_203847_709953,web_search,1,web_search,2,37,2,2.271539,0.986504
20260623_203847_709953,web_search,1,web_search,2,37,3,1.422767,0.991574
20260623_203847_709953,web_search,1,web_search,2,37,4,2.764954,0.989843
20260623_203847_709953,web_search,1,web_search,2,37,5,1.587874,0.993081
20260623_203847_709953,web_search,1,web_search,2,37,6,3.195682,0.978734
20260623_203847_709953,web_search,1,web_search,2,37,7,3.592817,0.994517
20260623_203847_709953,web_search,1,web_search,2,38,0,4.320136,0.994131
20260623_203847_709953,web_search,1,web_search,2,38,1,1.559991,0.990563
20260623_203847_709953,web_search,1,web_search,2,38,2,1.701351,0.986906
20260623_203847_709953,web_search,1,web_search,2,38,3,2.062839,0.986734
20260623_203847_709953,web_search,1,web_search,2,38,4,1.722413,0.987450
20260623_203847_709953,web_search,1,web_search,2,38,5,1.888077,0.983961
20260623_203847_709953,web_search,1,web_search,2,38,6,2.583282,0.996157
20260623_203847_709953,web_search,1,web_search,2,38,7,1.918694,0.990187
20260623_203847_709953,web_search,1,web_search,2,39,0,1.575095,0.990453
20260623_203847_709953,web_search,1,web_search,2,39,1,1.638573,0.980048
20260623_203847_709953,web_search,1,web_search,2,39,2,3.398466,0.984647
20260623_203847_709953,web_search,1,web_search,2,39,3,2.036349,0.982063
20260623_203847_709953,web_search,1,web_search,2,39,4,1.408661,0.992144
20260623_203847_709953,web_search,1,web_search,2,39,5,4.404912,0.990075
20260623_203847_709953,web_search,1,web_search,2,39,6,1.731330,0.974520
20260623_203847_709953,web_search,1,web_search,2,39,7,3.709590,0.990809
20260623_203847_709953,web_search,1,web_search,3,0,0,0.005949,0.994224
20260623_203847_709953,web_search,1,web_search,3,0,1,0.007091,0.998465
20260623_203847_709953,web_search,1,web_search,3,0,2,0.006837,0.998297
20260623_203847_709953,web_search,1,web_search,3,0,3,0.007977,0.996753
20260623_203847_709953,web_search,1,web_search,3,0,4,0.005477,0.999840
20260623_203847_709953,web_search,1,web_search,3,0,5,0.005332,0.992744
20260623_203847_709953,web_search,1,web_search,3,0,6,0.004951,0.996667
20260623_203847_709953,web_search,1,web_search,3,0,7,0.006759,0.998745
20260623_203847_709953,web_search,1,web_search,3,1,0,0.010799,0.998797
20260623_203847_709953,web_search,1,web_search,3,1,1,0.008875,0.999056
20260623_203847_709953,web_search,1,web_search,3,1,2,0.007168,0.994102
20260623_203847_709953,web_search,1,web_search,3,1,3,0.011846,0.997284
20260623_203847_709953,web_search,1,web_search,3,1,4,0.009633,0.997077
20260623_203847_709953,web_search,1,web_search,3,1,5,0.007684,0.998630
20260623_203847_709953,web_search,1,web_search,3,1,6,0.010824,0.991931
20260623_203847_709953,web_search,1,web_search,3,1,7,0.011331,0.999634
20260623_203847_709953,web_search,1,web_search,3,2,0,0.039949,0.969389
20260623_203847_709953,web_search,1,web_search,3,2,1,0.020093,0.986216
20260623_203847_709953,web_search,1,web_search,3,2,2,0.016030,0.973547
20260623_203847_709953,web_search,1,web_search,3,2,3,0.018135,0.983495
20260623_203847_709953,web_search,1,web_search,3,2,4,0.022423,0.994779
20260623_203847_709953,web_search,1,web_search,3,2,5,0.016705,0.984767
20260623_203847_709953,web_search,1,web_search,3,2,6,0.015904,0.982672
20260623_203847_709953,web_search,1,web_search,3,2,7,0.024480,0.981498
20260623_203847_709953,web_search,1,web_search,3,3,0,0.036072,0.982766
20260623_203847_709953,web_search,1,web_search,3,3,1,0.019113,0.993485
20260623_203847_709953,web_search,1,web_search,3,3,2,0.030017,0.970311
20260623_203847_709953,web_search,1,web_search,3,3,3,0.029375,0.978812
20260623_203847_709953,web_search,1,web_search,3,3,4,0.026823,0.970252
20260623_203847_709953,web_search,1,web_search,3,3,5,0.025442,0.987174
20260623_203847_709953,web_search,1,web_search,3,3,6,0.020062,0.984016
20260623_203847_709953,web_search,1,web_search,3,3,7,0.033818,0.965037
20260623_203847_709953,web_search,1,web_search,3,4,0,0.043291,0.979894
20260623_203847_709953,web_search,1,web_search,3,4,1,0.035279,0.976836
20260623_203847_709953,web_search,1,web_search,3,4,2,0.038341,0.997410
20260623_203847_709953,web_search,1,web_search,3,4,3,0.031193,0.972466
20260623_203847_709953,web_search,1,web_search,3,4,4,0.044898,0.967751
20260623_203847_709953,web_search,1,web_search,3,4,5,0.033155,0.985624
20260623_203847_709953,web_search,1,web_search,3,4,6,0.024272,0.981736
20260623_203847_709953,web_search,1,web_search,3,4,7,0.022192,0.987699
20260623_203847_709953,web_search,1,web_search,3,5,0,0.070353,0.990450
20260623_203847_709953,web_search,1,web_search,3,5,1,0.038356,0.989598
20260623_203847_709953,web_search,1,web_search,3,5,2,0.025977,0.985224
20260623_203847_709953,web_search,1,web_search,3,5,3,0.065049,0.993141
20260623_203847_709953,web_search,1,web_search,3,5,4,0.032349,0.997869
20260623_203847_709953,web_search,1,web_search,3,5,5,0.029824,0.988978
20260623_203847_709953,web_search,1,web_search,3,5,6,0.049410,0.985536
20260623_203847_709953,web_search,1,web_search,3,5,7,0.035197,0.989052
20260623_203847_709953,web_search,1,web_search,3,6,0,0.098922,0.959882
20260623_203847_709953,web_search,1,web_search,3,6,1,0.071897,0.983346
20260623_203847_709953,web_search,1,web_search,3,6,2,0.100887,0.909320
20260623_203847_709953,web_search,1,web_search,3,6,3,0.045236,0.951699
20260623_203847_709953,web_search,1,web_search,3,6,4,0.045100,0.986239
20260623_203847_709953,web_search,1,web_search,3,6,5,0.075919,0.976670
20260623_203847_709953,web_search,1,web_search,3,6,6,0.079031,0.977474
20260623_203847_709953,web_search,1,web_search,3,6,7,0.048562,0.978679
20260623_203847_709953,web_search,1,web_search,3,7,0,0.164022,0.981729
20260623_203847_709953,web_search,1,web_search,3,7,1,0.102973,0.971362
20260623_203847_709953,web_search,1,web_search,3,7,2,0.122028,0.990255
20260623_203847_709953,web_search,1,web_search,3,7,3,0.075664,0.963862
20260623_203847_709953,web_search,1,web_search,3,7,4,0.114167,0.985158
20260623_203847_709953,web_search,1,web_search,3,7,5,0.072816,0.972243
20260623_203847_709953,web_search,1,web_search,3,7,6,0.180378,0.961432
20260623_203847_709953,web_search,1,web_search,3,7,7,0.112007,0.985898
20260623_203847_709953,web_search,1,web_search,3,8,0,0.166376,0.980899
20260623_203847_709953,web_search,1,web_search,3,8,1,0.246888,0.926912
20260623_203847_709953,web_search,1,web_search,3,8,2,0.155041,0.985743
20260623_203847_709953,web_search,1,web_search,3,8,3,0.153274,0.972470
20260623_203847_709953,web_search,1,web_search,3,8,4,0.210142,0.960610
20260623_203847_709953,web_search,1,web_search,3,8,5,0.099436,0.984153
20260623_203847_709953,web_search,1,web_search,3,8,6,0.098045,0.987306
20260623_203847_709953,web_search,1,web_search,3,8,7,0.108037,0.984742
20260623_203847_709953,web_search,1,web_search,3,9,0,0.153375,0.979828
20260623_203847_709953,web_search,1,web_search,3,9,1,0.104765,0.990194
20260623_203847_709953,web_search,1,web_search,3,9,2,0.139539,0.978011
20260623_203847_709953,web_search,1,web_search,3,9,3,0.104739,0.987483
20260623_203847_709953,web_search,1,web_search,3,9,4,0.108108,0.983803
20260623_203847_709953,web_search,1,web_search,3,9,5,0.082626,0.974337
20260623_203847_709953,web_search,1,web_search,3,9,6,0.098463,0.979766
20260623_203847_709953,web_search,1,web_search,3,9,7,0.192032,0.968822
20260623_203847_709953,web_search,1,web_search,3,10,0,0.135576,0.987689
20260623_203847_709953,web_search,1,web_search,3,10,1,0.184467,0.948200
20260623_203847_709953,web_search,1,web_search,3,10,2,0.093675,0.982096
20260623_203847_709953,web_search,1,web_search,3,10,3,0.102900,0.950029
20260623_203847_709953,web_search,1,web_search,3,10,4,0.120182,0.987276
20260623_203847_709953,web_search,1,web_search,3,10,5,0.175503,0.985452
20260623_203847_709953,web_search,1,web_search,3,10,6,0.214674,0.920962
20260623_203847_709953,web_search,1,web_search,3,10,7,0.252160,0.951017
20260623_203847_709953,web_search,1,web_search,3,11,0,0.113645,0.972915
20260623_203847_709953,web_search,1,web_search,3,11,1,0.271022,0.957137
20260623_203847_709953,web_search,1,web_search,3,11,2,0.132254,0.974008
20260623_203847_709953,web_search,1,web_search,3,11,3,0.156788,0.965643
20260623_203847_709953,web_search,1,web_search,3,11,4,0.262888,0.950537
20260623_203847_709953,web_search,1,web_search,3,11,5,0.100526,0.968497
20260623_203847_709953,web_search,1,web_search,3,11,6,0.128489,0.978955
20260623_203847_709953,web_search,1,web_search,3,11,7,0.189867,0.958889
20260623_203847_709953,web_search,1,web_search,3,12,0,0.208770,0.967125
20260623_203847_709953,web_search,1,web_search,3,12,1,0.151252,0.971785
20260623_203847_709953,web_search,1,web_search,3,12,2,0.263869,0.984797
20260623_203847_709953,web_search,1,web_search,3,12,3,0.222143,0.964005
20260623_203847_709953,web_search,1,web_search,3,12,4,0.140004,0.982114
20260623_203847_709953,web_search,1,web_search,3,12,5,0.196089,0.952028
20260623_203847_709953,web_search,1,web_search,3,12,6,0.135971,0.976618
20260623_203847_709953,web_search,1,web_search,3,12,7,0.170642,0.963491
20260623_203847_709953,web_search,1,web_search,3,13,0,0.281324,0.980233
20260623_203847_709953,web_search,1,web_search,3,13,1,0.199906,0.980654
20260623_203847_709953,web_search,1,web_search,3,13,2,0.250430,0.984486
20260623_203847_709953,web_search,1,web_search,3,13,3,0.250399,0.972586
20260623_203847_709953,web_search,1,web_search,3,13,4,0.183830,0.962787
20260623_203847_709953,web_search,1,web_search,3,13,5,0.177979,0.948341
20260623_203847_709953,web_search,1,web_search,3,13,6,0.267437,0.986918
20260623_203847_709953,web_search,1,web_search,3,13,7,0.281462,0.953703
20260623_203847_709953,web_search,1,web_search,3,14,0,0.161676,0.965463
20260623_203847_709953,web_search,1,web_search,3,14,1,0.158297,0.953321
20260623_203847_709953,web_search,1,web_search,3,14,2,0.190075,0.986707
20260623_203847_709953,web_search,1,web_search,3,14,3,0.309362,0.969266
20260623_203847_709953,web_search,1,web_search,3,14,4,0.478525,0.980246
20260623_203847_709953,web_search,1,web_search,3,14,5,0.315255,0.965733
20260623_203847_709953,web_search,1,web_search,3,14,6,0.220598,0.988814
20260623_203847_709953,web_search,1,web_search,3,14,7,0.161425,0.983243
20260623_203847_709953,web_search,1,web_search,3,15,0,0.341643,0.969611
20260623_203847_709953,web_search,1,web_search,3,15,1,0.225239,0.986602
20260623_203847_709953,web_search,1,web_search,3,15,2,0.197050,0.982673
20260623_203847_709953,web_search,1,web_search,3,15,3,0.215611,0.977719
20260623_203847_709953,web_search,1,web_search,3,15,4,0.374658,0.975087
20260623_203847_709953,web_search,1,web_search,3,15,5,0.451411,0.961836
20260623_203847_709953,web_search,1,web_search,3,15,6,0.251356,0.979441
20260623_203847_709953,web_search,1,web_search,3,15,7,0.216758,0.981771
20260623_203847_709953,web_search,1,web_search,3,16,0,0.384368,0.955248
20260623_203847_709953,web_search,1,web_search,3,16,1,0.606747,0.939688
20260623_203847_709953,web_search,1,web_search,3,16,2,0.269373,0.976802
20260623_203847_709953,web_search,1,web_search,3,16,3,0.280010,0.958314
20260623_203847_709953,web_search,1,web_search,3,16,4,0.338300,0.971312
20260623_203847_709953,web_search,1,web_search,3,16,5,0.248678,0.981284
20260623_203847_709953,web_search,1,web_search,3,16,6,0.237017,0.982448
20260623_203847_709953,web_search,1,web_search,3,16,7,0.272340,0.988502
20260623_203847_709953,web_search,1,web_search,3,17,0,0.406601,0.967354
20260623_203847_709953,web_search,1,web_search,3,17,1,0.382745,0.960426
20260623_203847_709953,web_search,1,web_search,3,17,2,0.379190,0.950263
20260623_203847_709953,web_search,1,web_search,3,17,3,0.585758,0.955684
20260623_203847_709953,web_search,1,web_search,3,17,4,0.268985,0.974212
20260623_203847_709953,web_search,1,web_search,3,17,5,0.431298,0.955662
20260623_203847_709953,web_search,1,web_search,3,17,6,0.280581,0.983300
20260623_203847_709953,web_search,1,web_search,3,17,7,0.299838,0.973490
20260623_203847_709953,web_search,1,web_search,3,18,0,0.581342,0.974477
20260623_203847_709953,web_search,1,web_search,3,18,1,0.266811,0.970689
20260623_203847_709953,web_search,1,web_search,3,18,2,0.533444,0.955385
20260623_203847_709953,web_search,1,web_search,3,18,3,0.326256,0.986726
20260623_203847_709953,web_search,1,web_search,3,18,4,0.357043,0.965594
20260623_203847_709953,web_search,1,web_search,3,18,5,0.327106,0.978557
20260623_203847_709953,web_search,1,web_search,3,18,6,0.386846,0.960787
20260623_203847_709953,web_search,1,web_search,3,18,7,0.446900,0.959602
20260623_203847_709953,web_search,1,web_search,3,19,0,0.485807,0.941715
20260623_203847_709953,web_search,1,web_search,3,19,1,0.862999,0.944217
20260623_203847_709953,web_search,1,web_search,3,19,2,0.307704,0.951901
20260623_203847_709953,web_search,1,web_search,3,19,3,0.429734,0.970018
20260623_203847_709953,web_search,1,web_search,3,19,4,0.441656,0.977286
20260623_203847_709953,web_search,1,web_search,3,19,5,0.762526,0.940576
20260623_203847_709953,web_search,1,web_search,3,19,6,0.339620,0.963652
20260623_203847_709953,web_search,1,web_search,3,19,7,0.703555,0.939833
20260623_203847_709953,web_search,1,web_search,3,20,0,0.851119,0.939213
20260623_203847_709953,web_search,1,web_search,3,20,1,0.486528,0.964935
20260623_203847_709953,web_search,1,web_search,3,20,2,0.562564,0.961031
20260623_203847_709953,web_search,1,web_search,3,20,3,0.691027,0.947273
20260623_203847_709953,web_search,1,web_search,3,20,4,0.671466,0.942653
20260623_203847_709953,web_search,1,web_search,3,20,5,0.363450,0.973677
20260623_203847_709953,web_search,1,web_search,3,20,6,0.948900,0.962501
20260623_203847_709953,web_search,1,web_search,3,20,7,0.373576,0.981040
20260623_203847_709953,web_search,1,web_search,3,21,0,0.354653,0.992844
20260623_203847_709953,web_search,1,web_search,3,21,1,0.608722,0.986401
20260623_203847_709953,web_search,1,web_search,3,21,2,0.371587,0.990637
20260623_203847_709953,web_search,1,web_search,3,21,3,0.302643,0.975046
20260623_203847_709953,web_search,1,web_search,3,21,4,0.408747,0.966801
20260623_203847_709953,web_search,1,web_search,3,21,5,0.827856,0.964051
20260623_203847_709953,web_search,1,web_search,3,21,6,0.356917,0.970439
20260623_203847_709953,web_search,1,web_search,3,21,7,0.341163,0.967051
20260623_203847_709953,web_search,1,web_search,3,22,0,0.667112,0.948406
20260623_203847_709953,web_search,1,web_search,3,22,1,0.371158,0.947459
20260623_203847_709953,web_search,1,web_search,3,22,2,0.810289,0.916311
20260623_203847_709953,web_search,1,web_search,3,22,3,0.543103,0.976731
20260623_203847_709953,web_search,1,web_search,3,22,4,0.461061,0.982439
20260623_203847_709953,web_search,1,web_search,3,22,5,0.436096,0.976933
20260623_203847_709953,web_search,1,web_search,3,22,6,0.307345,0.979935
20260623_203847_709953,web_search,1,web_search,3,22,7,0.675147,0.977052
20260623_203847_709953,web_search,1,web_search,3,23,0,0.580251,0.962687
20260623_203847_709953,web_search,1,web_search,3,23,1,0.534299,0.982141
20260623_203847_709953,web_search,1,web_search,3,23,2,0.614149,0.957024
20260623_203847_709953,web_search,1,web_search,3,23,3,0.412440,0.970606
20260623_203847_709953,web_search,1,web_search,3,23,4,0.653980,0.948292
20260623_203847_709953,web_search,1,web_search,3,23,5,0.513872,0.964868
20260623_203847_709953,web_search,1,web_search,3,23,6,0.476391,0.982229
20260623_203847_709953,web_search,1,web_search,3,23,7,0.572637,0.966773
20260623_203847_709953,web_search,1,web_search,3,24,0,0.457719,0.993353
20260623_203847_709953,web_search,1,web_search,3,24,1,0.631533,0.975939
20260623_203847_709953,web_search,1,web_search,3,24,2,0.570898,0.972647
20260623_203847_709953,web_search,1,web_search,3,24,3,0.445007,0.980942
20260623_203847_709953,web_search,1,web_search,3,24,4,0.372439,0.991572
20260623_203847_709953,web_search,1,web_search,3,24,5,0.401594,0.977510
20260623_203847_709953,web_search,1,web_search,3,24,6,0.807582,0.944936
20260623_203847_709953,web_search,1,web_search,3,24,7,0.456232,0.979800
20260623_203847_709953,web_search,1,web_search,3,25,0,0.474547,0.957287
20260623_203847_709953,web_search,1,web_search,3,25,1,0.554166,0.981260
20260623_203847_709953,web_search,1,web_search,3,25,2,0.937874,0.949487
20260623_203847_709953,web_search,1,web_search,3,25,3,0.438832,0.967245
20260623_203847_709953,web_search,1,web_search,3,25,4,0.739555,0.978368
20260623_203847_709953,web_search,1,web_search,3,25,5,0.602169,0.971151
20260623_203847_709953,web_search,1,web_search,3,25,6,0.414801,0.985304
20260623_203847_709953,web_search,1,web_search,3,25,7,0.529497,0.979532
20260623_203847_709953,web_search,1,web_search,3,26,0,0.907748,0.936839
20260623_203847_709953,web_search,1,web_search,3,26,1,0.858438,0.973480
20260623_203847_709953,web_search,1,web_search,3,26,2,0.389944,0.988097
20260623_203847_709953,web_search,1,web_search,3,26,3,0.452054,0.990362
20260623_203847_709953,web_search,1,web_search,3,26,4,0.642865,0.975235
20260623_203847_709953,web_search,1,web_search,3,26,5,0.398001,0.975434
20260623_203847_709953,web_search,1,web_search,3,26,6,0.828541,0.971930
20260623_203847_709953,web_search,1,web_search,3,26,7,0.469770,0.986825
20260623_203847_709953,web_search,1,web_search,3,27,0,0.764525,0.985843
20260623_203847_709953,web_search,1,web_search,3,27,1,1.360863,0.949469
20260623_203847_709953,web_search,1,web_search,3,27,2,1.186028,0.952676
20260623_203847_709953,web_search,1,web_search,3,27,3,0.724154,0.971517
20260623_203847_709953,web_search,1,web_search,3,27,4,0.596074,0.981306
20260623_203847_709953,web_search,1,web_search,3,27,5,0.557216,0.969363
20260623_203847_709953,web_search,1,web_search,3,27,6,0.544406,0.988483
20260623_203847_709953,web_search,1,web_search,3,27,7,1.490838,0.952521
20260623_203847_709953,web_search,1,web_search,3,28,0,0.601767,0.980411
20260623_203847_709953,web_search,1,web_search,3,28,1,0.490350,0.986998
20260623_203847_709953,web_search,1,web_search,3,28,2,0.819182,0.959260
20260623_203847_709953,web_search,1,web_search,3,28,3,0.966865,0.914507
20260623_203847_709953,web_search,1,web_search,3,28,4,0.689905,0.986483
20260623_203847_709953,web_search,1,web_search,3,28,5,0.655677,0.990288
20260623_203847_709953,web_search,1,web_search,3,28,6,0.844995,0.975692
20260623_203847_709953,web_search,1,web_search,3,28,7,0.565380,0.977046
20260623_203847_709953,web_search,1,web_search,3,29,0,0.735357,0.975317
20260623_203847_709953,web_search,1,web_search,3,29,1,1.097852,0.955512
20260623_203847_709953,web_search,1,web_search,3,29,2,0.680573,0.965506
20260623_203847_709953,web_search,1,web_search,3,29,3,1.215296,0.986603
20260623_203847_709953,web_search,1,web_search,3,29,4,1.045850,0.981646
20260623_203847_709953,web_search,1,web_search,3,29,5,1.080787,0.977615
20260623_203847_709953,web_search,1,web_search,3,29,6,0.736199,0.978340
20260623_203847_709953,web_search,1,web_search,3,29,7,2.303944,0.961862
20260623_203847_709953,web_search,1,web_search,3,30,0,0.902387,0.964558
20260623_203847_709953,web_search,1,web_search,3,30,1,0.792831,0.987074
20260623_203847_709953,web_search,1,web_search,3,30,2,1.333117,0.949510
20260623_203847_709953,web_search,1,web_search,3,30,3,1.610582,0.984278
20260623_203847_709953,web_search,1,web_search,3,30,4,1.301173,0.982605
20260623_203847_709953,web_search,1,web_search,3,30,5,0.794008,0.979604
20260623_203847_709953,web_search,1,web_search,3,30,6,1.174099,0.960618
20260623_203847_709953,web_search,1,web_search,3,30,7,2.153096,0.972958
20260623_203847_709953,web_search,1,web_search,3,31,0,1.073677,0.986411
20260623_203847_709953,web_search,1,web_search,3,31,1,1.338058,0.982974
20260623_203847_709953,web_search,1,web_search,3,31,2,0.975498,0.977496
20260623_203847_709953,web_search,1,web_search,3,31,3,0.949273,0.989908
20260623_203847_709953,web_search,1,web_search,3,31,4,1.058685,0.987857
20260623_203847_709953,web_search,1,web_search,3,31,5,1.181048,0.955777
20260623_203847_709953,web_search,1,web_search,3,31,6,2.693802,0.946927
20260623_203847_709953,web_search,1,web_search,3,31,7,1.066596,0.978480
20260623_203847_709953,web_search,1,web_search,3,32,0,1.405683,0.981625
20260623_203847_709953,web_search,1,web_search,3,32,1,1.106519,0.967251
20260623_203847_709953,web_search,1,web_search,3,32,2,1.116518,0.965278
20260623_203847_709953,web_search,1,web_search,3,32,3,1.647832,0.971885
20260623_203847_709953,web_search,1,web_search,3,32,4,3.740493,0.971892
20260623_203847_709953,web_search,1,web_search,3,32,5,1.260513,0.976862
20260623_203847_709953,web_search,1,web_search,3,32,6,1.990774,0.976695
20260623_203847_709953,web_search,1,web_search,3,32,7,3.197216,0.958721
20260623_203847_709953,web_search,1,web_search,3,33,0,1.711249,0.965348
20260623_203847_709953,web_search,1,web_search,3,33,1,1.087642,0.982854
20260623_203847_709953,web_search,1,web_search,3,33,2,1.716288,0.974552
20260623_203847_709953,web_search,1,web_search,3,33,3,1.383150,0.984328
20260623_203847_709953,web_search,1,web_search,3,33,4,1.337107,0.976759
20260623_203847_709953,web_search,1,web_search,3,33,5,1.596458,0.981812
20260623_203847_709953,web_search,1,web_search,3,33,6,1.545600,0.965794
20260623_203847_709953,web_search,1,web_search,3,33,7,1.470306,0.981521
20260623_203847_709953,web_search,1,web_search,3,34,0,2.979176,0.975537
20260623_203847_709953,web_search,1,web_search,3,34,1,1.683319,0.968344
20260623_203847_709953,web_search,1,web_search,3,34,2,1.853458,0.978931
20260623_203847_709953,web_search,1,web_search,3,34,3,1.972945,0.979333
20260623_203847_709953,web_search,1,web_search,3,34,4,2.780727,0.961766
20260623_203847_709953,web_search,1,web_search,3,34,5,2.206837,0.958042
20260623_203847_709953,web_search,1,web_search,3,34,6,1.934903,0.971156
20260623_203847_709953,web_search,1,web_search,3,34,7,1.791821,0.974862
20260623_203847_709953,web_search,1,web_search,3,35,0,1.847600,0.987051
20260623_203847_709953,web_search,1,web_search,3,35,1,2.101729,0.965954
20260623_203847_709953,web_search,1,web_search,3,35,2,2.104609,0.974984
20260623_203847_709953,web_search,1,web_search,3,35,3,1.688132,0.980052
20260623_203847_709953,web_search,1,web_search,3,35,4,2.360130,0.982665
20260623_203847_709953,web_search,1,web_search,3,35,5,2.446162,0.977197
20260623_203847_709953,web_search,1,web_search,3,35,6,1.834456,0.986989
20260623_203847_709953,web_search,1,web_search,3,35,7,2.544777,0.971670
20260623_203847_709953,web_search,1,web_search,3,36,0,2.327758,0.980828
20260623_203847_709953,web_search,1,web_search,3,36,1,5.733369,0.981049
20260623_203847_709953,web_search,1,web_search,3,36,2,2.289106,0.968933
20260623_203847_709953,web_search,1,web_search,3,36,3,2.853037,0.963637
20260623_203847_709953,web_search,1,web_search,3,36,4,2.430849,0.977294
20260623_203847_709953,web_search,1,web_search,3,36,5,1.854699,0.983359
20260623_203847_709953,web_search,1,web_search,3,36,6,2.882612,0.983275
20260623_203847_709953,web_search,1,web_search,3,36,7,1.900175,0.986111
20260623_203847_709953,web_search,1,web_search,3,37,0,2.224107,0.977891
20260623_203847_709953,web_search,1,web_search,3,37,1,2.364236,0.977388
20260623_203847_709953,web_search,1,web_search,3,37,2,3.708693,0.963856
20260623_203847_709953,web_search,1,web_search,3,37,3,2.423781,0.975122
20260623_203847_709953,web_search,1,web_search,3,37,4,4.373436,0.974466
20260623_203847_709953,web_search,1,web_search,3,37,5,2.714534,0.980771
20260623_203847_709953,web_search,1,web_search,3,37,6,5.628163,0.944370
20260623_203847_709953,web_search,1,web_search,3,37,7,6.595012,0.981874
20260623_203847_709953,web_search,1,web_search,3,38,0,7.752961,0.980609
20260623_203847_709953,web_search,1,web_search,3,38,1,2.666452,0.972852
20260623_203847_709953,web_search,1,web_search,3,38,2,2.879021,0.965603
20260623_203847_709953,web_search,1,web_search,3,38,3,3.253772,0.966135
20260623_203847_709953,web_search,1,web_search,3,38,4,2.656532,0.971325
20260623_203847_709953,web_search,1,web_search,3,38,5,3.263531,0.955522
20260623_203847_709953,web_search,1,web_search,3,38,6,4.271489,0.990312
20260623_203847_709953,web_search,1,web_search,3,38,7,3.081982,0.975266
20260623_203847_709953,web_search,1,web_search,3,39,0,2.692740,0.971824
20260623_203847_709953,web_search,1,web_search,3,39,1,2.977669,0.933640
20260623_203847_709953,web_search,1,web_search,3,39,2,6.080178,0.964628
20260623_203847_709953,web_search,1,web_search,3,39,3,3.563203,0.958999
20260623_203847_709953,web_search,1,web_search,3,39,4,2.291164,0.979231
20260623_203847_709953,web_search,1,web_search,3,39,5,8.209150,0.970267
20260623_203847_709953,web_search,1,web_search,3,39,6,2.985079,0.938320
20260623_203847_709953,web_search,1,web_search,3,39,7,6.873870,0.973702
20260623_203847_709953,web_search,1,terminate,4,0,0,0.008996,0.987280
20260623_203847_709953,web_search,1,terminate,4,0,1,0.011062,0.996233
20260623_203847_709953,web_search,1,terminate,4,0,2,0.010535,0.995972
20260623_203847_709953,web_search,1,terminate,4,0,3,0.012095,0.993022
20260623_203847_709953,web_search,1,terminate,4,0,4,0.007877,0.999640
20260623_203847_709953,web_search,1,terminate,4,0,5,0.008075,0.984085
20260623_203847_709953,web_search,1,terminate,4,0,6,0.007602,0.992044
20260623_203847_709953,web_search,1,terminate,4,0,7,0.009726,0.997397
20260623_203847_709953,web_search,1,terminate,4,1,0,0.016512,0.997180
20260623_203847_709953,web_search,1,terminate,4,1,1,0.012665,0.998066
20260623_203847_709953,web_search,1,terminate,4,1,2,0.010454,0.988165
20260623_203847_709953,web_search,1,terminate,4,1,3,0.018789,0.993709
20260623_203847_709953,web_search,1,terminate,4,1,4,0.014832,0.994093
20260623_203847_709953,web_search,1,terminate,4,1,5,0.011466,0.996827
20260623_203847_709953,web_search,1,terminate,4,1,6,0.016319,0.983363
20260623_203847_709953,web_search,1,terminate,4,1,7,0.016943,0.999117
20260623_203847_709953,web_search,1,terminate,4,2,0,0.057378,0.944192
20260623_203847_709953,web_search,1,terminate,4,2,1,0.028279,0.974736
20260623_203847_709953,web_search,1,terminate,4,2,2,0.022951,0.948346
20260623_203847_709953,web_search,1,terminate,4,2,3,0.025858,0.966901
20260623_203847_709953,web_search,1,terminate,4,2,4,0.032106,0.989476
20260623_203847_709953,web_search,1,terminate,4,2,5,0.023845,0.970766
20260623_203847_709953,web_search,1,terminate,4,2,6,0.022755,0.967108
20260623_203847_709953,web_search,1,terminate,4,2,7,0.033851,0.967200
20260623_203847_709953,web_search,1,terminate,4,3,0,0.050455,0.967629
20260623_203847_709953,web_search,1,terminate,4,3,1,0.028008,0.986985
20260623_203847_709953,web_search,1,terminate,4,3,2,0.044827,0.943562
20260623_203847_709953,web_search,1,terminate,4,3,3,0.046271,0.951811
20260623_203847_709953,web_search,1,terminate,4,3,4,0.038323,0.946213
20260623_203847_709953,web_search,1,terminate,4,3,5,0.037957,0.973355
20260623_203847_709953,web_search,1,terminate,4,3,6,0.030055,0.968634
20260623_203847_709953,web_search,1,terminate,4,3,7,0.049016,0.931069
20260623_203847_709953,web_search,1,terminate,4,4,0,0.063841,0.960725
20260623_203847_709953,web_search,1,terminate,4,4,1,0.052312,0.954305
20260623_203847_709953,web_search,1,terminate,4,4,2,0.056294,0.994410
20260623_203847_709953,web_search,1,terminate,4,4,3,0.048900,0.937836
20260623_203847_709953,web_search,1,terminate,4,4,4,0.068981,0.940309
20260623_203847_709953,web_search,1,terminate,4,4,5,0.049863,0.972114
20260623_203847_709953,web_search,1,terminate,4,4,6,0.035608,0.962936
20260623_203847_709953,web_search,1,terminate,4,4,7,0.034209,0.972610
20260623_203847_709953,web_search,1,terminate,4,5,0,0.098165,0.981515
20260623_203847_709953,web_search,1,terminate,4,5,1,0.057474,0.978536
20260623_203847_709953,web_search,1,terminate,4,5,2,0.037133,0.970968
20260623_203847_709953,web_search,1,terminate,4,5,3,0.090330,0.987136
20260623_203847_709953,web_search,1,terminate,4,5,4,0.049220,0.995341
20260623_203847_709953,web_search,1,terminate,4,5,5,0.045815,0.975688
20260623_203847_709953,web_search,1,terminate,4,5,6,0.074812,0.971123
20260623_203847_709953,web_search,1,terminate,4,5,7,0.055301,0.974510
20260623_203847_709953,web_search,1,terminate,4,6,0,0.141591,0.934767
20260623_203847_709953,web_search,1,terminate,4,6,1,0.101865,0.971172
20260623_203847_709953,web_search,1,terminate,4,6,2,0.139973,0.848495
20260623_203847_709953,web_search,1,terminate,4,6,3,0.059983,0.925924
20260623_203847_709953,web_search,1,terminate,4,6,4,0.068524,0.971809
20260623_203847_709953,web_search,1,terminate,4,6,5,0.110042,0.955677
20260623_203847_709953,web_search,1,terminate,4,6,6,0.114830,0.961423
20260623_203847_709953,web_search,1,terminate,4,6,7,0.072586,0.958704
20260623_203847_709953,web_search,1,terminate,4,7,0,0.243745,0.964001
20260623_203847_709953,web_search,1,terminate,4,7,1,0.160597,0.936204
20260623_203847_709953,web_search,1,terminate,4,7,2,0.176833,0.980003
20260623_203847_709953,web_search,1,terminate,4,7,3,0.108974,0.933591
20260623_203847_709953,web_search,1,terminate,4,7,4,0.166320,0.970320
20260623_203847_709953,web_search,1,terminate,4,7,5,0.108634,0.943031
20260623_203847_709953,web_search,1,terminate,4,7,6,0.271554,0.928928
20260623_203847_709953,web_search,1,terminate,4,7,7,0.174543,0.967320
20260623_203847_709953,web_search,1,terminate,4,8,0,0.248819,0.959197
20260623_203847_709953,web_search,1,terminate,4,8,1,0.364755,0.874223
20260623_203847_709953,web_search,1,terminate,4,8,2,0.225206,0.971893
20260623_203847_709953,web_search,1,terminate,4,8,3,0.232864,0.944104
20260623_203847_709953,web_search,1,terminate,4,8,4,0.321434,0.918884
20260623_203847_709953,web_search,1,terminate,4,8,5,0.145315,0.967929
20260623_203847_709953,web_search,1,terminate,4,8,6,0.145291,0.973485
20260623_203847_709953,web_search,1,terminate,4,8,7,0.159649,0.966284
20260623_203847_709953,web_search,1,terminate,4,9,0,0.221937,0.960302
20260623_203847_709953,web_search,1,terminate,4,9,1,0.155327,0.978465
20260623_203847_709953,web_search,1,terminate,4,9,2,0.213219,0.952996
20260623_203847_709953,web_search,1,terminate,4,9,3,0.161374,0.970911
20260623_203847_709953,web_search,1,terminate,4,9,4,0.158224,0.967047
20260623_203847_709953,web_search,1,terminate,4,9,5,0.118535,0.952674
20260623_203847_709953,web_search,1,terminate,4,9,6,0.147561,0.956823
20260623_203847_709953,web_search,1,terminate,4,9,7,0.277248,0.940178
20260623_203847_709953,web_search,1,terminate,4,10,0,0.198287,0.973649
20260623_203847_709953,web_search,1,terminate,4,10,1,0.265552,0.912295
20260623_203847_709953,web_search,1,terminate,4,10,2,0.140701,0.961944
20260623_203847_709953,web_search,1,terminate,4,10,3,0.150724,0.908408
20260623_203847_709953,web_search,1,terminate,4,10,4,0.177252,0.973585
20260623_203847_709953,web_search,1,terminate,4,10,5,0.254070,0.971685
20260623_203847_709953,web_search,1,terminate,4,10,6,0.302126,0.876784
20260623_203847_709953,web_search,1,terminate,4,10,7,0.360074,0.915094
20260623_203847_709953,web_search,1,terminate,4,11,0,0.158291,0.949838
20260623_203847_709953,web_search,1,terminate,4,11,1,0.373906,0.932150
20260623_203847_709953,web_search,1,terminate,4,11,2,0.195726,0.945589
20260623_203847_709953,web_search,1,terminate,4,11,3,0.225915,0.941122
20260623_203847_709953,web_search,1,terminate,4,11,4,0.377690,0.913743
20260623_203847_709953,web_search,1,terminate,4,11,5,0.145330,0.941483
20260623_203847_709953,web_search,1,terminate,4,11,6,0.183700,0.960981
20260623_203847_709953,web_search,1,terminate,4,11,7,0.261585,0.932727
20260623_203847_709953,web_search,1,terminate,4,12,0,0.302874,0.941618
20260623_203847_709953,web_search,1,terminate,4,12,1,0.212536,0.952959
20260623_203847_709953,web_search,1,terminate,4,12,2,0.370236,0.970654
20260623_203847_709953,web_search,1,terminate,4,12,3,0.328518,0.927595
20260623_203847_709953,web_search,1,terminate,4,12,4,0.207325,0.961284
20260623_203847_709953,web_search,1,terminate,4,12,5,0.274463,0.915617
20260623_203847_709953,web_search,1,terminate,4,12,6,0.197299,0.949489
20260623_203847_709953,web_search,1,terminate,4,12,7,0.245840,0.928376
20260623_203847_709953,web_search,1,terminate,4,13,0,0.406637,0.962411
20260623_203847_709953,web_search,1,terminate,4,13,1,0.296596,0.957198
20260623_203847_709953,web_search,1,terminate,4,13,2,0.380622,0.964575
20260623_203847_709953,web_search,1,terminate,4,13,3,0.366770,0.944771
20260623_203847_709953,web_search,1,terminate,4,13,4,0.271473,0.923784
20260623_203847_709953,web_search,1,terminate,4,13,5,0.261511,0.897070
20260623_203847_709953,web_search,1,terminate,4,13,6,0.395599,0.971925
20260623_203847_709953,web_search,1,terminate,4,13,7,0.403390,0.916720
20260623_203847_709953,web_search,1,terminate,4,14,0,0.249235,0.918141
20260623_203847_709953,web_search,1,terminate,4,14,1,0.225777,0.912302
20260623_203847_709953,web_search,1,terminate,4,14,2,0.284108,0.971853
20260623_203847_709953,web_search,1,terminate,4,14,3,0.463628,0.939268
20260623_203847_709953,web_search,1,terminate,4,14,4,0.680992,0.961297
20260623_203847_709953,web_search,1,terminate,4,14,5,0.467191,0.934671
20260623_203847_709953,web_search,1,terminate,4,14,6,0.370365,0.968215
20260623_203847_709953,web_search,1,terminate,4,14,7,0.250569,0.959071
20260623_203847_709953,web_search,1,terminate,4,15,0,0.517484,0.938368
20260623_203847_709953,web_search,1,terminate,4,15,1,0.374588,0.966977
20260623_203847_709953,web_search,1,terminate,4,15,2,0.292459,0.964349
20260623_203847_709953,web_search,1,terminate,4,15,3,0.342367,0.943101
20260623_203847_709953,web_search,1,terminate,4,15,4,0.552118,0.948695
20260623_203847_709953,web_search,1,terminate,4,15,5,0.657037,0.934322
20260623_203847_709953,web_search,1,terminate,4,15,6,0.363060,0.959674
20260623_203847_709953,web_search,1,terminate,4,15,7,0.321038,0.961429
20260623_203847_709953,web_search,1,terminate,4,16,0,0.542208,0.920863
20260623_203847_709953,web_search,1,terminate,4,16,1,0.866690,0.898203
20260623_203847_709953,web_search,1,terminate,4,16,2,0.423975,0.947776
20260623_203847_709953,web_search,1,terminate,4,16,3,0.411496,0.922683
20260623_203847_709953,web_search,1,terminate,4,16,4,0.514743,0.937892
20260623_203847_709953,web_search,1,terminate,4,16,5,0.397914,0.953983
20260623_203847_709953,web_search,1,terminate,4,16,6,0.361526,0.962198
20260623_203847_709953,web_search,1,terminate,4,16,7,0.434360,0.975074
20260623_203847_709953,web_search,1,terminate,4,17,0,0.641809,0.928587
20260623_203847_709953,web_search,1,terminate,4,17,1,0.545314,0.930096
20260623_203847_709953,web_search,1,terminate,4,17,2,0.541616,0.909578
20260623_203847_709953,web_search,1,terminate,4,17,3,0.845755,0.919645
20260623_203847_709953,web_search,1,terminate,4,17,4,0.397980,0.950304
20260623_203847_709953,web_search,1,terminate,4,17,5,0.623914,0.922995
20260623_203847_709953,web_search,1,terminate,4,17,6,0.439292,0.960114
20260623_203847_709953,web_search,1,terminate,4,17,7,0.474414,0.941448
20260623_203847_709953,web_search,1,terminate,4,18,0,0.842354,0.951308
20260623_203847_709953,web_search,1,terminate,4,18,1,0.374651,0.949834
20260623_203847_709953,web_search,1,terminate,4,18,2,0.755629,0.920229
20260623_203847_709953,web_search,1,terminate,4,18,3,0.513891,0.972083
20260623_203847_709953,web_search,1,terminate,4,18,4,0.481999,0.944863
20260623_203847_709953,web_search,1,terminate,4,18,5,0.473041,0.956977
20260623_203847_709953,web_search,1,terminate,4,18,6,0.546938,0.935809
20260623_203847_709953,web_search,1,terminate,4,18,7,0.638040,0.929224
20260623_203847_709953,web_search,1,terminate,4,19,0,0.693252,0.897508
20260623_203847_709953,web_search,1,terminate,4,19,1,1.209419,0.916508
20260623_203847_709953,web_search,1,terminate,4,19,2,0.438516,0.908007
20260623_203847_709953,web_search,1,terminate,4,19,3,0.609952,0.945482
20260623_203847_709953,web_search,1,terminate,4,19,4,0.663103,0.956731
20260623_203847_709953,web_search,1,terminate,4,19,5,1.082952,0.901990
20260623_203847_709953,web_search,1,terminate,4,19,6,0.504430,0.927150
20260623_203847_709953,web_search,1,terminate,4,19,7,1.037848,0.887311
20260623_203847_709953,web_search,1,terminate,4,20,0,1.149300,0.909842
20260623_203847_709953,web_search,1,terminate,4,20,1,0.694337,0.937405
20260623_203847_709953,web_search,1,terminate,4,20,2,0.812548,0.927579
20260623_203847_709953,web_search,1,terminate,4,20,3,1.007771,0.911708
20260623_203847_709953,web_search,1,terminate,4,20,4,0.931619,0.907309
20260623_203847_709953,web_search,1,terminate,4,20,5,0.525127,0.947825
20260623_203847_709953,web_search,1,terminate,4,20,6,1.369743,0.937071
20260623_203847_709953,web_search,1,terminate,4,20,7,0.577992,0.959381
20260623_203847_709953,web_search,1,terminate,4,21,0,0.578277,0.982649
20260623_203847_709953,web_search,1,terminate,4,21,1,0.913495,0.971210
20260623_203847_709953,web_search,1,terminate,4,21,2,0.588956,0.979633
20260623_203847_709953,web_search,1,terminate,4,21,3,0.434374,0.949361
20260623_203847_709953,web_search,1,terminate,4,21,4,0.588733,0.938261
20260623_203847_709953,web_search,1,terminate,4,21,5,1.190879,0.936578
20260623_203847_709953,web_search,1,terminate,4,21,6,0.506465,0.941721
20260623_203847_709953,web_search,1,terminate,4,21,7,0.473498,0.940723
20260623_203847_709953,web_search,1,terminate,4,22,0,0.937280,0.913038
20260623_203847_709953,web_search,1,terminate,4,22,1,0.532555,0.900433
20260623_203847_709953,web_search,1,terminate,4,22,2,1.146372,0.853028
20260623_203847_709953,web_search,1,terminate,4,22,3,0.812664,0.954322
20260623_203847_709953,web_search,1,terminate,4,22,4,0.709162,0.964857
20260623_203847_709953,web_search,1,terminate,4,22,5,0.603178,0.955983
20260623_203847_709953,web_search,1,terminate,4,22,6,0.460055,0.956040
20260623_203847_709953,web_search,1,terminate,4,22,7,0.997132,0.956819
20260623_203847_709953,web_search,1,terminate,4,23,0,0.858277,0.924364
20260623_203847_709953,web_search,1,terminate,4,23,1,0.802956,0.963797
20260623_203847_709953,web_search,1,terminate,4,23,2,0.877175,0.923212
20260623_203847_709953,web_search,1,terminate,4,23,3,0.590218,0.942460
20260623_203847_709953,web_search,1,terminate,4,23,4,0.905647,0.916686
20260623_203847_709953,web_search,1,terminate,4,23,5,0.764572,0.930074
20260623_203847_709953,web_search,1,terminate,4,23,6,0.711248,0.965840
20260623_203847_709953,web_search,1,terminate,4,23,7,0.815092,0.939338
20260623_203847_709953,web_search,1,terminate,4,24,0,0.752267,0.983825
20260623_203847_709953,web_search,1,terminate,4,24,1,0.878520,0.955396
20260623_203847_709953,web_search,1,terminate,4,24,2,0.812046,0.947646
20260623_203847_709953,web_search,1,terminate,4,24,3,0.674613,0.958046
20260623_203847_709953,web_search,1,terminate,4,24,4,0.557450,0.981151
20260623_203847_709953,web_search,1,terminate,4,24,5,0.595346,0.953816
20260623_203847_709953,web_search,1,terminate,4,24,6,1.145355,0.906245
20260623_203847_709953,web_search,1,terminate,4,24,7,0.710561,0.953953
20260623_203847_709953,web_search,1,terminate,4,25,0,0.655150,0.921168
20260623_203847_709953,web_search,1,terminate,4,25,1,0.860646,0.956436
20260623_203847_709953,web_search,1,terminate,4,25,2,1.323534,0.910678
20260623_203847_709953,web_search,1,terminate,4,25,3,0.688132,0.927314
20260623_203847_709953,web_search,1,terminate,4,25,4,1.085749,0.957250
20260623_203847_709953,web_search,1,terminate,4,25,5,0.865470,0.946765
20260623_203847_709953,web_search,1,terminate,4,25,6,0.644512,0.965998
20260623_203847_709953,web_search,1,terminate,4,25,7,0.792334,0.960621
20260623_203847_709953,web_search,1,terminate,4,26,0,1.339879,0.877186
20260623_203847_709953,web_search,1,terminate,4,26,1,1.209487,0.946712
20260623_203847_709953,web_search,1,terminate,4,26,2,0.568093,0.974236
20260623_203847_709953,web_search,1,terminate,4,26,3,0.707408,0.977888
20260623_203847_709953,web_search,1,terminate,4,26,4,0.911288,0.953127
20260623_203847_709953,web_search,1,terminate,4,26,5,0.549578,0.955238
20260623_203847_709953,web_search,1,terminate,4,26,6,1.132054,0.951383
20260623_203847_709953,web_search,1,terminate,4,26,7,0.729830,0.971428
20260623_203847_709953,web_search,1,terminate,4,27,0,1.155670,0.971411
20260623_203847_709953,web_search,1,terminate,4,27,1,1.878835,0.910438
20260623_203847_709953,web_search,1,terminate,4,27,2,1.705581,0.912017
20260623_203847_709953,web_search,1,terminate,4,27,3,1.023319,0.941735
20260623_203847_709953,web_search,1,terminate,4,27,4,0.891001,0.959752
20260623_203847_709953,web_search,1,terminate,4,27,5,0.819350,0.940062
20260623_203847_709953,web_search,1,terminate,4,27,6,0.818864,0.976305
20260623_203847_709953,web_search,1,terminate,4,27,7,2.087273,0.923047
20260623_203847_709953,web_search,1,terminate,4,28,0,0.856513,0.962232
20260623_203847_709953,web_search,1,terminate,4,28,1,0.735445,0.970430
20260623_203847_709953,web_search,1,terminate,4,28,2,1.111592,0.925641
20260623_203847_709953,web_search,1,terminate,4,28,3,1.353981,0.847913
20260623_203847_709953,web_search,1,terminate,4,28,4,0.984720,0.975487
20260623_203847_709953,web_search,1,terminate,4,28,5,0.984927,0.978053
20260623_203847_709953,web_search,1,terminate,4,28,6,1.203321,0.955016
20260623_203847_709953,web_search,1,terminate,4,28,7,0.792150,0.956087
20260623_203847_709953,web_search,1,terminate,4,29,0,1.024208,0.953074
20260623_203847_709953,web_search,1,terminate,4,29,1,1.590238,0.912223
20260623_203847_709953,web_search,1,terminate,4,29,2,0.995546,0.930925
20260623_203847_709953,web_search,1,terminate,4,29,3,1.610957,0.974749
20260623_203847_709953,web_search,1,terminate,4,29,4,1.513398,0.966034
20260623_203847_709953,web_search,1,terminate,4,29,5,1.574740,0.949719
20260623_203847_709953,web_search,1,terminate,4,29,6,1.085374,0.955360
20260623_203847_709953,web_search,1,terminate,4,29,7,3.193980,0.927567
20260623_203847_709953,web_search,1,terminate,4,30,0,1.306308,0.929956
20260623_203847_709953,web_search,1,terminate,4,30,1,1.198564,0.968237
20260623_203847_709953,web_search,1,terminate,4,30,2,1.868690,0.909643
20260623_203847_709953,web_search,1,terminate,4,30,3,2.292400,0.966308
20260623_203847_709953,web_search,1,terminate,4,30,4,1.799875,0.965831
20260623_203847_709953,web_search,1,terminate,4,30,5,1.134381,0.958130
20260623_203847_709953,web_search,1,terminate,4,30,6,1.694597,0.924593
20260623_203847_709953,web_search,1,terminate,4,30,7,2.978255,0.951798
20260623_203847_709953,web_search,1,terminate,4,31,0,1.568306,0.969302
20260623_203847_709953,web_search,1,terminate,4,31,1,1.993433,0.966030
20260623_203847_709953,web_search,1,terminate,4,31,2,1.457687,0.953195
20260623_203847_709953,web_search,1,terminate,4,31,3,1.331579,0.979701
20260623_203847_709953,web_search,1,terminate,4,31,4,1.572735,0.974922
20260623_203847_709953,web_search,1,terminate,4,31,5,1.594781,0.919948
20260623_203847_709953,web_search,1,terminate,4,31,6,3.701189,0.912338
20260623_203847_709953,web_search,1,terminate,4,31,7,1.465526,0.958787
20260623_203847_709953,web_search,1,terminate,4,32,0,1.934547,0.964722
20260623_203847_709953,web_search,1,terminate,4,32,1,1.544318,0.935252
20260623_203847_709953,web_search,1,terminate,4,32,2,1.594441,0.933124
20260623_203847_709953,web_search,1,terminate,4,32,3,2.228913,0.948793
20260623_203847_709953,web_search,1,terminate,4,32,4,5.292463,0.945963
20260623_203847_709953,web_search,1,terminate,4,32,5,1.757543,0.956383
20260623_203847_709953,web_search,1,terminate,4,32,6,2.887980,0.952168
20260623_203847_709953,web_search,1,terminate,4,32,7,4.633555,0.928070
20260623_203847_709953,web_search,1,terminate,4,33,0,2.421239,0.935826
20260623_203847_709953,web_search,1,terminate,4,33,1,1.540967,0.967708
20260623_203847_709953,web_search,1,terminate,4,33,2,2.442174,0.954268
20260623_203847_709953,web_search,1,terminate,4,33,3,1.977169,0.966865
20260623_203847_709953,web_search,1,terminate,4,33,4,1.935916,0.950470
20260623_203847_709953,web_search,1,terminate,4,33,5,2.284497,0.964819
20260623_203847_709953,web_search,1,terminate,4,33,6,2.211101,0.932954
20260623_203847_709953,web_search,1,terminate,4,33,7,2.106345,0.961570
20260623_203847_709953,web_search,1,terminate,4,34,0,4.400423,0.951805
20260623_203847_709953,web_search,1,terminate,4,34,1,2.384680,0.939860
20260623_203847_709953,web_search,1,terminate,4,34,2,2.712420,0.957073
20260623_203847_709953,web_search,1,terminate,4,34,3,2.658682,0.964401
20260623_203847_709953,web_search,1,terminate,4,34,4,3.782562,0.932199
20260623_203847_709953,web_search,1,terminate,4,34,5,3.065430,0.924043
20260623_203847_709953,web_search,1,terminate,4,34,6,2.740798,0.945712
20260623_203847_709953,web_search,1,terminate,4,34,7,2.495293,0.952997
20260623_203847_709953,web_search,1,terminate,4,35,0,2.510591,0.976033
20260623_203847_709953,web_search,1,terminate,4,35,1,3.026435,0.931750
20260623_203847_709953,web_search,1,terminate,4,35,2,2.989212,0.950727
20260623_203847_709953,web_search,1,terminate,4,35,3,2.421487,0.960005
20260623_203847_709953,web_search,1,terminate,4,35,4,3.339134,0.967407
20260623_203847_709953,web_search,1,terminate,4,35,5,3.473537,0.952422
20260623_203847_709953,web_search,1,terminate,4,35,6,2.676598,0.973280
20260623_203847_709953,web_search,1,terminate,4,35,7,3.558428,0.948723
20260623_203847_709953,web_search,1,terminate,4,36,0,3.212102,0.961717
20260623_203847_709953,web_search,1,terminate,4,36,1,8.090936,0.961452
20260623_203847_709953,web_search,1,terminate,4,36,2,3.266342,0.942032
20260623_203847_709953,web_search,1,terminate,4,36,3,4.026790,0.933381
20260623_203847_709953,web_search,1,terminate,4,36,4,3.453606,0.953730
20260623_203847_709953,web_search,1,terminate,4,36,5,2.673570,0.966135
20260623_203847_709953,web_search,1,terminate,4,36,6,4.144766,0.963519
20260623_203847_709953,web_search,1,terminate,4,36,7,2.742131,0.971414
20260623_203847_709953,web_search,1,terminate,4,37,0,3.069815,0.960869
20260623_203847_709953,web_search,1,terminate,4,37,1,3.429936,0.953419
20260623_203847_709953,web_search,1,terminate,4,37,2,4.995749,0.936191
20260623_203847_709953,web_search,1,terminate,4,37,3,3.324742,0.953272
20260623_203847_709953,web_search,1,terminate,4,37,4,6.069807,0.950059
20260623_203847_709953,web_search,1,terminate,4,37,5,3.840368,0.964690
20260623_203847_709953,web_search,1,terminate,4,37,6,7.655884,0.911550
20260623_203847_709953,web_search,1,terminate,4,37,7,9.308896,0.965435
20260623_203847_709953,web_search,1,terminate,4,38,0,10.864723,0.960843
20260623_203847_709953,web_search,1,terminate,4,38,1,3.834553,0.948359
20260623_203847_709953,web_search,1,terminate,4,38,2,3.882821,0.943168
20260623_203847_709953,web_search,1,terminate,4,38,3,4.449370,0.936653
20260623_203847_709953,web_search,1,terminate,4,38,4,3.847514,0.941978
20260623_203847_709953,web_search,1,terminate,4,38,5,4.602104,0.921343
20260623_203847_709953,web_search,1,terminate,4,38,6,5.833565,0.982213
20260623_203847_709953,web_search,1,terminate,4,38,7,3.980622,0.961380
20260623_203847_709953,web_search,1,terminate,4,39,0,3.828376,0.942699
20260623_203847_709953,web_search,1,terminate,4,39,1,4.143926,0.874740
20260623_203847_709953,web_search,1,terminate,4,39,2,8.667007,0.941564
20260623_203847_709953,web_search,1,terminate,4,39,3,5.047565,0.934980
20260623_203847_709953,web_search,1,terminate,4,39,4,3.290584,0.956447
20260623_203847_709953,web_search,1,terminate,4,39,5,11.289946,0.950736
20260623_203847_709953,web_search,1,terminate,4,39,6,4.247543,0.893863
20260623_203847_709953,web_search,1,terminate,4,39,7,9.273260,0.958119
20260623_203847_709953,web_search,1,terminate,5,0,0,0.010537,0.982631
20260623_203847_709953,web_search,1,terminate,5,0,1,0.013758,0.994175
20260623_203847_709953,web_search,1,terminate,5,0,2,0.012510,0.994352
20260623_203847_709953,web_search,1,terminate,5,0,3,0.014170,0.990115
20260623_203847_709953,web_search,1,terminate,5,0,4,0.009517,0.999466
20260623_203847_709953,web_search,1,terminate,5,0,5,0.009123,0.979880
20260623_203847_709953,web_search,1,terminate,5,0,6,0.009275,0.988145
20260623_203847_709953,web_search,1,terminate,5,0,7,0.011121,0.996599
20260623_203847_709953,web_search,1,terminate,5,1,0,0.020797,0.995396
20260623_203847_709953,web_search,1,terminate,5,1,1,0.015873,0.996970
20260623_203847_709953,web_search,1,terminate,5,1,2,0.012664,0.982320
20260623_203847_709953,web_search,1,terminate,5,1,3,0.021542,0.991366
20260623_203847_709953,web_search,1,terminate,5,1,4,0.017756,0.991008
20260623_203847_709953,web_search,1,terminate,5,1,5,0.013843,0.995252
20260623_203847_709953,web_search,1,terminate,5,1,6,0.019939,0.974649
20260623_203847_709953,web_search,1,terminate,5,1,7,0.019368,0.998852
20260623_203847_709953,web_search,1,terminate,5,2,0,0.071950,0.917562
20260623_203847_709953,web_search,1,terminate,5,2,1,0.034383,0.962507
20260623_203847_709953,web_search,1,terminate,5,2,2,0.028515,0.922913
20260623_203847_709953,web_search,1,terminate,5,2,3,0.032236,0.949494
20260623_203847_709953,web_search,1,terminate,5,2,4,0.038562,0.984799
20260623_203847_709953,web_search,1,terminate,5,2,5,0.029837,0.954562
20260623_203847_709953,web_search,1,terminate,5,2,6,0.027819,0.952662
20260623_203847_709953,web_search,1,terminate,5,2,7,0.042479,0.950284
20260623_203847_709953,web_search,1,terminate,5,3,0,0.062884,0.950725
20260623_203847_709953,web_search,1,terminate,5,3,1,0.034496,0.980441
20260623_203847_709953,web_search,1,terminate,5,3,2,0.055350,0.920894
20260623_203847_709953,web_search,1,terminate,5,3,3,0.056937,0.929877
20260623_203847_709953,web_search,1,terminate,5,3,4,0.047863,0.919855
20260623_203847_709953,web_search,1,terminate,5,3,5,0.046104,0.960662
20260623_203847_709953,web_search,1,terminate,5,3,6,0.036339,0.954921
20260623_203847_709953,web_search,1,terminate,5,3,7,0.061184,0.899837
20260623_203847_709953,web_search,1,terminate,5,4,0,0.080999,0.939896
20260623_203847_709953,web_search,1,terminate,5,4,1,0.065965,0.928499
20260623_203847_709953,web_search,1,terminate,5,4,2,0.069719,0.991412
20260623_203847_709953,web_search,1,terminate,5,4,3,0.059880,0.909817
20260623_203847_709953,web_search,1,terminate,5,4,4,0.086053,0.915660
20260623_203847_709953,web_search,1,terminate,5,4,5,0.060955,0.960246
20260623_203847_709953,web_search,1,terminate,5,4,6,0.045297,0.940590
20260623_203847_709953,web_search,1,terminate,5,4,7,0.043481,0.957325
20260623_203847_709953,web_search,1,terminate,5,5,0,0.124181,0.970557
20260623_203847_709953,web_search,1,terminate,5,5,1,0.069294,0.969107
20260623_203847_709953,web_search,1,terminate,5,5,2,0.047038,0.953168
20260623_203847_709953,web_search,1,terminate,5,5,3,0.114403,0.979727
20260623_203847_709953,web_search,1,terminate,5,5,4,0.060648,0.992822
20260623_203847_709953,web_search,1,terminate,5,5,5,0.056486,0.963129
20260623_203847_709953,web_search,1,terminate,5,5,6,0.093539,0.956831
20260623_203847_709953,web_search,1,terminate,5,5,7,0.071263,0.959645
20260623_203847_709953,web_search,1,terminate,5,6,0,0.174562,0.908653
20260623_203847_709953,web_search,1,terminate,5,6,1,0.121438,0.959527
20260623_203847_709953,web_search,1,terminate,5,6,2,0.175580,0.784281
20260623_203847_709953,web_search,1,terminate,5,6,3,0.073818,0.897402
20260623_203847_709953,web_search,1,terminate,5,6,4,0.085271,0.955871
20260623_203847_709953,web_search,1,terminate,5,6,5,0.136472,0.934063
20260623_203847_709953,web_search,1,terminate,5,6,6,0.141293,0.945824
20260623_203847_709953,web_search,1,terminate,5,6,7,0.089400,0.942467
20260623_203847_709953,web_search,1,terminate,5,7,0,0.302925,0.947580
20260623_203847_709953,web_search,1,terminate,5,7,1,0.201084,0.904461
20260623_203847_709953,web_search,1,terminate,5,7,2,0.218668,0.969772
20260623_203847_709953,web_search,1,terminate,5,7,3,0.140024,0.899633
20260623_203847_709953,web_search,1,terminate,5,7,4,0.203966,0.956279
20260623_203847_709953,web_search,1,terminate,5,7,5,0.135509,0.915543
20260623_203847_709953,web_search,1,terminate,5,7,6,0.340349,0.901891
20260623_203847_709953,web_search,1,terminate,5,7,7,0.220578,0.949578
20260623_203847_709953,web_search,1,terminate,5,8,0,0.310908,0.937789
20260623_203847_709953,web_search,1,terminate,5,8,1,0.455564,0.827743
20260623_203847_709953,web_search,1,terminate,5,8,2,0.280366,0.957792
20260623_203847_709953,web_search,1,terminate,5,8,3,0.291268,0.917929
20260623_203847_709953,web_search,1,terminate,5,8,4,0.403149,0.882352
20260623_203847_709953,web_search,1,terminate,5,8,5,0.184275,0.949572
20260623_203847_709953,web_search,1,terminate,5,8,6,0.177785,0.961318
20260623_203847_709953,web_search,1,terminate,5,8,7,0.202899,0.945645
20260623_203847_709953,web_search,1,terminate,5,9,0,0.273984,0.941647
20260623_203847_709953,web_search,1,terminate,5,9,1,0.194818,0.966199
20260623_203847_709953,web_search,1,terminate,5,9,2,0.266136,0.931573
20260623_203847_709953,web_search,1,terminate,5,9,3,0.199477,0.956478
20260623_203847_709953,web_search,1,terminate,5,9,4,0.197654,0.950355
20260623_203847_709953,web_search,1,terminate,5,9,5,0.146733,0.930824
20260623_203847_709953,web_search,1,terminate,5,9,6,0.180298,0.937174
20260623_203847_709953,web_search,1,terminate,5,9,7,0.340679,0.915218
20260623_203847_709953,web_search,1,terminate,5,10,0,0.245765,0.959629
20260623_203847_709953,web_search,1,terminate,5,10,1,0.322108,0.884407
20260623_203847_709953,web_search,1,terminate,5,10,2,0.172939,0.944108
20260623_203847_709953,web_search,1,terminate,5,10,3,0.185932,0.874110
20260623_203847_709953,web_search,1,terminate,5,10,4,0.227432,0.958349
20260623_203847_709953,web_search,1,terminate,5,10,5,0.313520,0.959114
20260623_203847_709953,web_search,1,terminate,5,10,6,0.374943,0.833296
20260623_203847_709953,web_search,1,terminate,5,10,7,0.439886,0.886739
20260623_203847_709953,web_search,1,terminate,5,11,0,0.199655,0.924734
20260623_203847_709953,web_search,1,terminate,5,11,1,0.452206,0.913899
20260623_203847_709953,web_search,1,terminate,5,11,2,0.253550,0.909925
20260623_203847_709953,web_search,1,terminate,5,11,3,0.276346,0.917440
20260623_203847_709953,web_search,1,terminate,5,11,4,0.451191,0.888316
20260623_203847_709953,web_search,1,terminate,5,11,5,0.174975,0.920320
20260623_203847_709953,web_search,1,terminate,5,11,6,0.230710,0.941693
20260623_203847_709953,web_search,1,terminate,5,11,7,0.315075,0.910253
20260623_203847_709953,web_search,1,terminate,5,12,0,0.361684,0.922847
20260623_203847_709953,web_search,1,terminate,5,12,1,0.267436,0.931970
20260623_203847_709953,web_search,1,terminate,5,12,2,0.453941,0.956779
20260623_203847_709953,web_search,1,terminate,5,12,3,0.399126,0.900427
20260623_203847_709953,web_search,1,terminate,5,12,4,0.266813,0.936649
20260623_203847_709953,web_search,1,terminate,5,12,5,0.335753,0.881871
20260623_203847_709953,web_search,1,terminate,5,12,6,0.252027,0.917766
20260623_203847_709953,web_search,1,terminate,5,12,7,0.311339,0.888823
20260623_203847_709953,web_search,1,terminate,5,13,0,0.494113,0.947475
20260623_203847_709953,web_search,1,terminate,5,13,1,0.401371,0.922338
20260623_203847_709953,web_search,1,terminate,5,13,2,0.476798,0.944990
20260623_203847_709953,web_search,1,terminate,5,13,3,0.450871,0.919998
20260623_203847_709953,web_search,1,terminate,5,13,4,0.317131,0.899681
20260623_203847_709953,web_search,1,terminate,5,13,5,0.336241,0.837489
20260623_203847_709953,web_search,1,terminate,5,13,6,0.487685,0.958506
20260623_203847_709953,web_search,1,terminate,5,13,7,0.495172,0.887086
20260623_203847_709953,web_search,1,terminate,5,14,0,0.324354,0.864750
20260623_203847_709953,web_search,1,terminate,5,14,1,0.283186,0.871265
20260623_203847_709953,web_search,1,terminate,5,14,2,0.340115,0.961337
20260623_203847_709953,web_search,1,terminate,5,14,3,0.569176,0.917023
20260623_203847_709953,web_search,1,terminate,5,14,4,0.831872,0.944321
20260623_203847_709953,web_search,1,terminate,5,14,5,0.561307,0.916662
20260623_203847_709953,web_search,1,terminate,5,14,6,0.500283,0.943406
20260623_203847_709953,web_search,1,terminate,5,14,7,0.311667,0.936615
20260623_203847_709953,web_search,1,terminate,5,15,0,0.638865,0.911033
20260623_203847_709953,web_search,1,terminate,5,15,1,0.470411,0.953568
20260623_203847_709953,web_search,1,terminate,5,15,2,0.349600,0.950137
20260623_203847_709953,web_search,1,terminate,5,15,3,0.455403,0.898839
20260623_203847_709953,web_search,1,terminate,5,15,4,0.664894,0.930491
20260623_203847_709953,web_search,1,terminate,5,15,5,0.785833,0.917698
20260623_203847_709953,web_search,1,terminate,5,15,6,0.437274,0.943282
20260623_203847_709953,web_search,1,terminate,5,15,7,0.386151,0.945844
20260623_203847_709953,web_search,1,terminate,5,16,0,0.656377,0.892829
20260623_203847_709953,web_search,1,terminate,5,16,1,1.057268,0.871343
20260623_203847_709953,web_search,1,terminate,5,16,2,0.530938,0.924416
20260623_203847_709953,web_search,1,terminate,5,16,3,0.483176,0.899611
20260623_203847_709953,web_search,1,terminate,5,16,4,0.646377,0.908719
20260623_203847_709953,web_search,1,terminate,5,16,5,0.484909,0.934446
20260623_203847_709953,web_search,1,terminate,5,16,6,0.445907,0.944506
20260623_203847_709953,web_search,1,terminate,5,16,7,0.567071,0.962383
20260623_203847_709953,web_search,1,terminate,5,17,0,0.801733,0.900530
20260623_203847_709953,web_search,1,terminate,5,17,1,0.648555,0.910153
20260623_203847_709953,web_search,1,terminate,5,17,2,0.649263,0.877859
20260623_203847_709953,web_search,1,terminate,5,17,3,0.997123,0.898508
20260623_203847_709953,web_search,1,terminate,5,17,4,0.479290,0.932798
20260623_203847_709953,web_search,1,terminate,5,17,5,0.743251,0.903305
20260623_203847_709953,web_search,1,terminate,5,17,6,0.583620,0.930683
20260623_203847_709953,web_search,1,terminate,5,17,7,0.581196,0.923414
20260623_203847_709953,web_search,1,terminate,5,18,0,1.032144,0.934868
20260623_203847_709953,web_search,1,terminate,5,18,1,0.454101,0.930988
20260623_203847_709953,web_search,1,terminate,5,18,2,0.884981,0.898605
20260623_203847_709953,web_search,1,terminate,5,18,3,0.667405,0.960245
20260623_203847_709953,web_search,1,terminate,5,18,4,0.589150,0.924636
20260623_203847_709953,web_search,1,terminate,5,18,5,0.539014,0.946495
20260623_203847_709953,web_search,1,terminate,5,18,6,0.651785,0.916238
20260623_203847_709953,web_search,1,terminate,5,18,7,0.779229,0.904716
20260623_203847_709953,web_search,1,terminate,5,19,0,0.813010,0.872018
20260623_203847_709953,web_search,1,terminate,5,19,1,1.424588,0.900909
20260623_203847_709953,web_search,1,terminate,5,19,2,0.501421,0.886215
20260623_203847_709953,web_search,1,terminate,5,19,3,0.721245,0.928637
20260623_203847_709953,web_search,1,terminate,5,19,4,0.821049,0.939823
20260623_203847_709953,web_search,1,terminate,5,19,5,1.296304,0.877799
20260623_203847_709953,web_search,1,terminate,5,19,6,0.602031,0.901427
20260623_203847_709953,web_search,1,terminate,5,19,7,1.220997,0.862839
20260623_203847_709953,web_search,1,terminate,5,20,0,1.336977,0.882441
20260623_203847_709953,web_search,1,terminate,5,20,1,0.797960,0.920726
20260623_203847_709953,web_search,1,terminate,5,20,2,0.971853,0.905706
20260623_203847_709953,web_search,1,terminate,5,20,3,1.162981,0.890983
20260623_203847_709953,web_search,1,terminate,5,20,4,1.106393,0.884702
20260623_203847_709953,web_search,1,terminate,5,20,5,0.652619,0.918279
20260623_203847_709953,web_search,1,terminate,5,20,6,1.596164,0.921176
20260623_203847_709953,web_search,1,terminate,5,20,7,0.692904,0.944201
20260623_203847_709953,web_search,1,terminate,5,21,0,0.780828,0.971631
20260623_203847_709953,web_search,1,terminate,5,21,1,1.096948,0.961183
20260623_203847_709953,web_search,1,terminate,5,21,2,0.749418,0.970728
20260623_203847_709953,web_search,1,terminate,5,21,3,0.533673,0.924475
20260623_203847_709953,web_search,1,terminate,5,21,4,0.678436,0.917959
20260623_203847_709953,web_search,1,terminate,5,21,5,1.425428,0.919541
20260623_203847_709953,web_search,1,terminate,5,21,6,0.614796,0.913434
20260623_203847_709953,web_search,1,terminate,5,21,7,0.553933,0.916824
20260623_203847_709953,web_search,1,terminate,5,22,0,1.112864,0.892471
20260623_203847_709953,web_search,1,terminate,5,22,1,0.624551,0.869483
20260623_203847_709953,web_search,1,terminate,5,22,2,1.339371,0.812947
20260623_203847_709953,web_search,1,terminate,5,22,3,1.000262,0.937368
20260623_203847_709953,web_search,1,terminate,5,22,4,0.857617,0.952557
20260623_203847_709953,web_search,1,terminate,5,22,5,0.710930,0.939198
20260623_203847_709953,web_search,1,terminate,5,22,6,0.607875,0.924071
20260623_203847_709953,web_search,1,terminate,5,22,7,1.205669,0.944174
20260623_203847_709953,web_search,1,terminate,5,23,0,1.004522,0.900619
20260623_203847_709953,web_search,1,terminate,5,23,1,1.047178,0.942338
20260623_203847_709953,web_search,1,terminate,5,23,2,1.048343,0.897580
20260623_203847_709953,web_search,1,terminate,5,23,3,0.696892,0.921508
20260623_203847_709953,web_search,1,terminate,5,23,4,1.085348,0.889320
20260623_203847_709953,web_search,1,terminate,5,23,5,0.899983,0.907263
20260623_203847_709953,web_search,1,terminate,5,23,6,0.814166,0.955787
20260623_203847_709953,web_search,1,terminate,5,23,7,0.951061,0.919331
20260623_203847_709953,web_search,1,terminate,5,24,0,1.020827,0.974248
20260623_203847_709953,web_search,1,terminate,5,24,1,1.030311,0.939800
20260623_203847_709953,web_search,1,terminate,5,24,2,0.955623,0.930097
20260623_203847_709953,web_search,1,terminate,5,24,3,0.790557,0.944424
20260623_203847_709953,web_search,1,terminate,5,24,4,0.775860,0.963278
20260623_203847_709953,web_search,1,terminate,5,24,5,0.734861,0.930908
20260623_203847_709953,web_search,1,terminate,5,24,6,1.345778,0.877074
20260623_203847_709953,web_search,1,terminate,5,24,7,0.860334,0.934391
20260623_203847_709953,web_search,1,terminate,5,25,0,0.807820,0.884412
20260623_203847_709953,web_search,1,terminate,5,25,1,1.042230,0.937181
20260623_203847_709953,web_search,1,terminate,5,25,2,1.562500,0.884079
20260623_203847_709953,web_search,1,terminate,5,25,3,0.763449,0.909692
20260623_203847_709953,web_search,1,terminate,5,25,4,1.393839,0.937168
20260623_203847_709953,web_search,1,terminate,5,25,5,1.056449,0.926201
20260623_203847_709953,web_search,1,terminate,5,25,6,0.850346,0.939667
20260623_203847_709953,web_search,1,terminate,5,25,7,0.961580,0.944290
20260623_203847_709953,web_search,1,terminate,5,26,0,1.542207,0.841678
20260623_203847_709953,web_search,1,terminate,5,26,1,1.453232,0.923723
20260623_203847_709953,web_search,1,terminate,5,26,2,0.775187,0.951425
20260623_203847_709953,web_search,1,terminate,5,26,3,0.942909,0.963133
20260623_203847_709953,web_search,1,terminate,5,26,4,1.070784,0.938373
20260623_203847_709953,web_search,1,terminate,5,26,5,0.663146,0.935776
20260623_203847_709953,web_search,1,terminate,5,26,6,1.396795,0.929433
20260623_203847_709953,web_search,1,terminate,5,26,7,0.915482,0.959878
20260623_203847_709953,web_search,1,terminate,5,27,0,1.471481,0.958469
20260623_203847_709953,web_search,1,terminate,5,27,1,2.187308,0.883824
20260623_203847_709953,web_search,1,terminate,5,27,2,2.113657,0.883175
20260623_203847_709953,web_search,1,terminate,5,27,3,1.250193,0.912501
20260623_203847_709953,web_search,1,terminate,5,27,4,1.094288,0.938830
20260623_203847_709953,web_search,1,terminate,5,27,5,0.982325,0.917123
20260623_203847_709953,web_search,1,terminate,5,27,6,1.011675,0.966433
20260623_203847_709953,web_search,1,terminate,5,27,7,2.514046,0.904191
20260623_203847_709953,web_search,1,terminate,5,28,0,1.049794,0.943281
20260623_203847_709953,web_search,1,terminate,5,28,1,0.978189,0.947080
20260623_203847_709953,web_search,1,terminate,5,28,2,1.336716,0.894014
20260623_203847_709953,web_search,1,terminate,5,28,3,1.626061,0.801604
20260623_203847_709953,web_search,1,terminate,5,28,4,1.220757,0.967320
20260623_203847_709953,web_search,1,terminate,5,28,5,1.354796,0.958571
20260623_203847_709953,web_search,1,terminate,5,28,6,1.417635,0.941012
20260623_203847_709953,web_search,1,terminate,5,28,7,1.077374,0.918866
20260623_203847_709953,web_search,1,terminate,5,29,0,1.248414,0.930666
20260623_203847_709953,web_search,1,terminate,5,29,1,1.930901,0.877390
20260623_203847_709953,web_search,1,terminate,5,29,2,1.250745,0.893755
20260623_203847_709953,web_search,1,terminate,5,29,3,1.954584,0.961983
20260623_203847_709953,web_search,1,terminate,5,29,4,1.887668,0.954157
20260623_203847_709953,web_search,1,terminate,5,29,5,1.935522,0.922759
20260623_203847_709953,web_search,1,terminate,5,29,6,1.337290,0.934142
20260623_203847_709953,web_search,1,terminate,5,29,7,3.805969,0.898937
20260623_203847_709953,web_search,1,terminate,5,30,0,1.605570,0.898708
20260623_203847_709953,web_search,1,terminate,5,30,1,1.596830,0.942300
20260623_203847_709953,web_search,1,terminate,5,30,2,2.216949,0.881206
20260623_203847_709953,web_search,1,terminate,5,30,3,2.990237,0.940177
20260623_203847_709953,web_search,1,terminate,5,30,4,2.153051,0.950800
20260623_203847_709953,web_search,1,terminate,5,30,5,1.411137,0.934950
20260623_203847_709953,web_search,1,terminate,5,30,6,2.014496,0.892948
20260623_203847_709953,web_search,1,terminate,5,30,7,3.657343,0.933614
20260623_203847_709953,web_search,1,terminate,5,31,0,2.123778,0.939703
20260623_203847_709953,web_search,1,terminate,5,31,1,2.416268,0.954764
20260623_203847_709953,web_search,1,terminate,5,31,2,1.730365,0.937634
20260623_203847_709953,web_search,1,terminate,5,31,3,1.917414,0.955911
20260623_203847_709953,web_search,1,terminate,5,31,4,1.920555,0.965730
20260623_203847_709953,web_search,1,terminate,5,31,5,1.823859,0.895550
20260623_203847_709953,web_search,1,terminate,5,31,6,4.461438,0.883585
20260623_203847_709953,web_search,1,terminate,5,31,7,1.810906,0.936702
20260623_203847_709953,web_search,1,terminate,5,32,0,2.354899,0.947514
20260623_203847_709953,web_search,1,terminate,5,32,1,1.943482,0.897222
20260623_203847_709953,web_search,1,terminate,5,32,2,1.999284,0.899722
20260623_203847_709953,web_search,1,terminate,5,32,3,2.756022,0.923183
20260623_203847_709953,web_search,1,terminate,5,32,4,6.330227,0.925928
20260623_203847_709953,web_search,1,terminate,5,32,5,2.199495,0.932590
20260623_203847_709953,web_search,1,terminate,5,32,6,3.467848,0.932281
20260623_203847_709953,web_search,1,terminate,5,32,7,5.639755,0.907342
20260623_203847_709953,web_search,1,terminate,5,33,0,3.023438,0.905033
20260623_203847_709953,web_search,1,terminate,5,33,1,1.922468,0.951160
20260623_203847_709953,web_search,1,terminate,5,33,2,2.959276,0.934522
20260623_203847_709953,web_search,1,terminate,5,33,3,2.797377,0.932323
20260623_203847_709953,web_search,1,terminate,5,33,4,2.499738,0.916338
20260623_203847_709953,web_search,1,terminate,5,33,5,2.837371,0.949942
20260623_203847_709953,web_search,1,terminate,5,33,6,2.735761,0.901181
20260623_203847_709953,web_search,1,terminate,5,33,7,2.636220,0.939725
20260623_203847_709953,web_search,1,terminate,5,34,0,5.334977,0.932572
20260623_203847_709953,web_search,1,terminate,5,34,1,2.869524,0.916974
20260623_203847_709953,web_search,1,terminate,5,34,2,3.337835,0.937645
20260623_203847_709953,web_search,1,terminate,5,34,3,3.283276,0.946952
20260623_203847_709953,web_search,1,terminate,5,34,4,4.511085,0.907044
20260623_203847_709953,web_search,1,terminate,5,34,5,3.740159,0.892264
20260623_203847_709953,web_search,1,terminate,5,34,6,3.383465,0.921181
20260623_203847_709953,web_search,1,terminate,5,34,7,3.031003,0.932836
20260623_203847_709953,web_search,1,terminate,5,35,0,3.173281,0.961710
20260623_203847_709953,web_search,1,terminate,5,35,1,3.741703,0.898935
20260623_203847_709953,web_search,1,terminate,5,35,2,3.856495,0.919881
20260623_203847_709953,web_search,1,terminate,5,35,3,2.921267,0.943423
20260623_203847_709953,web_search,1,terminate,5,35,4,4.049200,0.953716
20260623_203847_709953,web_search,1,terminate,5,35,5,4.230685,0.928915
20260623_203847_709953,web_search,1,terminate,5,35,6,3.391434,0.956500
20260623_203847_709953,web_search,1,terminate,5,35,7,4.341710,0.927170
20260623_203847_709953,web_search,1,terminate,5,36,0,3.946415,0.941297
20260623_203847_709953,web_search,1,terminate,5,36,1,9.779806,0.943051
20260623_203847_709953,web_search,1,terminate,5,36,2,3.865751,0.923069
20260623_203847_709953,web_search,1,terminate,5,36,3,4.790773,0.911988
20260623_203847_709953,web_search,1,terminate,5,36,4,4.220281,0.930693
20260623_203847_709953,web_search,1,terminate,5,36,5,3.427015,0.945961
20260623_203847_709953,web_search,1,terminate,5,36,6,4.981877,0.945883
20260623_203847_709953,web_search,1,terminate,5,36,7,3.463938,0.954856
20260623_203847_709953,web_search,1,terminate,5,37,0,3.804934,0.942899
20260623_203847_709953,web_search,1,terminate,5,37,1,4.268727,0.929925
20260623_203847_709953,web_search,1,terminate,5,37,2,5.941598,0.912035
20260623_203847_709953,web_search,1,terminate,5,37,3,4.380501,0.919671
20260623_203847_709953,web_search,1,terminate,5,37,4,7.398264,0.926133
20260623_203847_709953,web_search,1,terminate,5,37,5,4.611478,0.950218
20260623_203847_709953,web_search,1,terminate,5,37,6,9.186445,0.886435
20260623_203847_709953,web_search,1,terminate,5,37,7,11.326804,0.950587
20260623_203847_709953,web_search,1,terminate,5,38,0,13.066706,0.942573
20260623_203847_709953,web_search,1,terminate,5,38,1,4.748391,0.921461
20260623_203847_709953,web_search,1,terminate,5,38,2,4.739093,0.918303
20260623_203847_709953,web_search,1,terminate,5,38,3,5.371029,0.908565
20260623_203847_709953,web_search,1,terminate,5,38,4,4.769850,0.913525
20260623_203847_709953,web_search,1,terminate,5,38,5,5.512293,0.892692
20260623_203847_709953,web_search,1,terminate,5,38,6,6.804346,0.975551
20260623_203847_709953,web_search,1,terminate,5,38,7,4.887027,0.944709
20260623_203847_709953,web_search,1,terminate,5,39,0,4.749843,0.911077
20260623_203847_709953,web_search,1,terminate,5,39,1,4.968851,0.824966
20260623_203847_709953,web_search,1,terminate,5,39,2,10.409557,0.925491
20260623_203847_709953,web_search,1,terminate,5,39,3,5.992813,0.918579
20260623_203847_709953,web_search,1,terminate,5,39,4,4.204095,0.928311
20260623_203847_709953,web_search,1,terminate,5,39,5,13.543910,0.935001
20260623_203847_709953,web_search,1,terminate,5,39,6,5.124976,0.859690
20260623_203847_709953,web_search,1,terminate,5,39,7,10.958645,0.945566
20260623_203847_709953,web_search,2,web_search,3,0,0,0.003361,0.998120
20260623_203847_709953,web_search,2,web_search,3,0,1,0.003527,0.999613
20260623_203847_709953,web_search,2,web_search,3,0,2,0.003716,0.999514
20260623_203847_709953,web_search,2,web_search,3,0,3,0.005457,0.998698
20260623_203847_709953,web_search,2,web_search,3,0,4,0.003338,0.999937
20260623_203847_709953,web_search,2,web_search,3,0,5,0.002503,0.998527
20260623_203847_709953,web_search,2,web_search,3,0,6,0.002906,0.998886
20260623_203847_709953,web_search,2,web_search,3,0,7,0.003091,0.999735
20260623_203847_709953,web_search,2,web_search,3,1,0,0.007168,0.999457
20260623_203847_709953,web_search,2,web_search,3,1,1,0.004675,0.999742
20260623_203847_709953,web_search,2,web_search,3,1,2,0.005177,0.996539
20260623_203847_709953,web_search,2,web_search,3,1,3,0.008227,0.998439
20260623_203847_709953,web_search,2,web_search,3,1,4,0.005896,0.998731
20260623_203847_709953,web_search,2,web_search,3,1,5,0.004474,0.999509
20260623_203847_709953,web_search,2,web_search,3,1,6,0.006313,0.997039
20260623_203847_709953,web_search,2,web_search,3,1,7,0.007510,0.999824
20260623_203847_709953,web_search,2,web_search,3,2,0,0.021739,0.990877
20260623_203847_709953,web_search,2,web_search,3,2,1,0.011183,0.995914
20260623_203847_709953,web_search,2,web_search,3,2,2,0.009195,0.991456
20260623_203847_709953,web_search,2,web_search,3,2,3,0.010103,0.994905
20260623_203847_709953,web_search,2,web_search,3,2,4,0.012618,0.998347
20260623_203847_709953,web_search,2,web_search,3,2,5,0.010437,0.994542
20260623_203847_709953,web_search,2,web_search,3,2,6,0.007401,0.996243
20260623_203847_709953,web_search,2,web_search,3,2,7,0.013858,0.994051
20260623_203847_709953,web_search,2,web_search,3,3,0,0.022192,0.993498
20260623_203847_709953,web_search,2,web_search,3,3,1,0.009963,0.998130
20260623_203847_709953,web_search,2,web_search,3,3,2,0.015337,0.991999
20260623_203847_709953,web_search,2,web_search,3,3,3,0.014666,0.994504
20260623_203847_709953,web_search,2,web_search,3,3,4,0.013791,0.991954
20260623_203847_709953,web_search,2,web_search,3,3,5,0.013041,0.996665
20260623_203847_709953,web_search,2,web_search,3,3,6,0.011468,0.994367
20260623_203847_709953,web_search,2,web_search,3,3,7,0.020477,0.987249
20260623_203847_709953,web_search,2,web_search,3,4,0,0.024861,0.993461
20260623_203847_709953,web_search,2,web_search,3,4,1,0.019514,0.992971
20260623_203847_709953,web_search,2,web_search,3,4,2,0.020074,0.999292
20260623_203847_709953,web_search,2,web_search,3,4,3,0.017852,0.991034
20260623_203847_709953,web_search,2,web_search,3,4,4,0.023806,0.990633
20260623_203847_709953,web_search,2,web_search,3,4,5,0.017782,0.995558
20260623_203847_709953,web_search,2,web_search,3,4,6,0.013925,0.993981
20260623_203847_709953,web_search,2,web_search,3,4,7,0.013338,0.995297
20260623_203847_709953,web_search,2,web_search,3,5,0,0.034348,0.997712
20260623_203847_709953,web_search,2,web_search,3,5,1,0.023353,0.996062
20260623_203847_709953,web_search,2,web_search,3,5,2,0.015888,0.994516
20260623_203847_709953,web_search,2,web_search,3,5,3,0.037566,0.997764
20260623_203847_709953,web_search,2,web_search,3,5,4,0.018177,0.999254
20260623_203847_709953,web_search,2,web_search,3,5,5,0.018105,0.995940
20260623_203847_709953,web_search,2,web_search,3,5,6,0.027807,0.995589
20260623_203847_709953,web_search,2,web_search,3,5,7,0.019258,0.996685
20260623_203847_709953,web_search,2,web_search,3,6,0,0.053658,0.988570
20260623_203847_709953,web_search,2,web_search,3,6,1,0.037381,0.995165
20260623_203847_709953,web_search,2,web_search,3,6,2,0.051303,0.978936
20260623_203847_709953,web_search,2,web_search,3,6,3,0.024712,0.987110
20260623_203847_709953,web_search,2,web_search,3,6,4,0.025493,0.995403
20260623_203847_709953,web_search,2,web_search,3,6,5,0.040674,0.993546
20260623_203847_709953,web_search,2,web_search,3,6,6,0.046781,0.991284
20260623_203847_709953,web_search,2,web_search,3,6,7,0.027187,0.993269
20260623_203847_709953,web_search,2,web_search,3,7,0,0.082000,0.995409
20260623_203847_709953,web_search,2,web_search,3,7,1,0.050728,0.993103
20260623_203847_709953,web_search,2,web_search,3,7,2,0.063090,0.997435
20260623_203847_709953,web_search,2,web_search,3,7,3,0.040728,0.989647
20260623_203847_709953,web_search,2,web_search,3,7,4,0.060447,0.995828
20260623_203847_709953,web_search,2,web_search,3,7,5,0.038660,0.992379
20260623_203847_709953,web_search,2,web_search,3,7,6,0.093346,0.989876
20260623_203847_709953,web_search,2,web_search,3,7,7,0.061570,0.995783
20260623_203847_709953,web_search,2,web_search,3,8,0,0.083741,0.995224
20260623_203847_709953,web_search,2,web_search,3,8,1,0.120998,0.983581
20260623_203847_709953,web_search,2,web_search,3,8,2,0.080919,0.996091
20260623_203847_709953,web_search,2,web_search,3,8,3,0.082592,0.992132
20260623_203847_709953,web_search,2,web_search,3,8,4,0.099308,0.991560
20260623_203847_709953,web_search,2,web_search,3,8,5,0.052887,0.995563
20260623_203847_709953,web_search,2,web_search,3,8,6,0.049612,0.996729
20260623_203847_709953,web_search,2,web_search,3,8,7,0.058762,0.995375
20260623_203847_709953,web_search,2,web_search,3,9,0,0.075491,0.995140
20260623_203847_709953,web_search,2,web_search,3,9,1,0.058962,0.996939
20260623_203847_709953,web_search,2,web_search,3,9,2,0.073123,0.994052
20260623_203847_709953,web_search,2,web_search,3,9,3,0.053121,0.996793
20260623_203847_709953,web_search,2,web_search,3,9,4,0.061477,0.994774
20260623_203847_709953,web_search,2,web_search,3,9,5,0.044092,0.992872
20260623_203847_709953,web_search,2,web_search,3,9,6,0.053688,0.994010
20260623_203847_709953,web_search,2,web_search,3,9,7,0.097354,0.992150
20260623_203847_709953,web_search,2,web_search,3,10,0,0.073089,0.996409
20260623_203847_709953,web_search,2,web_search,3,10,1,0.088826,0.988979
20260623_203847_709953,web_search,2,web_search,3,10,2,0.046332,0.995618
20260623_203847_709953,web_search,2,web_search,3,10,3,0.052364,0.988057
20260623_203847_709953,web_search,2,web_search,3,10,4,0.073717,0.995238
20260623_203847_709953,web_search,2,web_search,3,10,5,0.085858,0.996689
20260623_203847_709953,web_search,2,web_search,3,10,6,0.102734,0.983538
20260623_203847_709953,web_search,2,web_search,3,10,7,0.121551,0.989865
20260623_203847_709953,web_search,2,web_search,3,11,0,0.059830,0.992598
20260623_203847_709953,web_search,2,web_search,3,11,1,0.133541,0.990791
20260623_203847_709953,web_search,2,web_search,3,11,2,0.072023,0.992411
20260623_203847_709953,web_search,2,web_search,3,11,3,0.080190,0.991075
20260623_203847_709953,web_search,2,web_search,3,11,4,0.120831,0.990219
20260623_203847_709953,web_search,2,web_search,3,11,5,0.057938,0.989890
20260623_203847_709953,web_search,2,web_search,3,11,6,0.065716,0.994637
20260623_203847_709953,web_search,2,web_search,3,11,7,0.095215,0.990752
20260623_203847_709953,web_search,2,web_search,3,12,0,0.099455,0.992884
20260623_203847_709953,web_search,2,web_search,3,12,1,0.082073,0.991991
20260623_203847_709953,web_search,2,web_search,3,12,2,0.139818,0.995741
20260623_203847_709953,web_search,2,web_search,3,12,3,0.108089,0.991587
20260623_203847_709953,web_search,2,web_search,3,12,4,0.076280,0.994720
20260623_203847_709953,web_search,2,web_search,3,12,5,0.099756,0.987787
20260623_203847_709953,web_search,2,web_search,3,12,6,0.069655,0.993361
20260623_203847_709953,web_search,2,web_search,3,12,7,0.093393,0.989111
20260623_203847_709953,web_search,2,web_search,3,13,0,0.138032,0.995417
20260623_203847_709953,web_search,2,web_search,3,13,1,0.110949,0.994096
20260623_203847_709953,web_search,2,web_search,3,13,2,0.134969,0.995461
20260623_203847_709953,web_search,2,web_search,3,13,3,0.135539,0.992157
20260623_203847_709953,web_search,2,web_search,3,13,4,0.101826,0.988660
20260623_203847_709953,web_search,2,web_search,3,13,5,0.095336,0.985433
20260623_203847_709953,web_search,2,web_search,3,13,6,0.143300,0.996266
20260623_203847_709953,web_search,2,web_search,3,13,7,0.140181,0.989654
20260623_203847_709953,web_search,2,web_search,3,14,0,0.088772,0.989500
20260623_203847_709953,web_search,2,web_search,3,14,1,0.085598,0.986509
20260623_203847_709953,web_search,2,web_search,3,14,2,0.095965,0.996655
20260623_203847_709953,web_search,2,web_search,3,14,3,0.163893,0.991956
20260623_203847_709953,web_search,2,web_search,3,14,4,0.232876,0.995380
20260623_203847_709953,web_search,2,web_search,3,14,5,0.156177,0.992426
20260623_203847_709953,web_search,2,web_search,3,14,6,0.120647,0.996695
20260623_203847_709953,web_search,2,web_search,3,14,7,0.090595,0.994876
20260623_203847_709953,web_search,2,web_search,3,15,0,0.169877,0.992599
20260623_203847_709953,web_search,2,web_search,3,15,1,0.111372,0.996775
20260623_203847_709953,web_search,2,web_search,3,15,2,0.102687,0.995291
20260623_203847_709953,web_search,2,web_search,3,15,3,0.126721,0.992492
20260623_203847_709953,web_search,2,web_search,3,15,4,0.186524,0.993948
20260623_203847_709953,web_search,2,web_search,3,15,5,0.230078,0.990761
20260623_203847_709953,web_search,2,web_search,3,15,6,0.128890,0.994764
20260623_203847_709953,web_search,2,web_search,3,15,7,0.110104,0.995340
20260623_203847_709953,web_search,2,web_search,3,16,0,0.190578,0.989563
20260623_203847_709953,web_search,2,web_search,3,16,1,0.295354,0.987183
20260623_203847_709953,web_search,2,web_search,3,16,2,0.131802,0.994511
20260623_203847_709953,web_search,2,web_search,3,16,3,0.127396,0.991657
20260623_203847_709953,web_search,2,web_search,3,16,4,0.175544,0.992344
20260623_203847_709953,web_search,2,web_search,3,16,5,0.132132,0.994728
20260623_203847_709953,web_search,2,web_search,3,16,6,0.120778,0.995465
20260623_203847_709953,web_search,2,web_search,3,16,7,0.143339,0.996748
20260623_203847_709953,web_search,2,web_search,3,17,0,0.207731,0.991659
20260623_203847_709953,web_search,2,web_search,3,17,1,0.187942,0.991169
20260623_203847_709953,web_search,2,web_search,3,17,2,0.193385,0.987371
20260623_203847_709953,web_search,2,web_search,3,17,3,0.285461,0.990295
20260623_203847_709953,web_search,2,web_search,3,17,4,0.140599,0.993025
20260623_203847_709953,web_search,2,web_search,3,17,5,0.203293,0.990905
20260623_203847_709953,web_search,2,web_search,3,17,6,0.146657,0.995443
20260623_203847_709953,web_search,2,web_search,3,17,7,0.167036,0.991840
20260623_203847_709953,web_search,2,web_search,3,18,0,0.300661,0.993289
20260623_203847_709953,web_search,2,web_search,3,18,1,0.136013,0.992719
20260623_203847_709953,web_search,2,web_search,3,18,2,0.250747,0.990776
20260623_203847_709953,web_search,2,web_search,3,18,3,0.184183,0.995663
20260623_203847_709953,web_search,2,web_search,3,18,4,0.172965,0.992785
20260623_203847_709953,web_search,2,web_search,3,18,5,0.171321,0.994104
20260623_203847_709953,web_search,2,web_search,3,18,6,0.192946,0.991524
20260623_203847_709953,web_search,2,web_search,3,18,7,0.210003,0.991626
20260623_203847_709953,web_search,2,web_search,3,19,0,0.230205,0.988716
20260623_203847_709953,web_search,2,web_search,3,19,1,0.421900,0.990562
20260623_203847_709953,web_search,2,web_search,3,19,2,0.160911,0.987156
20260623_203847_709953,web_search,2,web_search,3,19,3,0.213462,0.993098
20260623_203847_709953,web_search,2,web_search,3,19,4,0.234197,0.993703
20260623_203847_709953,web_search,2,web_search,3,19,5,0.369367,0.989251
20260623_203847_709953,web_search,2,web_search,3,19,6,0.184232,0.989649
20260623_203847_709953,web_search,2,web_search,3,19,7,0.358290,0.985608
20260623_203847_709953,web_search,2,web_search,3,20,0,0.412970,0.987334
20260623_203847_709953,web_search,2,web_search,3,20,1,0.243414,0.991752
20260623_203847_709953,web_search,2,web_search,3,20,2,0.286434,0.990239
20260623_203847_709953,web_search,2,web_search,3,20,3,0.354975,0.988229
20260623_203847_709953,web_search,2,web_search,3,20,4,0.327772,0.988086
20260623_203847_709953,web_search,2,web_search,3,20,5,0.204560,0.991757
20260623_203847_709953,web_search,2,web_search,3,20,6,0.453503,0.992723
20260623_203847_709953,web_search,2,web_search,3,20,7,0.203184,0.994452
20260623_203847_709953,web_search,2,web_search,3,21,0,0.186180,0.998038
20260623_203847_709953,web_search,2,web_search,3,21,1,0.306394,0.996636
20260623_203847_709953,web_search,2,web_search,3,21,2,0.202433,0.997151
20260623_203847_709953,web_search,2,web_search,3,21,3,0.186273,0.990620
20260623_203847_709953,web_search,2,web_search,3,21,4,0.209249,0.991611
20260623_203847_709953,web_search,2,web_search,3,21,5,0.393084,0.992624
20260623_203847_709953,web_search,2,web_search,3,21,6,0.199550,0.991068
20260623_203847_709953,web_search,2,web_search,3,21,7,0.185952,0.990405
20260623_203847_709953,web_search,2,web_search,3,22,0,0.317401,0.990217
20260623_203847_709953,web_search,2,web_search,3,22,1,0.197116,0.985841
20260623_203847_709953,web_search,2,web_search,3,22,2,0.379587,0.982813
20260623_203847_709953,web_search,2,web_search,3,22,3,0.257376,0.995067
20260623_203847_709953,web_search,2,web_search,3,22,4,0.231398,0.995478
20260623_203847_709953,web_search,2,web_search,3,22,5,0.241535,0.992846
20260623_203847_709953,web_search,2,web_search,3,22,6,0.167862,0.994032
20260623_203847_709953,web_search,2,web_search,3,22,7,0.338868,0.994427
20260623_203847_709953,web_search,2,web_search,3,23,0,0.286953,0.991171
20260623_203847_709953,web_search,2,web_search,3,23,1,0.289572,0.994783
20260623_203847_709953,web_search,2,web_search,3,23,2,0.311199,0.989361
20260623_203847_709953,web_search,2,web_search,3,23,3,0.205813,0.992791
20260623_203847_709953,web_search,2,web_search,3,23,4,0.330629,0.987138
20260623_203847_709953,web_search,2,web_search,3,23,5,0.256203,0.991536
20260623_203847_709953,web_search,2,web_search,3,23,6,0.241737,0.995442
20260623_203847_709953,web_search,2,web_search,3,23,7,0.298222,0.991723
20260623_203847_709953,web_search,2,web_search,3,24,0,0.249114,0.997928
20260623_203847_709953,web_search,2,web_search,3,24,1,0.328866,0.993470
20260623_203847_709953,web_search,2,web_search,3,24,2,0.283948,0.993294
20260623_203847_709953,web_search,2,web_search,3,24,3,0.255255,0.993672
20260623_203847_709953,web_search,2,web_search,3,24,4,0.211714,0.997305
20260623_203847_709953,web_search,2,web_search,3,24,5,0.228271,0.992773
20260623_203847_709953,web_search,2,web_search,3,24,6,0.398533,0.987807
20260623_203847_709953,web_search,2,web_search,3,24,7,0.237734,0.994497
20260623_203847_709953,web_search,2,web_search,3,25,0,0.220106,0.990642
20260623_203847_709953,web_search,2,web_search,3,25,1,0.292810,0.994824
20260623_203847_709953,web_search,2,web_search,3,25,2,0.454529,0.988516
20260623_203847_709953,web_search,2,web_search,3,25,3,0.251534,0.989373
20260623_203847_709953,web_search,2,web_search,3,25,4,0.372698,0.994571
20260623_203847_709953,web_search,2,web_search,3,25,5,0.315243,0.992343
20260623_203847_709953,web_search,2,web_search,3,25,6,0.256061,0.994451
20260623_203847_709953,web_search,2,web_search,3,25,7,0.272105,0.994608
20260623_203847_709953,web_search,2,web_search,3,26,0,0.435363,0.986041
20260623_203847_709953,web_search,2,web_search,3,26,1,0.421664,0.993453
20260623_203847_709953,web_search,2,web_search,3,26,2,0.208711,0.996582
20260623_203847_709953,web_search,2,web_search,3,26,3,0.266853,0.996632
20260623_203847_709953,web_search,2,web_search,3,26,4,0.317621,0.994092
20260623_203847_709953,web_search,2,web_search,3,26,5,0.214031,0.993008
20260623_203847_709953,web_search,2,web_search,3,26,6,0.397546,0.993619
20260623_203847_709953,web_search,2,web_search,3,26,7,0.248421,0.996281
20260623_203847_709953,web_search,2,web_search,3,27,0,0.437699,0.995306
20260623_203847_709953,web_search,2,web_search,3,27,1,0.624870,0.989600
20260623_203847_709953,web_search,2,web_search,3,27,2,0.601619,0.988963
20260623_203847_709953,web_search,2,web_search,3,27,3,0.356622,0.992817
20260623_203847_709953,web_search,2,web_search,3,27,4,0.350652,0.993540
20260623_203847_709953,web_search,2,web_search,3,27,5,0.290045,0.991858
20260623_203847_709953,web_search,2,web_search,3,27,6,0.280258,0.996834
20260623_203847_709953,web_search,2,web_search,3,27,7,0.726889,0.990655
20260623_203847_709953,web_search,2,web_search,3,28,0,0.327427,0.994222
20260623_203847_709953,web_search,2,web_search,3,28,1,0.289188,0.995564
20260623_203847_709953,web_search,2,web_search,3,28,2,0.424919,0.988722
20260623_203847_709953,web_search,2,web_search,3,28,3,0.471747,0.981588
20260623_203847_709953,web_search,2,web_search,3,28,4,0.394736,0.995447
20260623_203847_709953,web_search,2,web_search,3,28,5,0.374827,0.996866
20260623_203847_709953,web_search,2,web_search,3,28,6,0.451645,0.993129
20260623_203847_709953,web_search,2,web_search,3,28,7,0.310367,0.993117
20260623_203847_709953,web_search,2,web_search,3,29,0,0.449724,0.990653
20260623_203847_709953,web_search,2,web_search,3,29,1,0.528663,0.989670
20260623_203847_709953,web_search,2,web_search,3,29,2,0.382686,0.989504
20260623_203847_709953,web_search,2,web_search,3,29,3,0.607765,0.996624
20260623_203847_709953,web_search,2,web_search,3,29,4,0.525507,0.995685
20260623_203847_709953,web_search,2,web_search,3,29,5,0.569942,0.993476
20260623_203847_709953,web_search,2,web_search,3,29,6,0.383711,0.994161
20260623_203847_709953,web_search,2,web_search,3,29,7,1.069111,0.991586
20260623_203847_709953,web_search,2,web_search,3,30,0,0.430385,0.992073
20260623_203847_709953,web_search,2,web_search,3,30,1,0.442723,0.995966
20260623_203847_709953,web_search,2,web_search,3,30,2,0.673853,0.987536
20260623_203847_709953,web_search,2,web_search,3,30,3,0.832776,0.995569
20260623_203847_709953,web_search,2,web_search,3,30,4,0.615216,0.995979
20260623_203847_709953,web_search,2,web_search,3,30,5,0.430799,0.994143
20260623_203847_709953,web_search,2,web_search,3,30,6,0.589018,0.990207
20260623_203847_709953,web_search,2,web_search,3,30,7,1.041132,0.994520
20260623_203847_709953,web_search,2,web_search,3,31,0,0.577772,0.995952
20260623_203847_709953,web_search,2,web_search,3,31,1,0.659255,0.996127
20260623_203847_709953,web_search,2,web_search,3,31,2,0.485148,0.994627
20260623_203847_709953,web_search,2,web_search,3,31,3,0.575774,0.996256
20260623_203847_709953,web_search,2,web_search,3,31,4,0.496570,0.997382
20260623_203847_709953,web_search,2,web_search,3,31,5,0.563145,0.989785
20260623_203847_709953,web_search,2,web_search,3,31,6,1.250321,0.989558
20260623_203847_709953,web_search,2,web_search,3,31,7,0.661695,0.991951
20260623_203847_709953,web_search,2,web_search,3,32,0,0.689632,0.995410
20260623_203847_709953,web_search,2,web_search,3,32,1,0.605112,0.990297
20260623_203847_709953,web_search,2,web_search,3,32,2,0.547956,0.991736
20260623_203847_709953,web_search,2,web_search,3,32,3,0.875680,0.991770
20260623_203847_709953,web_search,2,web_search,3,32,4,1.695419,0.994438
20260623_203847_709953,web_search,2,web_search,3,32,5,0.698198,0.993054
20260623_203847_709953,web_search,2,web_search,3,32,6,0.955728,0.994601
20260623_203847_709953,web_search,2,web_search,3,32,7,1.546514,0.991333
20260623_203847_709953,web_search,2,web_search,3,33,0,0.907086,0.990456
20260623_203847_709953,web_search,2,web_search,3,33,1,0.556152,0.995530
20260623_203847_709953,web_search,2,web_search,3,33,2,0.853994,0.993860
20260623_203847_709953,web_search,2,web_search,3,33,3,0.802688,0.994962
20260623_203847_709953,web_search,2,web_search,3,33,4,0.718261,0.993587
20260623_203847_709953,web_search,2,web_search,3,33,5,0.775283,0.995751
20260623_203847_709953,web_search,2,web_search,3,33,6,0.821601,0.990391
20260623_203847_709953,web_search,2,web_search,3,33,7,0.906788,0.992755
20260623_203847_709953,web_search,2,web_search,3,34,0,1.492252,0.993940
20260623_203847_709953,web_search,2,web_search,3,34,1,0.858719,0.991851
20260623_203847_709953,web_search,2,web_search,3,34,2,0.928405,0.994836
20260623_203847_709953,web_search,2,web_search,3,34,3,0.983509,0.994897
20260623_203847_709953,web_search,2,web_search,3,34,4,1.338395,0.991070
20260623_203847_709953,web_search,2,web_search,3,34,5,1.021535,0.991227
20260623_203847_709953,web_search,2,web_search,3,34,6,1.035115,0.991844
20260623_203847_709953,web_search,2,web_search,3,34,7,0.954488,0.992926
20260623_203847_709953,web_search,2,web_search,3,35,0,1.044678,0.995859
20260623_203847_709953,web_search,2,web_search,3,35,1,1.118930,0.990444
20260623_203847_709953,web_search,2,web_search,3,35,2,1.117445,0.992939
20260623_203847_709953,web_search,2,web_search,3,35,3,0.917648,0.994156
20260623_203847_709953,web_search,2,web_search,3,35,4,1.227248,0.995372
20260623_203847_709953,web_search,2,web_search,3,35,5,1.265499,0.993667
20260623_203847_709953,web_search,2,web_search,3,35,6,1.062677,0.995673
20260623_203847_709953,web_search,2,web_search,3,35,7,1.256400,0.993163
20260623_203847_709953,web_search,2,web_search,3,36,0,1.204875,0.994520
20260623_203847_709953,web_search,2,web_search,3,36,1,2.750553,0.995570
20260623_203847_709953,web_search,2,web_search,3,36,2,1.141716,0.992786
20260623_203847_709953,web_search,2,web_search,3,36,3,1.423383,0.991434
20260623_203847_709953,web_search,2,web_search,3,36,4,1.284960,0.993449
20260623_203847_709953,web_search,2,web_search,3,36,5,0.980580,0.995374
20260623_203847_709953,web_search,2,web_search,3,36,6,1.553112,0.994711
20260623_203847_709953,web_search,2,web_search,3,36,7,1.043992,0.995835
20260623_203847_709953,web_search,2,web_search,3,37,0,1.246229,0.993086
20260623_203847_709953,web_search,2,web_search,3,37,1,1.228915,0.993985
20260623_203847_709953,web_search,2,web_search,3,37,2,1.784102,0.991577
20260623_203847_709953,web_search,2,web_search,3,37,3,1.430041,0.991491
20260623_203847_709953,web_search,2,web_search,3,37,4,2.034270,0.994480
20260623_203847_709953,web_search,2,web_search,3,37,5,1.414369,0.994908
20260623_203847_709953,web_search,2,web_search,3,37,6,2.681683,0.989158
20260623_203847_709953,web_search,2,web_search,3,37,7,3.146841,0.995949
20260623_203847_709953,web_search,2,web_search,3,38,0,3.621585,0.995599
20260623_203847_709953,web_search,2,web_search,3,38,1,1.423663,0.992353
20260623_203847_709953,web_search,2,web_search,3,38,2,1.460381,0.991758
20260623_203847_709953,web_search,2,web_search,3,38,3,1.501772,0.992388
20260623_203847_709953,web_search,2,web_search,3,38,4,1.289525,0.993580
20260623_203847_709953,web_search,2,web_search,3,38,5,1.607870,0.989813
20260623_203847_709953,web_search,2,web_search,3,38,6,1.999325,0.997990
20260623_203847_709953,web_search,2,web_search,3,38,7,1.526900,0.994002
20260623_203847_709953,web_search,2,web_search,3,39,0,1.315714,0.993240
20260623_203847_709953,web_search,2,web_search,3,39,1,1.569642,0.981054
20260623_203847_709953,web_search,2,web_search,3,39,2,2.826192,0.994440
20260623_203847_709953,web_search,2,web_search,3,39,3,1.667863,0.993043
20260623_203847_709953,web_search,2,web_search,3,39,4,1.189372,0.994566
20260623_203847_709953,web_search,2,web_search,3,39,5,3.934755,0.994153
20260623_203847_709953,web_search,2,web_search,3,39,6,1.438404,0.987892
20260623_203847_709953,web_search,2,web_search,3,39,7,3.244289,0.995136
20260623_203847_709953,web_search,2,terminate,4,0,0,0.004742,0.996530
20260623_203847_709953,web_search,2,terminate,4,0,1,0.006376,0.998737
20260623_203847_709953,web_search,2,terminate,4,0,2,0.004829,0.999155
20260623_203847_709953,web_search,2,terminate,4,0,3,0.005966,0.998218
20260623_203847_709953,web_search,2,terminate,4,0,4,0.004907,0.999857
20260623_203847_709953,web_search,2,terminate,4,0,5,0.003920,0.996278
20260623_203847_709953,web_search,2,terminate,4,0,6,0.004616,0.997084
20260623_203847_709953,web_search,2,terminate,4,0,7,0.005065,0.999290
20260623_203847_709953,web_search,2,terminate,4,1,0,0.011270,0.998693
20260623_203847_709953,web_search,2,terminate,4,1,1,0.007217,0.999372
20260623_203847_709953,web_search,2,terminate,4,1,2,0.006000,0.995985
20260623_203847_709953,web_search,2,terminate,4,1,3,0.009541,0.998263
20260623_203847_709953,web_search,2,terminate,4,1,4,0.007686,0.998086
20260623_203847_709953,web_search,2,terminate,4,1,5,0.006360,0.999013
20260623_203847_709953,web_search,2,terminate,4,1,6,0.009189,0.994441
20260623_203847_709953,web_search,2,terminate,4,1,7,0.007884,0.999817
20260623_203847_709953,web_search,2,terminate,4,2,0,0.036028,0.979086
20260623_203847_709953,web_search,2,terminate,4,2,1,0.017036,0.990853
20260623_203847_709953,web_search,2,terminate,4,2,2,0.014775,0.978935
20260623_203847_709953,web_search,2,terminate,4,2,3,0.017004,0.985823
20260623_203847_709953,web_search,2,terminate,4,2,4,0.019746,0.996038
20260623_203847_709953,web_search,2,terminate,4,2,5,0.016448,0.986188
20260623_203847_709953,web_search,2,terminate,4,2,6,0.012465,0.990557
20260623_203847_709953,web_search,2,terminate,4,2,7,0.021353,0.987421
20260623_203847_709953,web_search,2,terminate,4,3,0,0.032297,0.987253
20260623_203847_709953,web_search,2,terminate,4,3,1,0.017229,0.994892
20260623_203847_709953,web_search,2,terminate,4,3,2,0.027077,0.980809
20260623_203847_709953,web_search,2,terminate,4,3,3,0.027137,0.983821
20260623_203847_709953,web_search,2,terminate,4,3,4,0.024236,0.979414
20260623_203847_709953,web_search,2,terminate,4,3,5,0.021611,0.991365
20260623_203847_709953,web_search,2,terminate,4,3,6,0.018020,0.989004
20260623_203847_709953,web_search,2,terminate,4,3,7,0.031785,0.972470
20260623_203847_709953,web_search,2,terminate,4,4,0,0.042463,0.983927
20260623_203847_709953,web_search,2,terminate,4,4,1,0.032407,0.983253
20260623_203847_709953,web_search,2,terminate,4,4,2,0.035057,0.997837
20260623_203847_709953,web_search,2,terminate,4,4,3,0.030345,0.977153
20260623_203847_709953,web_search,2,terminate,4,4,4,0.044922,0.977289
20260623_203847_709953,web_search,2,terminate,4,4,5,0.031108,0.989254
20260623_203847_709953,web_search,2,terminate,4,4,6,0.023355,0.984108
20260623_203847_709953,web_search,2,terminate,4,4,7,0.023098,0.987480
20260623_203847_709953,web_search,2,terminate,4,5,0,0.060276,0.993029
20260623_203847_709953,web_search,2,terminate,4,5,1,0.037130,0.991150
20260623_203847_709953,web_search,2,terminate,4,5,2,0.024940,0.987020
20260623_203847_709953,web_search,2,terminate,4,5,3,0.060692,0.994368
20260623_203847_709953,web_search,2,terminate,4,5,4,0.030760,0.998118
20260623_203847_709953,web_search,2,terminate,4,5,5,0.030264,0.989387
20260623_203847_709953,web_search,2,terminate,4,5,6,0.050789,0.988047
20260623_203847_709953,web_search,2,terminate,4,5,7,0.035661,0.989854
20260623_203847_709953,web_search,2,terminate,4,6,0,0.092590,0.976437
20260623_203847_709953,web_search,2,terminate,4,6,1,0.064231,0.988508
20260623_203847_709953,web_search,2,terminate,4,6,2,0.092140,0.941948
20260623_203847_709953,web_search,2,terminate,4,6,3,0.037506,0.976105
20260623_203847_709953,web_search,2,terminate,4,6,4,0.044658,0.988201
20260623_203847_709953,web_search,2,terminate,4,6,5,0.071155,0.982956
20260623_203847_709953,web_search,2,terminate,4,6,6,0.079309,0.982441
20260623_203847_709953,web_search,2,terminate,4,6,7,0.048336,0.982993
20260623_203847_709953,web_search,2,terminate,4,7,0,0.155530,0.986152
20260623_203847_709953,web_search,2,terminate,4,7,1,0.102750,0.975018
20260623_203847_709953,web_search,2,terminate,4,7,2,0.114563,0.991655
20260623_203847_709953,web_search,2,terminate,4,7,3,0.070861,0.973787
20260623_203847_709953,web_search,2,terminate,4,7,4,0.107881,0.987640
20260623_203847_709953,web_search,2,terminate,4,7,5,0.068469,0.978830
20260623_203847_709953,web_search,2,terminate,4,7,6,0.180313,0.971952
20260623_203847_709953,web_search,2,terminate,4,7,7,0.117452,0.985587
20260623_203847_709953,web_search,2,terminate,4,8,0,0.161308,0.983085
20260623_203847_709953,web_search,2,terminate,4,8,1,0.235480,0.955345
20260623_203847_709953,web_search,2,terminate,4,8,2,0.148373,0.988014
20260623_203847_709953,web_search,2,terminate,4,8,3,0.158462,0.975649
20260623_203847_709953,web_search,2,terminate,4,8,4,0.205298,0.969699
20260623_203847_709953,web_search,2,terminate,4,8,5,0.096930,0.986173
20260623_203847_709953,web_search,2,terminate,4,8,6,0.089898,0.990063
20260623_203847_709953,web_search,2,terminate,4,8,7,0.106582,0.984655
20260623_203847_709953,web_search,2,terminate,4,9,0,0.139103,0.984809
20260623_203847_709953,web_search,2,terminate,4,9,1,0.105709,0.990014
20260623_203847_709953,web_search,2,terminate,4,9,2,0.143265,0.979720
20260623_203847_709953,web_search,2,terminate,4,9,3,0.104239,0.987933
20260623_203847_709953,web_search,2,terminate,4,9,4,0.106139,0.985407
20260623_203847_709953,web_search,2,terminate,4,9,5,0.076617,0.981685
20260623_203847_709953,web_search,2,terminate,4,9,6,0.099944,0.980554
20260623_203847_709953,web_search,2,terminate,4,9,7,0.181664,0.975492
20260623_203847_709953,web_search,2,terminate,4,10,0,0.129993,0.988607
20260623_203847_709953,web_search,2,terminate,4,10,1,0.170723,0.968888
20260623_203847_709953,web_search,2,terminate,4,10,2,0.087551,0.985645
20260623_203847_709953,web_search,2,terminate,4,10,3,0.097377,0.966671
20260623_203847_709953,web_search,2,terminate,4,10,4,0.118947,0.988244
20260623_203847_709953,web_search,2,terminate,4,10,5,0.161734,0.989329
20260623_203847_709953,web_search,2,terminate,4,10,6,0.185755,0.962372
20260623_203847_709953,web_search,2,terminate,4,10,7,0.226470,0.971603
20260623_203847_709953,web_search,2,terminate,4,11,0,0.100128,0.980556
20260623_203847_709953,web_search,2,terminate,4,11,1,0.233892,0.978261
20260623_203847_709953,web_search,2,terminate,4,11,2,0.132805,0.975254
20260623_203847_709953,web_search,2,terminate,4,11,3,0.147175,0.977235
20260623_203847_709953,web_search,2,terminate,4,11,4,0.231625,0.971863
20260623_203847_709953,web_search,2,terminate,4,11,5,0.098567,0.975171
20260623_203847_709953,web_search,2,terminate,4,11,6,0.115483,0.985746
20260623_203847_709953,web_search,2,terminate,4,11,7,0.164603,0.977432
20260623_203847_709953,web_search,2,terminate,4,12,0,0.190529,0.979665
20260623_203847_709953,web_search,2,terminate,4,12,1,0.141079,0.981447
20260623_203847_709953,web_search,2,terminate,4,12,2,0.241591,0.987583
20260623_203847_709953,web_search,2,terminate,4,12,3,0.208595,0.971829
20260623_203847_709953,web_search,2,terminate,4,12,4,0.131450,0.984409
20260623_203847_709953,web_search,2,terminate,4,12,5,0.170401,0.969348
20260623_203847_709953,web_search,2,terminate,4,12,6,0.127564,0.977891
20260623_203847_709953,web_search,2,terminate,4,12,7,0.163167,0.968987
20260623_203847_709953,web_search,2,terminate,4,13,0,0.253605,0.986563
20260623_203847_709953,web_search,2,terminate,4,13,1,0.193665,0.981552
20260623_203847_709953,web_search,2,terminate,4,13,2,0.256132,0.983897
20260623_203847_709953,web_search,2,terminate,4,13,3,0.238458,0.977693
20260623_203847_709953,web_search,2,terminate,4,13,4,0.175593,0.968931
20260623_203847_709953,web_search,2,terminate,4,13,5,0.172547,0.956538
20260623_203847_709953,web_search,2,terminate,4,13,6,0.256878,0.988220
20260623_203847_709953,web_search,2,terminate,4,13,7,0.259774,0.969768
20260623_203847_709953,web_search,2,terminate,4,14,0,0.171089,0.961118
20260623_203847_709953,web_search,2,terminate,4,14,1,0.148138,0.963895
20260623_203847_709953,web_search,2,terminate,4,14,2,0.184496,0.988522
20260623_203847_709953,web_search,2,terminate,4,14,3,0.313122,0.975003
20260623_203847_709953,web_search,2,terminate,4,14,4,0.432770,0.984703
20260623_203847_709953,web_search,2,terminate,4,14,5,0.301829,0.976426
20260623_203847_709953,web_search,2,terminate,4,14,6,0.262940,0.983885
20260623_203847_709953,web_search,2,terminate,4,14,7,0.172506,0.980515
20260623_203847_709953,web_search,2,terminate,4,15,0,0.337237,0.975428
20260623_203847_709953,web_search,2,terminate,4,15,1,0.246211,0.986792
20260623_203847_709953,web_search,2,terminate,4,15,2,0.195578,0.984419
20260623_203847_709953,web_search,2,terminate,4,15,3,0.245018,0.970727
20260623_203847_709953,web_search,2,terminate,4,15,4,0.358317,0.979119
20260623_203847_709953,web_search,2,terminate,4,15,5,0.427169,0.976491
20260623_203847_709953,web_search,2,terminate,4,15,6,0.237089,0.983622
20260623_203847_709953,web_search,2,terminate,4,15,7,0.207198,0.984115
20260623_203847_709953,web_search,2,terminate,4,16,0,0.343829,0.971026
20260623_203847_709953,web_search,2,terminate,4,16,1,0.554410,0.964754
20260623_203847_709953,web_search,2,terminate,4,16,2,0.277026,0.978734
20260623_203847_709953,web_search,2,terminate,4,16,3,0.251875,0.974034
20260623_203847_709953,web_search,2,terminate,4,16,4,0.342150,0.973190
20260623_203847_709953,web_search,2,terminate,4,16,5,0.262283,0.980255
20260623_203847_709953,web_search,2,terminate,4,16,6,0.236173,0.984440
20260623_203847_709953,web_search,2,terminate,4,16,7,0.284923,0.990274
20260623_203847_709953,web_search,2,terminate,4,17,0,0.421834,0.971317
20260623_203847_709953,web_search,2,terminate,4,17,1,0.347040,0.974989
20260623_203847_709953,web_search,2,terminate,4,17,2,0.348159,0.965049
20260623_203847_709953,web_search,2,terminate,4,17,3,0.541488,0.970827
20260623_203847_709953,web_search,2,terminate,4,17,4,0.256842,0.980622
20260623_203847_709953,web_search,2,terminate,4,17,5,0.392437,0.973934
20260623_203847_709953,web_search,2,terminate,4,17,6,0.299493,0.981536
20260623_203847_709953,web_search,2,terminate,4,17,7,0.320466,0.974579
20260623_203847_709953,web_search,2,terminate,4,18,0,0.552238,0.980156
20260623_203847_709953,web_search,2,terminate,4,18,1,0.238410,0.981856
20260623_203847_709953,web_search,2,terminate,4,18,2,0.463934,0.973000
20260623_203847_709953,web_search,2,terminate,4,18,3,0.353270,0.987333
20260623_203847_709953,web_search,2,terminate,4,18,4,0.296313,0.982131
20260623_203847_709953,web_search,2,terminate,4,18,5,0.310224,0.981744
20260623_203847_709953,web_search,2,terminate,4,18,6,0.348176,0.979141
20260623_203847_709953,web_search,2,terminate,4,18,7,0.393194,0.976443
20260623_203847_709953,web_search,2,terminate,4,19,0,0.434453,0.966073
20260623_203847_709953,web_search,2,terminate,4,19,1,0.767205,0.977490
20260623_203847_709953,web_search,2,terminate,4,19,2,0.279453,0.964118
20260623_203847_709953,web_search,2,terminate,4,19,3,0.387844,0.980061
20260623_203847_709953,web_search,2,terminate,4,19,4,0.438525,0.982812
20260623_203847_709953,web_search,2,terminate,4,19,5,0.686228,0.970338
20260623_203847_709953,web_search,2,terminate,4,19,6,0.340468,0.968989
20260623_203847_709953,web_search,2,terminate,4,19,7,0.683867,0.956661
20260623_203847_709953,web_search,2,terminate,4,20,0,0.698565,0.973533
20260623_203847_709953,web_search,2,terminate,4,20,1,0.440709,0.977587
20260623_203847_709953,web_search,2,terminate,4,20,2,0.525641,0.971975
20260623_203847_709953,web_search,2,terminate,4,20,3,0.677996,0.967531
20260623_203847_709953,web_search,2,terminate,4,20,4,0.580189,0.970540
20260623_203847_709953,web_search,2,terminate,4,20,5,0.352188,0.976929
20260623_203847_709953,web_search,2,terminate,4,20,6,0.868720,0.980008
20260623_203847_709953,web_search,2,terminate,4,20,7,0.385893,0.983359
20260623_203847_709953,web_search,2,terminate,4,21,0,0.381575,0.992876
20260623_203847_709953,web_search,2,terminate,4,21,1,0.605576,0.987890
20260623_203847_709953,web_search,2,terminate,4,21,2,0.393153,0.991359
20260623_203847_709953,web_search,2,terminate,4,21,3,0.303328,0.975493
20260623_203847_709953,web_search,2,terminate,4,21,4,0.378125,0.976499
20260623_203847_709953,web_search,2,terminate,4,21,5,0.751418,0.978270
20260623_203847_709953,web_search,2,terminate,4,21,6,0.345565,0.973569
20260623_203847_709953,web_search,2,terminate,4,21,7,0.308748,0.975860
20260623_203847_709953,web_search,2,terminate,4,22,0,0.575815,0.973776
20260623_203847_709953,web_search,2,terminate,4,22,1,0.350213,0.959582
20260623_203847_709953,web_search,2,terminate,4,22,2,0.707632,0.949618
20260623_203847_709953,web_search,2,terminate,4,22,3,0.516723,0.983514
20260623_203847_709953,web_search,2,terminate,4,22,4,0.458156,0.986548
20260623_203847_709953,web_search,2,terminate,4,22,5,0.404602,0.979971
20260623_203847_709953,web_search,2,terminate,4,22,6,0.318970,0.979145
20260623_203847_709953,web_search,2,terminate,4,22,7,0.629818,0.984799
20260623_203847_709953,web_search,2,terminate,4,23,0,0.548512,0.970777
20260623_203847_709953,web_search,2,terminate,4,23,1,0.530121,0.985184
20260623_203847_709953,web_search,2,terminate,4,23,2,0.564702,0.970825
20260623_203847_709953,web_search,2,terminate,4,23,3,0.372525,0.977400
20260623_203847_709953,web_search,2,terminate,4,23,4,0.571536,0.970523
20260623_203847_709953,web_search,2,terminate,4,23,5,0.494885,0.972650
20260623_203847_709953,web_search,2,terminate,4,23,6,0.450745,0.987628
20260623_203847_709953,web_search,2,terminate,4,23,7,0.524308,0.977851
20260623_203847_709953,web_search,2,terminate,4,24,0,0.487449,0.993589
20260623_203847_709953,web_search,2,terminate,4,24,1,0.553809,0.982690
20260623_203847_709953,web_search,2,terminate,4,24,2,0.506121,0.980313
20260623_203847_709953,web_search,2,terminate,4,24,3,0.461294,0.980826
20260623_203847_709953,web_search,2,terminate,4,24,4,0.394770,0.990610
20260623_203847_709953,web_search,2,terminate,4,24,5,0.393846,0.980400
20260623_203847_709953,web_search,2,terminate,4,24,6,0.724260,0.967958
20260623_203847_709953,web_search,2,terminate,4,24,7,0.457016,0.981708
20260623_203847_709953,web_search,2,terminate,4,25,0,0.398123,0.970915
20260623_203847_709953,web_search,2,terminate,4,25,1,0.573540,0.980852
20260623_203847_709953,web_search,2,terminate,4,25,2,0.828490,0.967615
20260623_203847_709953,web_search,2,terminate,4,25,3,0.496765,0.963034
20260623_203847_709953,web_search,2,terminate,4,25,4,0.700859,0.982991
20260623_203847_709953,web_search,2,terminate,4,25,5,0.545868,0.980655
20260623_203847_709953,web_search,2,terminate,4,25,6,0.457230,0.983051
20260623_203847_709953,web_search,2,terminate,4,25,7,0.500011,0.986172
20260623_203847_709953,web_search,2,terminate,4,26,0,0.867089,0.952034
20260623_203847_709953,web_search,2,terminate,4,26,1,0.760330,0.978361
20260623_203847_709953,web_search,2,terminate,4,26,2,0.398198,0.987138
20260623_203847_709953,web_search,2,terminate,4,26,3,0.468278,0.990861
20260623_203847_709953,web_search,2,terminate,4,26,4,0.570419,0.982444
20260623_203847_709953,web_search,2,terminate,4,26,5,0.351882,0.982216
20260623_203847_709953,web_search,2,terminate,4,26,6,0.691057,0.982814
20260623_203847_709953,web_search,2,terminate,4,26,7,0.475468,0.988536
20260623_203847_709953,web_search,2,terminate,4,27,0,0.768129,0.988227
20260623_203847_709953,web_search,2,terminate,4,27,1,1.131729,0.969182
20260623_203847_709953,web_search,2,terminate,4,27,2,1.124006,0.965541
20260623_203847_709953,web_search,2,terminate,4,27,3,0.644098,0.975969
20260623_203847_709953,web_search,2,terminate,4,27,4,0.643976,0.979163
20260623_203847_709953,web_search,2,terminate,4,27,5,0.486543,0.980527
20260623_203847_709953,web_search,2,terminate,4,27,6,0.522782,0.990773
20260623_203847_709953,web_search,2,terminate,4,27,7,1.311407,0.976173
20260623_203847_709953,web_search,2,terminate,4,28,0,0.571722,0.983576
20260623_203847_709953,web_search,2,terminate,4,28,1,0.498161,0.986462
20260623_203847_709953,web_search,2,terminate,4,28,2,0.687382,0.970993
20260623_203847_709953,web_search,2,terminate,4,28,3,0.846156,0.946388
20260623_203847_709953,web_search,2,terminate,4,28,4,0.613304,0.991378
20260623_203847_709953,web_search,2,terminate,4,28,5,0.640988,0.990798
20260623_203847_709953,web_search,2,terminate,4,28,6,0.780516,0.981972
20260623_203847_709953,web_search,2,terminate,4,28,7,0.513429,0.981885
20260623_203847_709953,web_search,2,terminate,4,29,0,0.726147,0.976328
20260623_203847_709953,web_search,2,terminate,4,29,1,1.008260,0.965468
20260623_203847_709953,web_search,2,terminate,4,29,2,0.677233,0.969608
20260623_203847_709953,web_search,2,terminate,4,29,3,0.966864,0.990436
20260623_203847_709953,web_search,2,terminate,4,29,4,0.943684,0.988570
20260623_203847_709953,web_search,2,terminate,4,29,5,1.052304,0.976247
20260623_203847_709953,web_search,2,terminate,4,29,6,0.692671,0.982351
20260623_203847_709953,web_search,2,terminate,4,29,7,1.930415,0.973166
20260623_203847_709953,web_search,2,terminate,4,30,0,0.795448,0.974981
20260623_203847_709953,web_search,2,terminate,4,30,1,0.831178,0.984183
20260623_203847_709953,web_search,2,terminate,4,30,2,1.188173,0.965772
20260623_203847_709953,web_search,2,terminate,4,30,3,1.504652,0.984609
20260623_203847_709953,web_search,2,terminate,4,30,4,1.128889,0.986050
20260623_203847_709953,web_search,2,terminate,4,30,5,0.749228,0.981808
20260623_203847_709953,web_search,2,terminate,4,30,6,1.086363,0.970132
20260623_203847_709953,web_search,2,terminate,4,30,7,1.861883,0.983299
20260623_203847_709953,web_search,2,terminate,4,31,0,1.078846,0.984808
20260623_203847_709953,web_search,2,terminate,4,31,1,1.260844,0.987863
20260623_203847_709953,web_search,2,terminate,4,31,2,0.928503,0.982105
20260623_203847_709953,web_search,2,terminate,4,31,3,0.936727,0.989864
20260623_203847_709953,web_search,2,terminate,4,31,4,0.965780,0.991048
20260623_203847_709953,web_search,2,terminate,4,31,5,0.972264,0.969742
20260623_203847_709953,web_search,2,terminate,4,31,6,2.236963,0.972179
20260623_203847_709953,web_search,2,terminate,4,31,7,1.076269,0.977790
20260623_203847_709953,web_search,2,terminate,4,32,0,1.240331,0.985025
20260623_203847_709953,web_search,2,terminate,4,32,1,1.013100,0.971830
20260623_203847_709953,web_search,2,terminate,4,32,2,0.987584,0.975086
20260623_203847_709953,web_search,2,terminate,4,32,3,1.439275,0.978196
20260623_203847_709953,web_search,2,terminate,4,32,4,3.222135,0.980765
20260623_203847_709953,web_search,2,terminate,4,32,5,1.172314,0.981075
20260623_203847_709953,web_search,2,terminate,4,32,6,1.829384,0.980897
20260623_203847_709953,web_search,2,terminate,4,32,7,2.929147,0.976097
20260623_203847_709953,web_search,2,terminate,4,33,0,1.587571,0.973606
20260623_203847_709953,web_search,2,terminate,4,33,1,0.975987,0.987434
20260623_203847_709953,web_search,2,terminate,4,33,2,1.537883,0.983317
20260623_203847_709953,web_search,2,terminate,4,33,3,1.373208,0.984016
20260623_203847_709953,web_search,2,terminate,4,33,4,1.322908,0.977140
20260623_203847_709953,web_search,2,terminate,4,33,5,1.428591,0.986678
20260623_203847_709953,web_search,2,terminate,4,33,6,1.458467,0.971323
20260623_203847_709953,web_search,2,terminate,4,33,7,1.361246,0.983563
20260623_203847_709953,web_search,2,terminate,4,34,0,2.909576,0.979931
20260623_203847_709953,web_search,2,terminate,4,34,1,1.552781,0.975113
20260623_203847_709953,web_search,2,terminate,4,34,2,1.763017,0.982501
20260623_203847_709953,web_search,2,terminate,4,34,3,1.656926,0.986613
20260623_203847_709953,web_search,2,terminate,4,34,4,2.318329,0.974876
20260623_203847_709953,web_search,2,terminate,4,34,5,1.874352,0.972906
20260623_203847_709953,web_search,2,terminate,4,34,6,1.756536,0.978444
20260623_203847_709953,web_search,2,terminate,4,34,7,1.612027,0.980670
20260623_203847_709953,web_search,2,terminate,4,35,0,1.640393,0.989749
20260623_203847_709953,web_search,2,terminate,4,35,1,1.986067,0.970954
20260623_203847_709953,web_search,2,terminate,4,35,2,1.980808,0.978489
20260623_203847_709953,web_search,2,terminate,4,35,3,1.597941,0.982786
20260623_203847_709953,web_search,2,terminate,4,35,4,2.154481,0.986929
20260623_203847_709953,web_search,2,terminate,4,35,5,2.245327,0.979245
20260623_203847_709953,web_search,2,terminate,4,35,6,1.830736,0.987597
20260623_203847_709953,web_search,2,terminate,4,35,7,2.278452,0.979667
20260623_203847_709953,web_search,2,terminate,4,36,0,2.044823,0.983496
20260623_203847_709953,web_search,2,terminate,4,36,1,5.085881,0.984398
20260623_203847_709953,web_search,2,terminate,4,36,2,2.031564,0.979674
20260623_203847_709953,web_search,2,terminate,4,36,3,2.562658,0.975039
20260623_203847_709953,web_search,2,terminate,4,36,4,2.252552,0.979778
20260623_203847_709953,web_search,2,terminate,4,36,5,1.741929,0.985753
20260623_203847_709953,web_search,2,terminate,4,36,6,2.611620,0.984536
20260623_203847_709953,web_search,2,terminate,4,36,7,1.878553,0.986601
20260623_203847_709953,web_search,2,terminate,4,37,0,2.027782,0.983454
20260623_203847_709953,web_search,2,terminate,4,37,1,2.174197,0.981418
20260623_203847_709953,web_search,2,terminate,4,37,2,3.061004,0.976089
20260623_203847_709953,web_search,2,terminate,4,37,3,2.280555,0.978275
20260623_203847_709953,web_search,2,terminate,4,37,4,3.730485,0.980652
20260623_203847_709953,web_search,2,terminate,4,37,5,2.465868,0.986336
20260623_203847_709953,web_search,2,terminate,4,37,6,4.668179,0.972978
20260623_203847_709953,web_search,2,terminate,4,37,7,5.858298,0.986736
20260623_203847_709953,web_search,2,terminate,4,38,0,6.716638,0.984390
20260623_203847_709953,web_search,2,terminate,4,38,1,2.528785,0.978416
20260623_203847_709953,web_search,2,terminate,4,38,2,2.476157,0.979052
20260623_203847_709953,web_search,2,terminate,4,38,3,2.704182,0.975797
20260623_203847_709953,web_search,2,terminate,4,38,4,2.393068,0.978472
20260623_203847_709953,web_search,2,terminate,4,38,5,2.951267,0.970515
20260623_203847_709953,web_search,2,terminate,4,38,6,3.631017,0.993337
20260623_203847_709953,web_search,2,terminate,4,38,7,2.364441,0.986957
20260623_203847_709953,web_search,2,terminate,4,39,0,2.415432,0.976849
20260623_203847_709953,web_search,2,terminate,4,39,1,2.719634,0.945235
20260623_203847_709953,web_search,2,terminate,4,39,2,5.367210,0.984247
20260623_203847_709953,web_search,2,terminate,4,39,3,3.129274,0.982029
20260623_203847_709953,web_search,2,terminate,4,39,4,2.135928,0.981475
20260623_203847_709953,web_search,2,terminate,4,39,5,6.998074,0.984201
20260623_203847_709953,web_search,2,terminate,4,39,6,2.663429,0.965935
20260623_203847_709953,web_search,2,terminate,4,39,7,5.651371,0.987272
20260623_203847_709953,web_search,2,terminate,5,0,0,0.006579,0.993312
20260623_203847_709953,web_search,2,terminate,5,0,1,0.009393,0.997277
20260623_203847_709953,web_search,2,terminate,5,0,2,0.007087,0.998194
20260623_203847_709953,web_search,2,terminate,5,0,3,0.008753,0.996160
20260623_203847_709953,web_search,2,terminate,5,0,4,0.006646,0.999733
20260623_203847_709953,web_search,2,terminate,5,0,5,0.005308,0.993252
20260623_203847_709953,web_search,2,terminate,5,0,6,0.006545,0.994100
20260623_203847_709953,web_search,2,terminate,5,0,7,0.007015,0.998641
20260623_203847_709953,web_search,2,terminate,5,1,0,0.015662,0.997382
20260623_203847_709953,web_search,2,terminate,5,1,1,0.010489,0.998678
20260623_203847_709953,web_search,2,terminate,5,1,2,0.008430,0.991965
20260623_203847_709953,web_search,2,terminate,5,1,3,0.012629,0.996824
20260623_203847_709953,web_search,2,terminate,5,1,4,0.010874,0.996118
20260623_203847_709953,web_search,2,terminate,5,1,5,0.008907,0.998012
20260623_203847_709953,web_search,2,terminate,5,1,6,0.013518,0.987891
20260623_203847_709953,web_search,2,terminate,5,1,7,0.011098,0.999630
20260623_203847_709953,web_search,2,terminate,5,2,0,0.051414,0.960141
20260623_203847_709953,web_search,2,terminate,5,2,1,0.023759,0.982226
20260623_203847_709953,web_search,2,terminate,5,2,2,0.020849,0.959595
20260623_203847_709953,web_search,2,terminate,5,2,3,0.023431,0.973635
20260623_203847_709953,web_search,2,terminate,5,2,4,0.026817,0.992681
20260623_203847_709953,web_search,2,terminate,5,2,5,0.022901,0.973526
20260623_203847_709953,web_search,2,terminate,5,2,6,0.017831,0.981448
20260623_203847_709953,web_search,2,terminate,5,2,7,0.030340,0.975577
20260623_203847_709953,web_search,2,terminate,5,3,0,0.045752,0.974723
20260623_203847_709953,web_search,2,terminate,5,3,1,0.024214,0.990137
20260623_203847_709953,web_search,2,terminate,5,3,2,0.038258,0.965036
20260623_203847_709953,web_search,2,terminate,5,3,3,0.039128,0.967806
20260623_203847_709953,web_search,2,terminate,5,3,4,0.034367,0.960499
20260623_203847_709953,web_search,2,terminate,5,3,5,0.030559,0.982826
20260623_203847_709953,web_search,2,terminate,5,3,6,0.025214,0.978637
20260623_203847_709953,web_search,2,terminate,5,3,7,0.044389,0.950260
20260623_203847_709953,web_search,2,terminate,5,4,0,0.060975,0.967944
20260623_203847_709953,web_search,2,terminate,5,4,1,0.046926,0.965069
20260623_203847_709953,web_search,2,terminate,5,4,2,0.049769,0.995637
20260623_203847_709953,web_search,2,terminate,5,4,3,0.042004,0.957411
20260623_203847_709953,web_search,2,terminate,5,4,4,0.062365,0.960394
20260623_203847_709953,web_search,2,terminate,5,4,5,0.042883,0.980689
20260623_203847_709953,web_search,2,terminate,5,4,6,0.033512,0.967859
20260623_203847_709953,web_search,2,terminate,5,4,7,0.032987,0.975574
20260623_203847_709953,web_search,2,terminate,5,5,0,0.086733,0.985618
20260623_203847_709953,web_search,2,terminate,5,5,1,0.050076,0.984043
20260623_203847_709953,web_search,2,terminate,5,5,2,0.035233,0.973998
20260623_203847_709953,web_search,2,terminate,5,5,3,0.085301,0.989015
20260623_203847_709953,web_search,2,terminate,5,5,4,0.042855,0.996313
20260623_203847_709953,web_search,2,terminate,5,5,5,0.041705,0.979995
20260623_203847_709953,web_search,2,terminate,5,5,6,0.069854,0.977970
20260623_203847_709953,web_search,2,terminate,5,5,7,0.052241,0.979224
20260623_203847_709953,web_search,2,terminate,5,6,0,0.126601,0.958565
20260623_203847_709953,web_search,2,terminate,5,6,1,0.084527,0.980490
20260623_203847_709953,web_search,2,terminate,5,6,2,0.129383,0.895867
20260623_203847_709953,web_search,2,terminate,5,6,3,0.051775,0.957502
20260623_203847_709953,web_search,2,terminate,5,6,4,0.062603,0.976462
20260623_203847_709953,web_search,2,terminate,5,6,5,0.098257,0.968069
20260623_203847_709953,web_search,2,terminate,5,6,6,0.105874,0.971400
20260623_203847_709953,web_search,2,terminate,5,6,7,0.065679,0.971363
20260623_203847_709953,web_search,2,terminate,5,7,0,0.215696,0.975022
20260623_203847_709953,web_search,2,terminate,5,7,1,0.144214,0.952978
20260623_203847_709953,web_search,2,terminate,5,7,2,0.157578,0.984419
20260623_203847_709953,web_search,2,terminate,5,7,3,0.102889,0.949691
20260623_203847_709953,web_search,2,terminate,5,7,4,0.147020,0.977612
20260623_203847_709953,web_search,2,terminate,5,7,5,0.096708,0.959521
20260623_203847_709953,web_search,2,terminate,5,7,6,0.249769,0.953489
20260623_203847_709953,web_search,2,terminate,5,7,7,0.165202,0.972479
20260623_203847_709953,web_search,2,terminate,5,8,0,0.224575,0.968095
20260623_203847_709953,web_search,2,terminate,5,8,1,0.328140,0.924189
20260623_203847_709953,web_search,2,terminate,5,8,2,0.205004,0.977928
20260623_203847_709953,web_search,2,terminate,5,8,3,0.218833,0.956413
20260623_203847_709953,web_search,2,terminate,5,8,4,0.289756,0.944386
20260623_203847_709953,web_search,2,terminate,5,8,5,0.135614,0.973425
20260623_203847_709953,web_search,2,terminate,5,8,6,0.124764,0.981383
20260623_203847_709953,web_search,2,terminate,5,8,7,0.151346,0.969227
20260623_203847_709953,web_search,2,terminate,5,9,0,0.192685,0.972013
20260623_203847_709953,web_search,2,terminate,5,9,1,0.147426,0.980621
20260623_203847_709953,web_search,2,terminate,5,9,2,0.197389,0.964329
20260623_203847_709953,web_search,2,terminate,5,9,3,0.144508,0.977370
20260623_203847_709953,web_search,2,terminate,5,9,4,0.146495,0.973293
20260623_203847_709953,web_search,2,terminate,5,9,5,0.105821,0.966409
20260623_203847_709953,web_search,2,terminate,5,9,6,0.133545,0.966253
20260623_203847_709953,web_search,2,terminate,5,9,7,0.246111,0.958139
20260623_203847_709953,web_search,2,terminate,5,10,0,0.178102,0.978686
20260623_203847_709953,web_search,2,terminate,5,10,1,0.228698,0.950217
20260623_203847_709953,web_search,2,terminate,5,10,2,0.121256,0.973291
20260623_203847_709953,web_search,2,terminate,5,10,3,0.132874,0.944152
20260623_203847_709953,web_search,2,terminate,5,10,4,0.172019,0.976586
20260623_203847_709953,web_search,2,terminate,5,10,5,0.222263,0.980901
20260623_203847_709953,web_search,2,terminate,5,10,6,0.259733,0.935298
20260623_203847_709953,web_search,2,terminate,5,10,7,0.308045,0.953222
20260623_203847_709953,web_search,2,terminate,5,11,0,0.143541,0.962596
20260623_203847_709953,web_search,2,terminate,5,11,1,0.314190,0.966429
20260623_203847_709953,web_search,2,terminate,5,11,2,0.194593,0.947579
20260623_203847_709953,web_search,2,terminate,5,11,3,0.199226,0.960772
20260623_203847_709953,web_search,2,terminate,5,11,4,0.306389,0.955803
20260623_203847_709953,web_search,2,terminate,5,11,5,0.128716,0.960293
20260623_203847_709953,web_search,2,terminate,5,11,6,0.164177,0.972534
20260623_203847_709953,web_search,2,terminate,5,11,7,0.219592,0.962751
20260623_203847_709953,web_search,2,terminate,5,12,0,0.250577,0.967465
20260623_203847_709953,web_search,2,terminate,5,12,1,0.195059,0.967855
20260623_203847_709953,web_search,2,terminate,5,12,2,0.326243,0.977898
20260623_203847_709953,web_search,2,terminate,5,12,3,0.279222,0.953725
20260623_203847_709953,web_search,2,terminate,5,12,4,0.191603,0.967330
20260623_203847_709953,web_search,2,terminate,5,12,5,0.232554,0.947051
20260623_203847_709953,web_search,2,terminate,5,12,6,0.183864,0.954534
20260623_203847_709953,web_search,2,terminate,5,12,7,0.232307,0.939194
20260623_203847_709953,web_search,2,terminate,5,13,0,0.342862,0.976755
20260623_203847_709953,web_search,2,terminate,5,13,1,0.304141,0.955021
20260623_203847_709953,web_search,2,terminate,5,13,2,0.358703,0.968792
20260623_203847_709953,web_search,2,terminate,5,13,3,0.328639,0.959297
20260623_203847_709953,web_search,2,terminate,5,13,4,0.221569,0.952565
20260623_203847_709953,web_search,2,terminate,5,13,5,0.249007,0.913742
20260623_203847_709953,web_search,2,terminate,5,13,6,0.352129,0.978596
20260623_203847_709953,web_search,2,terminate,5,13,7,0.352441,0.950334
20260623_203847_709953,web_search,2,terminate,5,14,0,0.250109,0.919167
20260623_203847_709953,web_search,2,terminate,5,14,1,0.208038,0.933949
20260623_203847_709953,web_search,2,terminate,5,14,2,0.242944,0.981043
20260623_203847_709953,web_search,2,terminate,5,14,3,0.420635,0.959470
20260623_203847_709953,web_search,2,terminate,5,14,4,0.585877,0.973159
20260623_203847_709953,web_search,2,terminate,5,14,5,0.397986,0.964471
20260623_203847_709953,web_search,2,terminate,5,14,6,0.399594,0.963822
20260623_203847_709953,web_search,2,terminate,5,14,7,0.235729,0.963534
20260623_203847_709953,web_search,2,terminate,5,15,0,0.463344,0.956018
20260623_203847_709953,web_search,2,terminate,5,15,1,0.346493,0.977112
20260623_203847_709953,web_search,2,terminate,5,15,2,0.256933,0.973677
20260623_203847_709953,web_search,2,terminate,5,15,3,0.364157,0.934952
20260623_203847_709953,web_search,2,terminate,5,15,4,0.473539,0.966453
20260623_203847_709953,web_search,2,terminate,5,15,5,0.561560,0.964814
20260623_203847_709953,web_search,2,terminate,5,15,6,0.314356,0.971990
20260623_203847_709953,web_search,2,terminate,5,15,7,0.275560,0.972874
20260623_203847_709953,web_search,2,terminate,5,16,0,0.458554,0.952789
20260623_203847_709953,web_search,2,terminate,5,16,1,0.757005,0.945132
20260623_203847_709953,web_search,2,terminate,5,16,2,0.390516,0.961406
20260623_203847_709953,web_search,2,terminate,5,16,3,0.328637,0.958162
20260623_203847_709953,web_search,2,terminate,5,16,4,0.477795,0.951894
20260623_203847_709953,web_search,2,terminate,5,16,5,0.353873,0.965820
20260623_203847_709953,web_search,2,terminate,5,16,6,0.325655,0.971430
20260623_203847_709953,web_search,2,terminate,5,16,7,0.424076,0.980965
20260623_203847_709953,web_search,2,terminate,5,17,0,0.587605,0.951233
20260623_203847_709953,web_search,2,terminate,5,17,1,0.451843,0.961988
20260623_203847_709953,web_search,2,terminate,5,17,2,0.459288,0.943071
20260623_203847_709953,web_search,2,terminate,5,17,3,0.696710,0.956699
20260623_203847_709953,web_search,2,terminate,5,17,4,0.342274,0.968167
20260623_203847_709953,web_search,2,terminate,5,17,5,0.516464,0.960737
20260623_203847_709953,web_search,2,terminate,5,17,6,0.454491,0.958123
20260623_203847_709953,web_search,2,terminate,5,17,7,0.429946,0.961563
20260623_203847_709953,web_search,2,terminate,5,18,0,0.750986,0.968284
20260623_203847_709953,web_search,2,terminate,5,18,1,0.323315,0.968345
20260623_203847_709953,web_search,2,terminate,5,18,2,0.597615,0.958890
20260623_203847_709953,web_search,2,terminate,5,18,3,0.514909,0.977963
20260623_203847_709953,web_search,2,terminate,5,18,4,0.405968,0.969210
20260623_203847_709953,web_search,2,terminate,5,18,5,0.380819,0.974077
20260623_203847_709953,web_search,2,terminate,5,18,6,0.456745,0.966250
20260623_203847_709953,web_search,2,terminate,5,18,7,0.542458,0.959677
20260623_203847_709953,web_search,2,terminate,5,19,0,0.555287,0.950189
20260623_203847_709953,web_search,2,terminate,5,19,1,0.983883,0.968614
20260623_203847_709953,web_search,2,terminate,5,19,2,0.344128,0.949162
20260623_203847_709953,web_search,2,terminate,5,19,3,0.504111,0.968548
20260623_203847_709953,web_search,2,terminate,5,19,4,0.604451,0.970519
20260623_203847_709953,web_search,2,terminate,5,19,5,0.902224,0.955579
20260623_203847_709953,web_search,2,terminate,5,19,6,0.443552,0.949890
20260623_203847_709953,web_search,2,terminate,5,19,7,0.874489,0.939661
20260623_203847_709953,web_search,2,terminate,5,20,0,0.897170,0.955988
20260623_203847_709953,web_search,2,terminate,5,20,1,0.549139,0.966322
20260623_203847_709953,web_search,2,terminate,5,20,2,0.700191,0.955338
20260623_203847_709953,web_search,2,terminate,5,20,3,0.843643,0.952190
20260623_203847_709953,web_search,2,terminate,5,20,4,0.760735,0.956016
20260623_203847_709953,web_search,2,terminate,5,20,5,0.488993,0.954766
20260623_203847_709953,web_search,2,terminate,5,20,6,1.095500,0.970502
20260623_203847_709953,web_search,2,terminate,5,20,7,0.511349,0.971820
20260623_203847_709953,web_search,2,terminate,5,21,0,0.610317,0.983679
20260623_203847_709953,web_search,2,terminate,5,21,1,0.799356,0.980595
20260623_203847_709953,web_search,2,terminate,5,21,2,0.563327,0.984559
20260623_203847_709953,web_search,2,terminate,5,21,3,0.418931,0.953706
20260623_203847_709953,web_search,2,terminate,5,21,4,0.472244,0.962498
20260623_203847_709953,web_search,2,terminate,5,21,5,0.999786,0.966428
20260623_203847_709953,web_search,2,terminate,5,21,6,0.462876,0.951725
20260623_203847_709953,web_search,2,terminate,5,21,7,0.392441,0.959232
20260623_203847_709953,web_search,2,terminate,5,22,0,0.761200,0.959894
20260623_203847_709953,web_search,2,terminate,5,22,1,0.447181,0.937175
20260623_203847_709953,web_search,2,terminate,5,22,2,0.903884,0.923760
20260623_203847_709953,web_search,2,terminate,5,22,3,0.718024,0.971351
20260623_203847_709953,web_search,2,terminate,5,22,4,0.618504,0.977266
20260623_203847_709953,web_search,2,terminate,5,22,5,0.520179,0.967139
20260623_203847_709953,web_search,2,terminate,5,22,6,0.479397,0.953483
20260623_203847_709953,web_search,2,terminate,5,22,7,0.860793,0.975041
20260623_203847_709953,web_search,2,terminate,5,23,0,0.714932,0.952228
20260623_203847_709953,web_search,2,terminate,5,23,1,0.792509,0.968712
20260623_203847_709953,web_search,2,terminate,5,23,2,0.740505,0.953349
20260623_203847_709953,web_search,2,terminate,5,23,3,0.493491,0.961259
20260623_203847_709953,web_search,2,terminate,5,23,4,0.756821,0.952285
20260623_203847_709953,web_search,2,terminate,5,23,5,0.643168,0.955560
20260623_203847_709953,web_search,2,terminate,5,23,6,0.563930,0.980348
20260623_203847_709953,web_search,2,terminate,5,23,7,0.692684,0.960254
20260623_203847_709953,web_search,2,terminate,5,24,0,0.790364,0.985392
20260623_203847_709953,web_search,2,terminate,5,24,1,0.706432,0.972473
20260623_203847_709953,web_search,2,terminate,5,24,2,0.654458,0.968465
20260623_203847_709953,web_search,2,terminate,5,24,3,0.593233,0.969415
20260623_203847_709953,web_search,2,terminate,5,24,4,0.645127,0.974810
20260623_203847_709953,web_search,2,terminate,5,24,5,0.557949,0.961086
20260623_203847_709953,web_search,2,terminate,5,24,6,0.929309,0.949030
20260623_203847_709953,web_search,2,terminate,5,24,7,0.622351,0.966872
20260623_203847_709953,web_search,2,terminate,5,25,0,0.560519,0.944862
20260623_203847_709953,web_search,2,terminate,5,25,1,0.768211,0.966257
20260623_203847_709953,web_search,2,terminate,5,25,2,1.065564,0.950796
20260623_203847_709953,web_search,2,terminate,5,25,3,0.583389,0.948388
20260623_203847_709953,web_search,2,terminate,5,25,4,1.045710,0.966776
20260623_203847_709953,web_search,2,terminate,5,25,5,0.749109,0.966087
20260623_203847_709953,web_search,2,terminate,5,25,6,0.702536,0.959247
20260623_203847_709953,web_search,2,terminate,5,25,7,0.678410,0.974873
20260623_203847_709953,web_search,2,terminate,5,26,0,1.080323,0.926967
20260623_203847_709953,web_search,2,terminate,5,26,1,1.016004,0.961890
20260623_203847_709953,web_search,2,terminate,5,26,2,0.621054,0.968376
20260623_203847_709953,web_search,2,terminate,5,26,3,0.723082,0.979322
20260623_203847_709953,web_search,2,terminate,5,26,4,0.743786,0.971786
20260623_203847_709953,web_search,2,terminate,5,26,5,0.482226,0.966861
20260623_203847_709953,web_search,2,terminate,5,26,6,0.964159,0.968193
20260623_203847_709953,web_search,2,terminate,5,26,7,0.677403,0.979546
20260623_203847_709953,web_search,2,terminate,5,27,0,1.111282,0.977984
20260623_203847_709953,web_search,2,terminate,5,27,1,1.451458,0.951735
20260623_203847_709953,web_search,2,terminate,5,27,2,1.566649,0.943134
20260623_203847_709953,web_search,2,terminate,5,27,3,0.883977,0.954543
20260623_203847_709953,web_search,2,terminate,5,27,4,0.895740,0.959148
20260623_203847_709953,web_search,2,terminate,5,27,5,0.668705,0.964134
20260623_203847_709953,web_search,2,terminate,5,27,6,0.727268,0.983531
20260623_203847_709953,web_search,2,terminate,5,27,7,1.742862,0.964696
20260623_203847_709953,web_search,2,terminate,5,28,0,0.791483,0.968152
20260623_203847_709953,web_search,2,terminate,5,28,1,0.771162,0.967218
20260623_203847_709953,web_search,2,terminate,5,28,2,0.922088,0.948815
20260623_203847_709953,web_search,2,terminate,5,28,3,1.123071,0.915970
20260623_203847_709953,web_search,2,terminate,5,28,4,0.888321,0.984269
20260623_203847_709953,web_search,2,terminate,5,28,5,1.076222,0.974057
20260623_203847_709953,web_search,2,terminate,5,28,6,0.997827,0.972461
20260623_203847_709953,web_search,2,terminate,5,28,7,0.831593,0.952486
20260623_203847_709953,web_search,2,terminate,5,29,0,0.993189,0.955901
20260623_203847_709953,web_search,2,terminate,5,29,1,1.370544,0.940143
20260623_203847_709953,web_search,2,terminate,5,29,2,0.942716,0.941971
20260623_203847_709953,web_search,2,terminate,5,29,3,1.331999,0.981416
20260623_203847_709953,web_search,2,terminate,5,29,4,1.350598,0.979957
20260623_203847_709953,web_search,2,terminate,5,29,5,1.458070,0.953803
20260623_203847_709953,web_search,2,terminate,5,29,6,0.972349,0.966100
20260623_203847_709953,web_search,2,terminate,5,29,7,2.559779,0.953904
20260623_203847_709953,web_search,2,terminate,5,30,0,1.098435,0.954545
20260623_203847_709953,web_search,2,terminate,5,30,1,1.275926,0.961809
20260623_203847_709953,web_search,2,terminate,5,30,2,1.539669,0.946926
20260623_203847_709953,web_search,2,terminate,5,30,3,2.273571,0.963179
20260623_203847_709953,web_search,2,terminate,5,30,4,1.498474,0.975316
20260623_203847_709953,web_search,2,terminate,5,30,5,1.070748,0.962588
20260623_203847_709953,web_search,2,terminate,5,30,6,1.421996,0.947990
20260623_203847_709953,web_search,2,terminate,5,30,7,2.577093,0.970843
20260623_203847_709953,web_search,2,terminate,5,31,0,1.685424,0.959500
20260623_203847_709953,web_search,2,terminate,5,31,1,1.702198,0.980255
20260623_203847_709953,web_search,2,terminate,5,31,2,1.240371,0.969817
20260623_203847_709953,web_search,2,terminate,5,31,3,1.557330,0.970209
20260623_203847_709953,web_search,2,terminate,5,31,4,1.359055,0.984057
20260623_203847_709953,web_search,2,terminate,5,31,5,1.270475,0.948500
20260623_203847_709953,web_search,2,terminate,5,31,6,3.010682,0.954228
20260623_203847_709953,web_search,2,terminate,5,31,7,1.505295,0.956121
20260623_203847_709953,web_search,2,terminate,5,32,0,1.683979,0.972371
20260623_203847_709953,web_search,2,terminate,5,32,1,1.467355,0.940542
20260623_203847_709953,web_search,2,terminate,5,32,2,1.407372,0.952000
20260623_203847_709953,web_search,2,terminate,5,32,3,1.984544,0.959724
20260623_203847_709953,web_search,2,terminate,5,32,4,4.272117,0.967834
20260623_203847_709953,web_search,2,terminate,5,32,5,1.657077,0.962370
20260623_203847_709953,web_search,2,terminate,5,32,6,2.434252,0.966882
20260623_203847_709953,web_search,2,terminate,5,32,7,3.967305,0.962503
20260623_203847_709953,web_search,2,terminate,5,33,0,2.206247,0.951741
20260623_203847_709953,web_search,2,terminate,5,33,1,1.375580,0.975737
20260623_203847_709953,web_search,2,terminate,5,33,2,2.079585,0.969753
20260623_203847_709953,web_search,2,terminate,5,33,3,2.266716,0.955144
20260623_203847_709953,web_search,2,terminate,5,33,4,1.949300,0.949307
20260623_203847_709953,web_search,2,terminate,5,33,5,2.000700,0.976400
20260623_203847_709953,web_search,2,terminate,5,33,6,2.011618,0.947669
20260623_203847_709953,web_search,2,terminate,5,33,7,2.022419,0.963742
20260623_203847_709953,web_search,2,terminate,5,34,0,3.870379,0.966314
20260623_203847_709953,web_search,2,terminate,5,34,1,2.072277,0.957996
20260623_203847_709953,web_search,2,terminate,5,34,2,2.403532,0.968910
20260623_203847_709953,web_search,2,terminate,5,34,3,2.317491,0.974309
20260623_203847_709953,web_search,2,terminate,5,34,4,3.068054,0.957986
20260623_203847_709953,web_search,2,terminate,5,34,5,2.581852,0.951133
20260623_203847_709953,web_search,2,terminate,5,34,6,2.440255,0.960526
20260623_203847_709953,web_search,2,terminate,5,34,7,2.152570,0.966794
20260623_203847_709953,web_search,2,terminate,5,35,0,2.326774,0.979356
20260623_203847_709953,web_search,2,terminate,5,35,1,2.712737,0.947698
20260623_203847_709953,web_search,2,terminate,5,35,2,2.894514,0.955192
20260623_203847_709953,web_search,2,terminate,5,35,3,2.123318,0.970552
20260623_203847_709953,web_search,2,terminate,5,35,4,2.898629,0.977176
20260623_203847_709953,web_search,2,terminate,5,35,5,3.056617,0.961415
20260623_203847_709953,web_search,2,terminate,5,35,6,2.603523,0.974601
20260623_203847_709953,web_search,2,terminate,5,35,7,3.065984,0.965136
20260623_203847_709953,web_search,2,terminate,5,36,0,2.845639,0.967690
20260623_203847_709953,web_search,2,terminate,5,36,1,6.797612,0.971744
20260623_203847_709953,web_search,2,terminate,5,36,2,2.670402,0.966573
20260623_203847_709953,web_search,2,terminate,5,36,3,3.366214,0.960155
20260623_203847_709953,web_search,2,terminate,5,36,4,3.093698,0.961809
20260623_203847_709953,web_search,2,terminate,5,36,5,2.497691,0.971676
20260623_203847_709953,web_search,2,terminate,5,36,6,3.526058,0.971107
20260623_203847_709953,web_search,2,terminate,5,36,7,2.639265,0.973848
20260623_203847_709953,web_search,2,terminate,5,37,0,2.808074,0.969992
20260623_203847_709953,web_search,2,terminate,5,37,1,3.029053,0.965096
20260623_203847_709953,web_search,2,terminate,5,37,2,4.121464,0.957991
20260623_203847_709953,web_search,2,terminate,5,37,3,3.353689,0.953348
20260623_203847_709953,web_search,2,terminate,5,37,4,5.078926,0.964419
20260623_203847_709953,web_search,2,terminate,5,37,5,3.275030,0.976169
20260623_203847_709953,web_search,2,terminate,5,37,6,6.231226,0.957396
20260623_203847_709953,web_search,2,terminate,5,37,7,7.905707,0.976777
20260623_203847_709953,web_search,2,terminate,5,38,0,8.936465,0.972012
20260623_203847_709953,web_search,2,terminate,5,38,1,3.465547,0.959423
20260623_203847_709953,web_search,2,terminate,5,38,2,3.386189,0.961368
20260623_203847_709953,web_search,2,terminate,5,38,3,3.719089,0.954960
20260623_203847_709953,web_search,2,terminate,5,38,4,3.387450,0.957839
20260623_203847_709953,web_search,2,terminate,5,38,5,3.922335,0.949982
20260623_203847_709953,web_search,2,terminate,5,38,6,4.717561,0.988452
20260623_203847_709953,web_search,2,terminate,5,38,7,3.380133,0.974720
20260623_203847_709953,web_search,2,terminate,5,39,0,3.391763,0.954006
20260623_203847_709953,web_search,2,terminate,5,39,1,3.584125,0.908066
20260623_203847_709953,web_search,2,terminate,5,39,2,7.128881,0.974903
20260623_203847_709953,web_search,2,terminate,5,39,3,4.104283,0.971796
20260623_203847_709953,web_search,2,terminate,5,39,4,3.191921,0.958241
20260623_203847_709953,web_search,2,terminate,5,39,5,9.280993,0.974486
20260623_203847_709953,web_search,2,terminate,5,39,6,3.581898,0.943067
20260623_203847_709953,web_search,2,terminate,5,39,7,7.360595,0.979659
20260623_203847_709953,web_search,3,terminate,4,0,0,0.003968,0.997588
20260623_203847_709953,web_search,3,terminate,4,0,1,0.005297,0.999128
20260623_203847_709953,web_search,3,terminate,4,0,2,0.004768,0.999196
20260623_203847_709953,web_search,3,terminate,4,0,3,0.005757,0.998494
20260623_203847_709953,web_search,3,terminate,4,0,4,0.003573,0.999917
20260623_203847_709953,web_search,3,terminate,4,0,5,0.003761,0.996768
20260623_203847_709953,web_search,3,terminate,4,0,6,0.003705,0.998081
20260623_203847_709953,web_search,3,terminate,4,0,7,0.004067,0.999542
20260623_203847_709953,web_search,3,terminate,4,1,0,0.007802,0.999351
20260623_203847_709953,web_search,3,terminate,4,1,1,0.005274,0.999670
20260623_203847_709953,web_search,3,terminate,4,1,2,0.004895,0.997316
20260623_203847_709953,web_search,3,terminate,4,1,3,0.009325,0.998392
20260623_203847_709953,web_search,3,terminate,4,1,4,0.007005,0.998708
20260623_203847_709953,web_search,3,terminate,4,1,5,0.005360,0.999277
20260623_203847_709953,web_search,3,terminate,4,1,6,0.007705,0.996377
20260623_203847_709953,web_search,3,terminate,4,1,7,0.007193,0.999827
20260623_203847_709953,web_search,3,terminate,4,2,0,0.019567,0.994814
20260623_203847_709953,web_search,3,terminate,4,2,1,0.010768,0.996823
20260623_203847_709953,web_search,3,terminate,4,2,2,0.009656,0.991288
20260623_203847_709953,web_search,3,terminate,4,2,3,0.010069,0.995072
20260623_203847_709953,web_search,3,terminate,4,2,4,0.012542,0.998425
20260623_203847_709953,web_search,3,terminate,4,2,5,0.010615,0.994690
20260623_203847_709953,web_search,3,terminate,4,2,6,0.008592,0.995777
20260623_203847_709953,web_search,3,terminate,4,2,7,0.011128,0.996887
20260623_203847_709953,web_search,3,terminate,4,3,0,0.019499,0.995316
20260623_203847_709953,web_search,3,terminate,4,3,1,0.011408,0.997962
20260623_203847_709953,web_search,3,terminate,4,3,2,0.017234,0.993268
20260623_203847_709953,web_search,3,terminate,4,3,3,0.020590,0.991092
20260623_203847_709953,web_search,3,terminate,4,3,4,0.014357,0.993389
20260623_203847_709953,web_search,3,terminate,4,3,5,0.015063,0.996152
20260623_203847_709953,web_search,3,terminate,4,3,6,0.012558,0.995107
20260623_203847_709953,web_search,3,terminate,4,3,7,0.019616,0.989635
20260623_203847_709953,web_search,3,terminate,4,4,0,0.025019,0.994589
20260623_203847_709953,web_search,3,terminate,4,4,1,0.021642,0.993275
20260623_203847_709953,web_search,3,terminate,4,4,2,0.020554,0.999253
20260623_203847_709953,web_search,3,terminate,4,4,3,0.022246,0.988269
20260623_203847_709953,web_search,3,terminate,4,4,4,0.028327,0.992482
20260623_203847_709953,web_search,3,terminate,4,4,5,0.020264,0.996123
20260623_203847_709953,web_search,3,terminate,4,4,6,0.015220,0.993567
20260623_203847_709953,web_search,3,terminate,4,4,7,0.015305,0.994682
20260623_203847_709953,web_search,3,terminate,4,5,0,0.031171,0.998149
20260623_203847_709953,web_search,3,terminate,4,5,1,0.023867,0.996630
20260623_203847_709953,web_search,3,terminate,4,5,2,0.016683,0.994334
20260623_203847_709953,web_search,3,terminate,4,5,3,0.028139,0.998813
20260623_203847_709953,web_search,3,terminate,4,5,4,0.020720,0.999191
20260623_203847_709953,web_search,3,terminate,4,5,5,0.018744,0.996263
20260623_203847_709953,web_search,3,terminate,4,5,6,0.029906,0.996119
20260623_203847_709953,web_search,3,terminate,4,5,7,0.024610,0.995118
20260623_203847_709953,web_search,3,terminate,4,6,0,0.049220,0.994443
20260623_203847_709953,web_search,3,terminate,4,6,1,0.033215,0.997758
20260623_203847_709953,web_search,3,terminate,4,6,2,0.046047,0.987040
20260623_203847_709953,web_search,3,terminate,4,6,3,0.018482,0.994287
20260623_203847_709953,web_search,3,terminate,4,6,4,0.027434,0.996098
20260623_203847_709953,web_search,3,terminate,4,6,5,0.038775,0.995333
20260623_203847_709953,web_search,3,terminate,4,6,6,0.040647,0.996207
20260623_203847_709953,web_search,3,terminate,4,6,7,0.029367,0.994146
20260623_203847_709953,web_search,3,terminate,4,7,0,0.089250,0.995942
20260623_203847_709953,web_search,3,terminate,4,7,1,0.067336,0.990022
20260623_203847_709953,web_search,3,terminate,4,7,2,0.059810,0.997803
20260623_203847_709953,web_search,3,terminate,4,7,3,0.038452,0.993087
20260623_203847_709953,web_search,3,terminate,4,7,4,0.059674,0.996518
20260623_203847_709953,web_search,3,terminate,4,7,5,0.043426,0.991689
20260623_203847_709953,web_search,3,terminate,4,7,6,0.097444,0.993758
20260623_203847_709953,web_search,3,terminate,4,7,7,0.071306,0.994850
20260623_203847_709953,web_search,3,terminate,4,8,0,0.085839,0.995503
20260623_203847_709953,web_search,3,terminate,4,8,1,0.124064,0.991148
20260623_203847_709953,web_search,3,terminate,4,8,2,0.076766,0.997110
20260623_203847_709953,web_search,3,terminate,4,8,3,0.085309,0.994021
20260623_203847_709953,web_search,3,terminate,4,8,4,0.119605,0.990755
20260623_203847_709953,web_search,3,terminate,4,8,5,0.057564,0.995334
20260623_203847_709953,web_search,3,terminate,4,8,6,0.053777,0.996606
20260623_203847_709953,web_search,3,terminate,4,8,7,0.058500,0.995355
20260623_203847_709953,web_search,3,terminate,4,9,0,0.077045,0.995690
20260623_203847_709953,web_search,3,terminate,4,9,1,0.056298,0.997184
20260623_203847_709953,web_search,3,terminate,4,9,2,0.079704,0.994296
20260623_203847_709953,web_search,3,terminate,4,9,3,0.064917,0.995409
20260623_203847_709953,web_search,3,terminate,4,9,4,0.059641,0.995631
20260623_203847_709953,web_search,3,terminate,4,9,5,0.042214,0.995048
20260623_203847_709953,web_search,3,terminate,4,9,6,0.054100,0.994602
20260623_203847_709953,web_search,3,terminate,4,9,7,0.089531,0.994725
20260623_203847_709953,web_search,3,terminate,4,10,0,0.070869,0.996598
20260623_203847_709953,web_search,3,terminate,4,10,1,0.090217,0.992894
20260623_203847_709953,web_search,3,terminate,4,10,2,0.055298,0.994527
20260623_203847_709953,web_search,3,terminate,4,10,3,0.054885,0.990361
20260623_203847_709953,web_search,3,terminate,4,10,4,0.072857,0.995783
20260623_203847_709953,web_search,3,terminate,4,10,5,0.084185,0.997287
20260623_203847_709953,web_search,3,terminate,4,10,6,0.096590,0.992426
20260623_203847_709953,web_search,3,terminate,4,10,7,0.117184,0.993409
20260623_203847_709953,web_search,3,terminate,4,11,0,0.060588,0.993016
20260623_203847_709953,web_search,3,terminate,4,11,1,0.113113,0.995644
20260623_203847_709953,web_search,3,terminate,4,11,2,0.077014,0.992044
20260623_203847_709953,web_search,3,terminate,4,11,3,0.080375,0.994526
20260623_203847_709953,web_search,3,terminate,4,11,4,0.129156,0.992375
20260623_203847_709953,web_search,3,terminate,4,11,5,0.059513,0.991404
20260623_203847_709953,web_search,3,terminate,4,11,6,0.069575,0.994977
20260623_203847_709953,web_search,3,terminate,4,11,7,0.079856,0.995263
20260623_203847_709953,web_search,3,terminate,4,12,0,0.108046,0.994400
20260623_203847_709953,web_search,3,terminate,4,12,1,0.083536,0.993819
20260623_203847_709953,web_search,3,terminate,4,12,2,0.121926,0.996919
20260623_203847_709953,web_search,3,terminate,4,12,3,0.121638,0.991283
20260623_203847_709953,web_search,3,terminate,4,12,4,0.092906,0.992299
20260623_203847_709953,web_search,3,terminate,4,12,5,0.095069,0.991699
20260623_203847_709953,web_search,3,terminate,4,12,6,0.087251,0.989721
20260623_203847_709953,web_search,3,terminate,4,12,7,0.092927,0.990535
20260623_203847_709953,web_search,3,terminate,4,13,0,0.144227,0.995870
20260623_203847_709953,web_search,3,terminate,4,13,1,0.129616,0.991764
20260623_203847_709953,web_search,3,terminate,4,13,2,0.146331,0.994868
20260623_203847_709953,web_search,3,terminate,4,13,3,0.151108,0.991219
20260623_203847_709953,web_search,3,terminate,4,13,4,0.118769,0.986256
20260623_203847_709953,web_search,3,terminate,4,13,5,0.109227,0.983462
20260623_203847_709953,web_search,3,terminate,4,13,6,0.153779,0.995860
20260623_203847_709953,web_search,3,terminate,4,13,7,0.136340,0.992323
20260623_203847_709953,web_search,3,terminate,4,14,0,0.109739,0.983913
20260623_203847_709953,web_search,3,terminate,4,14,1,0.083216,0.989399
20260623_203847_709953,web_search,3,terminate,4,14,2,0.105495,0.996404
20260623_203847_709953,web_search,3,terminate,4,14,3,0.164979,0.993810
20260623_203847_709953,web_search,3,terminate,4,14,4,0.222488,0.996091
20260623_203847_709953,web_search,3,terminate,4,14,5,0.168864,0.993009
20260623_203847_709953,web_search,3,terminate,4,14,6,0.173442,0.992907
20260623_203847_709953,web_search,3,terminate,4,14,7,0.105067,0.992579
20260623_203847_709953,web_search,3,terminate,4,15,0,0.194331,0.992813
20260623_203847_709953,web_search,3,terminate,4,15,1,0.166446,0.994215
20260623_203847_709953,web_search,3,terminate,4,15,2,0.116447,0.994770
20260623_203847_709953,web_search,3,terminate,4,15,3,0.149879,0.988677
20260623_203847_709953,web_search,3,terminate,4,15,4,0.195660,0.994044
20260623_203847_709953,web_search,3,terminate,4,15,5,0.226026,0.994604
20260623_203847_709953,web_search,3,terminate,4,15,6,0.127301,0.995466
20260623_203847_709953,web_search,3,terminate,4,15,7,0.117263,0.995134
20260623_203847_709953,web_search,3,terminate,4,16,0,0.167314,0.994112
20260623_203847_709953,web_search,3,terminate,4,16,1,0.284512,0.992383
20260623_203847_709953,web_search,3,terminate,4,16,2,0.179492,0.991670
20260623_203847_709953,web_search,3,terminate,4,16,3,0.149599,0.991847
20260623_203847_709953,web_search,3,terminate,4,16,4,0.198729,0.991600
20260623_203847_709953,web_search,3,terminate,4,16,5,0.191359,0.989713
20260623_203847_709953,web_search,3,terminate,4,16,6,0.152213,0.993828
20260623_203847_709953,web_search,3,terminate,4,16,7,0.194180,0.995597
20260623_203847_709953,web_search,3,terminate,4,17,0,0.267818,0.989430
20260623_203847_709953,web_search,3,terminate,4,17,1,0.176924,0.994326
20260623_203847_709953,web_search,3,terminate,4,17,2,0.183477,0.991653
20260623_203847_709953,web_search,3,terminate,4,17,3,0.276873,0.993407
20260623_203847_709953,web_search,3,terminate,4,17,4,0.153686,0.993933
20260623_203847_709953,web_search,3,terminate,4,17,5,0.217876,0.993151
20260623_203847_709953,web_search,3,terminate,4,17,6,0.186385,0.993029
20260623_203847_709953,web_search,3,terminate,4,17,7,0.199635,0.991253
20260623_203847_709953,web_search,3,terminate,4,18,0,0.311900,0.994256
20260623_203847_709953,web_search,3,terminate,4,18,1,0.127010,0.995358
20260623_203847_709953,web_search,3,terminate,4,18,2,0.246574,0.993104
20260623_203847_709953,web_search,3,terminate,4,18,3,0.236846,0.994970
20260623_203847_709953,web_search,3,terminate,4,18,4,0.140896,0.996343
20260623_203847_709953,web_search,3,terminate,4,18,5,0.183130,0.994004
20260623_203847_709953,web_search,3,terminate,4,18,6,0.181467,0.994809
20260623_203847_709953,web_search,3,terminate,4,18,7,0.213994,0.993999
20260623_203847_709953,web_search,3,terminate,4,19,0,0.220355,0.992256
20260623_203847_709953,web_search,3,terminate,4,19,1,0.357966,0.996358
20260623_203847_709953,web_search,3,terminate,4,19,2,0.172244,0.986738
20260623_203847_709953,web_search,3,terminate,4,19,3,0.208629,0.994592
20260623_203847_709953,web_search,3,terminate,4,19,4,0.263709,0.994612
20260623_203847_709953,web_search,3,terminate,4,19,5,0.344042,0.993276
20260623_203847_709953,web_search,3,terminate,4,19,6,0.189579,0.990865
20260623_203847_709953,web_search,3,terminate,4,19,7,0.365684,0.989204
20260623_203847_709953,web_search,3,terminate,4,20,0,0.348186,0.994238
20260623_203847_709953,web_search,3,terminate,4,20,1,0.237280,0.994250
20260623_203847_709953,web_search,3,terminate,4,20,2,0.308259,0.991149
20260623_203847_709953,web_search,3,terminate,4,20,3,0.361117,0.991826
20260623_203847_709953,web_search,3,terminate,4,20,4,0.300085,0.993023
20260623_203847_709953,web_search,3,terminate,4,20,5,0.205775,0.992480
20260623_203847_709953,web_search,3,terminate,4,20,6,0.435414,0.996076
20260623_203847_709953,web_search,3,terminate,4,20,7,0.268455,0.992505
20260623_203847_709953,web_search,3,terminate,4,21,0,0.302526,0.995487
20260623_203847_709953,web_search,3,terminate,4,21,1,0.372896,0.995551
20260623_203847_709953,web_search,3,terminate,4,21,2,0.300680,0.995119
20260623_203847_709953,web_search,3,terminate,4,21,3,0.218342,0.987375
20260623_203847_709953,web_search,3,terminate,4,21,4,0.209199,0.993473
20260623_203847_709953,web_search,3,terminate,4,21,5,0.407852,0.994358
20260623_203847_709953,web_search,3,terminate,4,21,6,0.218428,0.989456
20260623_203847_709953,web_search,3,terminate,4,21,7,0.195827,0.990531
20260623_203847_709953,web_search,3,terminate,4,22,0,0.324907,0.991291
20260623_203847_709953,web_search,3,terminate,4,22,1,0.188295,0.988956
20260623_203847_709953,web_search,3,terminate,4,22,2,0.369421,0.987997
20260623_203847_709953,web_search,3,terminate,4,22,3,0.331402,0.993509
20260623_203847_709953,web_search,3,terminate,4,22,4,0.302506,0.994425
20260623_203847_709953,web_search,3,terminate,4,22,5,0.252848,0.992152
20260623_203847_709953,web_search,3,terminate,4,22,6,0.204154,0.991548
20260623_203847_709953,web_search,3,terminate,4,22,7,0.406024,0.993729
20260623_203847_709953,web_search,3,terminate,4,23,0,0.365288,0.987268
20260623_203847_709953,web_search,3,terminate,4,23,1,0.357740,0.993305
20260623_203847_709953,web_search,3,terminate,4,23,2,0.302777,0.992734
20260623_203847_709953,web_search,3,terminate,4,23,3,0.208327,0.993329
20260623_203847_709953,web_search,3,terminate,4,23,4,0.279284,0.994294
20260623_203847_709953,web_search,3,terminate,4,23,5,0.306154,0.990123
20260623_203847_709953,web_search,3,terminate,4,23,6,0.300553,0.994554
20260623_203847_709953,web_search,3,terminate,4,23,7,0.298766,0.992564
20260623_203847_709953,web_search,3,terminate,4,24,0,0.387234,0.995762
20260623_203847_709953,web_search,3,terminate,4,24,1,0.312625,0.994633
20260623_203847_709953,web_search,3,terminate,4,24,2,0.308035,0.993023
20260623_203847_709953,web_search,3,terminate,4,24,3,0.332990,0.989882
20260623_203847_709953,web_search,3,terminate,4,24,4,0.270951,0.995555
20260623_203847_709953,web_search,3,terminate,4,24,5,0.271035,0.990927
20260623_203847_709953,web_search,3,terminate,4,24,6,0.382556,0.992299
20260623_203847_709953,web_search,3,terminate,4,24,7,0.330153,0.990419
20260623_203847_709953,web_search,3,terminate,4,25,0,0.218102,0.991660
20260623_203847_709953,web_search,3,terminate,4,25,1,0.402552,0.990760
20260623_203847_709953,web_search,3,terminate,4,25,2,0.456722,0.991303
20260623_203847_709953,web_search,3,terminate,4,25,3,0.376565,0.979467
20260623_203847_709953,web_search,3,terminate,4,25,4,0.448525,0.993395
20260623_203847_709953,web_search,3,terminate,4,25,5,0.350038,0.992264
20260623_203847_709953,web_search,3,terminate,4,25,6,0.323688,0.991680
20260623_203847_709953,web_search,3,terminate,4,25,7,0.322434,0.994168
20260623_203847_709953,web_search,3,terminate,4,26,0,0.500525,0.985336
20260623_203847_709953,web_search,3,terminate,4,26,1,0.408653,0.993631
20260623_203847_709953,web_search,3,terminate,4,26,2,0.260947,0.994277
20260623_203847_709953,web_search,3,terminate,4,26,3,0.342690,0.994870
20260623_203847_709953,web_search,3,terminate,4,26,4,0.329554,0.994368
20260623_203847_709953,web_search,3,terminate,4,26,5,0.200110,0.994394
20260623_203847_709953,web_search,3,terminate,4,26,6,0.364896,0.995756
20260623_203847_709953,web_search,3,terminate,4,26,7,0.340992,0.994158
20260623_203847_709953,web_search,3,terminate,4,27,0,0.500820,0.995088
20260623_203847_709953,web_search,3,terminate,4,27,1,0.610872,0.991654
20260623_203847_709953,web_search,3,terminate,4,27,2,0.626906,0.989653
20260623_203847_709953,web_search,3,terminate,4,27,3,0.332794,0.993336
20260623_203847_709953,web_search,3,terminate,4,27,4,0.457138,0.989680
20260623_203847_709953,web_search,3,terminate,4,27,5,0.354056,0.989883
20260623_203847_709953,web_search,3,terminate,4,27,6,0.344322,0.996000
20260623_203847_709953,web_search,3,terminate,4,27,7,0.639373,0.995150
20260623_203847_709953,web_search,3,terminate,4,28,0,0.349173,0.994130
20260623_203847_709953,web_search,3,terminate,4,28,1,0.326370,0.993992
20260623_203847_709953,web_search,3,terminate,4,28,2,0.355700,0.992323
20260623_203847_709953,web_search,3,terminate,4,28,3,0.434815,0.986684
20260623_203847_709953,web_search,3,terminate,4,28,4,0.386391,0.996473
20260623_203847_709953,web_search,3,terminate,4,28,5,0.518097,0.993937
20260623_203847_709953,web_search,3,terminate,4,28,6,0.401074,0.995783
20260623_203847_709953,web_search,3,terminate,4,28,7,0.353625,0.991437
20260623_203847_709953,web_search,3,terminate,4,29,0,0.420743,0.992258
20260623_203847_709953,web_search,3,terminate,4,29,1,0.572822,0.989612
20260623_203847_709953,web_search,3,terminate,4,29,2,0.432796,0.987700
20260623_203847_709953,web_search,3,terminate,4,29,3,0.528354,0.996871
20260623_203847_709953,web_search,3,terminate,4,29,4,0.566971,0.995856
20260623_203847_709953,web_search,3,terminate,4,29,5,0.659313,0.990067
20260623_203847_709953,web_search,3,terminate,4,29,6,0.464369,0.992289
20260623_203847_709953,web_search,3,terminate,4,29,7,0.952870,0.993565
20260623_203847_709953,web_search,3,terminate,4,30,0,0.511721,0.989953
20260623_203847_709953,web_search,3,terminate,4,30,1,0.504302,0.993591
20260623_203847_709953,web_search,3,terminate,4,30,2,0.598869,0.992199
20260623_203847_709953,web_search,3,terminate,4,30,3,0.875091,0.994226
20260623_203847_709953,web_search,3,terminate,4,30,4,0.735580,0.994014
20260623_203847_709953,web_search,3,terminate,4,30,5,0.481381,0.992245
20260623_203847_709953,web_search,3,terminate,4,30,6,0.660745,0.989775
20260623_203847_709953,web_search,3,terminate,4,30,7,0.967663,0.995413
20260623_203847_709953,web_search,3,terminate,4,31,0,0.589461,0.994749
20260623_203847_709953,web_search,3,terminate,4,31,1,0.787153,0.995277
20260623_203847_709953,web_search,3,terminate,4,31,2,0.582931,0.993097
20260623_203847_709953,web_search,3,terminate,4,31,3,0.661454,0.994394
20260623_203847_709953,web_search,3,terminate,4,31,4,0.632691,0.996241
20260623_203847_709953,web_search,3,terminate,4,31,5,0.601933,0.988365
20260623_203847_709953,web_search,3,terminate,4,31,6,1.104934,0.994226
20260623_203847_709953,web_search,3,terminate,4,31,7,0.742853,0.988872
20260623_203847_709953,web_search,3,terminate,4,32,0,0.721892,0.994864
20260623_203847_709953,web_search,3,terminate,4,32,1,0.580520,0.990280
20260623_203847_709953,web_search,3,terminate,4,32,2,0.607730,0.990948
20260623_203847_709953,web_search,3,terminate,4,32,3,0.738796,0.994343
20260623_203847_709953,web_search,3,terminate,4,32,4,1.637910,0.995191
20260623_203847_709953,web_search,3,terminate,4,32,5,0.640047,0.994436
20260623_203847_709953,web_search,3,terminate,4,32,6,1.002325,0.994443
20260623_203847_709953,web_search,3,terminate,4,32,7,1.608211,0.993700
20260623_203847_709953,web_search,3,terminate,4,33,0,0.875142,0.992497
20260623_203847_709953,web_search,3,terminate,4,33,1,0.622997,0.995038
20260623_203847_709953,web_search,3,terminate,4,33,2,0.886294,0.994910
20260623_203847_709953,web_search,3,terminate,4,33,3,0.844343,0.993443
20260623_203847_709953,web_search,3,terminate,4,33,4,0.883305,0.989125
20260623_203847_709953,web_search,3,terminate,4,33,5,0.865221,0.995304
20260623_203847_709953,web_search,3,terminate,4,33,6,0.814016,0.991386
20260623_203847_709953,web_search,3,terminate,4,33,7,0.970908,0.991465
20260623_203847_709953,web_search,3,terminate,4,34,0,1.677068,0.994053
20260623_203847_709953,web_search,3,terminate,4,34,1,0.860959,0.992716
20260623_203847_709953,web_search,3,terminate,4,34,2,0.994393,0.994615
20260623_203847_709953,web_search,3,terminate,4,34,3,0.930739,0.996055
20260623_203847_709953,web_search,3,terminate,4,34,4,1.166238,0.994133
20260623_203847_709953,web_search,3,terminate,4,34,5,1.055815,0.991824
20260623_203847_709953,web_search,3,terminate,4,34,6,1.005065,0.993317
20260623_203847_709953,web_search,3,terminate,4,34,7,0.875305,0.994508
20260623_203847_709953,web_search,3,terminate,4,35,0,0.973138,0.996355
20260623_203847_709953,web_search,3,terminate,4,35,1,1.228613,0.989091
20260623_203847_709953,web_search,3,terminate,4,35,2,1.131266,0.993112
20260623_203847_709953,web_search,3,terminate,4,35,3,0.960590,0.993884
20260623_203847_709953,web_search,3,terminate,4,35,4,1.146180,0.996549
20260623_203847_709953,web_search,3,terminate,4,35,5,1.263007,0.993211
20260623_203847_709953,web_search,3,terminate,4,35,6,1.136823,0.995358
20260623_203847_709953,web_search,3,terminate,4,35,7,1.244010,0.994596
20260623_203847_709953,web_search,3,terminate,4,36,0,1.145284,0.994563
20260623_203847_709953,web_search,3,terminate,4,36,1,2.480296,0.996138
20260623_203847_709953,web_search,3,terminate,4,36,2,1.239313,0.992484
20260623_203847_709953,web_search,3,terminate,4,36,3,1.364163,0.993354
20260623_203847_709953,web_search,3,terminate,4,36,4,1.246245,0.993744
20260623_203847_709953,web_search,3,terminate,4,36,5,1.087998,0.994507
20260623_203847_709953,web_search,3,terminate,4,36,6,1.662239,0.993290
20260623_203847_709953,web_search,3,terminate,4,36,7,1.104815,0.995407
20260623_203847_709953,web_search,3,terminate,4,37,0,1.227378,0.994155
20260623_203847_709953,web_search,3,terminate,4,37,1,1.349204,0.992929
20260623_203847_709953,web_search,3,terminate,4,37,2,1.670075,0.993145
20260623_203847_709953,web_search,3,terminate,4,37,3,1.347563,0.992311
20260623_203847_709953,web_search,3,terminate,4,37,4,2.161132,0.993426
20260623_203847_709953,web_search,3,terminate,4,37,5,1.413573,0.995715
20260623_203847_709953,web_search,3,terminate,4,37,6,2.309633,0.993973
20260623_203847_709953,web_search,3,terminate,4,37,7,2.876275,0.996968
20260623_203847_709953,web_search,3,terminate,4,38,0,3.263419,0.996162
20260623_203847_709953,web_search,3,terminate,4,38,1,1.430597,0.993647
20260623_203847_709953,web_search,3,terminate,4,38,2,1.256169,0.994965
20260623_203847_709953,web_search,3,terminate,4,38,3,1.484172,0.992796
20260623_203847_709953,web_search,3,terminate,4,38,4,1.428680,0.992348
20260623_203847_709953,web_search,3,terminate,4,38,5,1.531132,0.992932
20260623_203847_709953,web_search,3,terminate,4,38,6,1.909455,0.998091
20260623_203847_709953,web_search,3,terminate,4,38,7,1.277881,0.996387
20260623_203847_709953,web_search,3,terminate,4,39,0,1.371465,0.992382
20260623_203847_709953,web_search,3,terminate,4,39,1,1.483598,0.984024
20260623_203847_709953,web_search,3,terminate,4,39,2,2.681048,0.996347
20260623_203847_709953,web_search,3,terminate,4,39,3,1.602765,0.995722
20260623_203847_709953,web_search,3,terminate,4,39,4,1.336839,0.992499
20260623_203847_709953,web_search,3,terminate,4,39,5,3.222021,0.997123
20260623_203847_709953,web_search,3,terminate,4,39,6,1.448652,0.990317
20260623_203847_709953,web_search,3,terminate,4,39,7,2.566777,0.997563
20260623_203847_709953,web_search,3,terminate,5,0,0,0.005317,0.995699
20260623_203847_709953,web_search,3,terminate,5,0,1,0.008112,0.997972
20260623_203847_709953,web_search,3,terminate,5,0,2,0.006601,0.998468
20260623_203847_709953,web_search,3,terminate,5,0,3,0.007574,0.997219
20260623_203847_709953,web_search,3,terminate,5,0,4,0.005052,0.999835
20260623_203847_709953,web_search,3,terminate,5,0,5,0.005039,0.994166
20260623_203847_709953,web_search,3,terminate,5,0,6,0.005328,0.996043
20260623_203847_709953,web_search,3,terminate,5,0,7,0.005670,0.999113
20260623_203847_709953,web_search,3,terminate,5,1,0,0.011950,0.998450
20260623_203847_709953,web_search,3,terminate,5,1,1,0.008694,0.999105
20260623_203847_709953,web_search,3,terminate,5,1,2,0.006936,0.994608
20260623_203847_709953,web_search,3,terminate,5,1,3,0.012106,0.997154
20260623_203847_709953,web_search,3,terminate,5,1,4,0.010037,0.997059
20260623_203847_709953,web_search,3,terminate,5,1,5,0.007703,0.998499
20260623_203847_709953,web_search,3,terminate,5,1,6,0.011403,0.991798
20260623_203847_709953,web_search,3,terminate,5,1,7,0.009402,0.999711
20260623_203847_709953,web_search,3,terminate,5,2,0,0.034256,0.984537
20260623_203847_709953,web_search,3,terminate,5,2,1,0.016204,0.992276
20260623_203847_709953,web_search,3,terminate,5,2,2,0.014876,0.980175
20260623_203847_709953,web_search,3,terminate,5,2,3,0.015889,0.988039
20260623_203847_709953,web_search,3,terminate,5,2,4,0.018235,0.996646
20260623_203847_709953,web_search,3,terminate,5,2,5,0.016059,0.987506
20260623_203847_709953,web_search,3,terminate,5,2,6,0.013432,0.990087
20260623_203847_709953,web_search,3,terminate,5,2,7,0.019604,0.990564
20260623_203847_709953,web_search,3,terminate,5,3,0,0.031510,0.988146
20260623_203847_709953,web_search,3,terminate,5,3,1,0.018011,0.994897
20260623_203847_709953,web_search,3,terminate,5,3,2,0.027603,0.984288
20260623_203847_709953,web_search,3,terminate,5,3,3,0.031639,0.979869
20260623_203847_709953,web_search,3,terminate,5,3,4,0.023846,0.982494
20260623_203847_709953,web_search,3,terminate,5,3,5,0.022581,0.991090
20260623_203847_709953,web_search,3,terminate,5,3,6,0.018527,0.989417
20260623_203847_709953,web_search,3,terminate,5,3,7,0.030918,0.976939
20260623_203847_709953,web_search,3,terminate,5,4,0,0.042216,0.985371
20260623_203847_709953,web_search,3,terminate,5,4,1,0.034197,0.982620
20260623_203847_709953,web_search,3,terminate,5,4,2,0.033841,0.997979
20260623_203847_709953,web_search,3,terminate,5,4,3,0.032376,0.975773
20260623_203847_709953,web_search,3,terminate,5,4,4,0.044412,0.983490
20260623_203847_709953,web_search,3,terminate,5,4,5,0.030983,0.991293
20260623_203847_709953,web_search,3,terminate,5,4,6,0.024184,0.983822
20260623_203847_709953,web_search,3,terminate,5,4,7,0.024088,0.987578
20260623_203847_709953,web_search,3,terminate,5,5,0,0.056542,0.993923
20260623_203847_709953,web_search,3,terminate,5,5,1,0.035171,0.992601
20260623_203847_709953,web_search,3,terminate,5,5,2,0.025166,0.986888
20260623_203847_709953,web_search,3,terminate,5,5,3,0.051660,0.996058
20260623_203847_709953,web_search,3,terminate,5,5,4,0.031461,0.998090
20260623_203847_709953,web_search,3,terminate,5,5,5,0.028948,0.990830
20260623_203847_709953,web_search,3,terminate,5,5,6,0.048309,0.990085
20260623_203847_709953,web_search,3,terminate,5,5,7,0.040074,0.987952
20260623_203847_709953,web_search,3,terminate,5,6,0,0.081300,0.985723
20260623_203847_709953,web_search,3,terminate,5,6,1,0.051958,0.993972
20260623_203847_709953,web_search,3,terminate,5,6,2,0.083210,0.961682
20260623_203847_709953,web_search,3,terminate,5,6,3,0.031700,0.985358
20260623_203847_709953,web_search,3,terminate,5,6,4,0.044202,0.989023
20260623_203847_709953,web_search,3,terminate,5,6,5,0.065027,0.986833
20260623_203847_709953,web_search,3,terminate,5,6,6,0.066077,0.990969
20260623_203847_709953,web_search,3,terminate,5,6,7,0.045615,0.987549
20260623_203847_709953,web_search,3,terminate,5,7,0,0.145073,0.989969
20260623_203847_709953,web_search,3,terminate,5,7,1,0.106445,0.975906
20260623_203847_709953,web_search,3,terminate,5,7,2,0.101386,0.993708
20260623_203847_709953,web_search,3,terminate,5,7,3,0.068633,0.980180
20260623_203847_709953,web_search,3,terminate,5,7,4,0.096222,0.990989
20260623_203847_709953,web_search,3,terminate,5,7,5,0.069459,0.979923
20260623_203847_709953,web_search,3,terminate,5,7,6,0.165375,0.984324
20260623_203847_709953,web_search,3,terminate,5,7,7,0.117006,0.986651
20260623_203847_709953,web_search,3,terminate,5,8,0,0.147624,0.986824
20260623_203847_709953,web_search,3,terminate,5,8,1,0.215107,0.975279
20260623_203847_709953,web_search,3,terminate,5,8,2,0.132815,0.991421
20260623_203847_709953,web_search,3,terminate,5,8,3,0.144356,0.983332
20260623_203847_709953,web_search,3,terminate,5,8,4,0.202074,0.975559
20260623_203847_709953,web_search,3,terminate,5,8,5,0.093774,0.987734
20260623_203847_709953,web_search,3,terminate,5,8,6,0.086604,0.991407
20260623_203847_709953,web_search,3,terminate,5,8,7,0.101111,0.986196
20260623_203847_709953,web_search,3,terminate,5,9,0,0.128405,0.988380
20260623_203847_709953,web_search,3,terminate,5,9,1,0.095303,0.991881
20260623_203847_709953,web_search,3,terminate,5,9,2,0.131400,0.985760
20260623_203847_709953,web_search,3,terminate,5,9,3,0.103054,0.988742
20260623_203847_709953,web_search,3,terminate,5,9,4,0.097164,0.988886
20260623_203847_709953,web_search,3,terminate,5,9,5,0.069127,0.987019
20260623_203847_709953,web_search,3,terminate,5,9,6,0.085681,0.986770
20260623_203847_709953,web_search,3,terminate,5,9,7,0.153788,0.985433
20260623_203847_709953,web_search,3,terminate,5,10,0,0.117776,0.990644
20260623_203847_709953,web_search,3,terminate,5,10,1,0.146677,0.983358
20260623_203847_709953,web_search,3,terminate,5,10,2,0.087053,0.986796
20260623_203847_709953,web_search,3,terminate,5,10,3,0.089005,0.977824
20260623_203847_709953,web_search,3,terminate,5,10,4,0.119769,0.989274
20260623_203847_709953,web_search,3,terminate,5,10,5,0.143377,0.992595
20260623_203847_709953,web_search,3,terminate,5,10,6,0.168722,0.978924
20260623_203847_709953,web_search,3,terminate,5,10,7,0.195832,0.984093
20260623_203847_709953,web_search,3,terminate,5,11,0,0.097014,0.983742
20260623_203847_709953,web_search,3,terminate,5,11,1,0.190317,0.990313
20260623_203847_709953,web_search,3,terminate,5,11,2,0.137209,0.974411
20260623_203847_709953,web_search,3,terminate,5,11,3,0.130939,0.985687
20260623_203847_709953,web_search,3,terminate,5,11,4,0.201271,0.983783
20260623_203847_709953,web_search,3,terminate,5,11,5,0.086751,0.983324
20260623_203847_709953,web_search,3,terminate,5,11,6,0.115195,0.987123
20260623_203847_709953,web_search,3,terminate,5,11,7,0.132356,0.988265
20260623_203847_709953,web_search,3,terminate,5,12,0,0.165258,0.987933
20260623_203847_709953,web_search,3,terminate,5,12,1,0.135003,0.985931
20260623_203847_709953,web_search,3,terminate,5,12,2,0.202265,0.991762
20260623_203847_709953,web_search,3,terminate,5,12,3,0.190142,0.980835
20260623_203847_709953,web_search,3,terminate,5,12,4,0.148050,0.980615
20260623_203847_709953,web_search,3,terminate,5,12,5,0.152671,0.980051
20260623_203847_709953,web_search,3,terminate,5,12,6,0.139441,0.973849
20260623_203847_709953,web_search,3,terminate,5,12,7,0.157586,0.973228
20260623_203847_709953,web_search,3,terminate,5,13,0,0.228451,0.990377
20260623_203847_709953,web_search,3,terminate,5,13,1,0.229635,0.974240
20260623_203847_709953,web_search,3,terminate,5,13,2,0.244039,0.985746
20260623_203847_709953,web_search,3,terminate,5,13,3,0.230510,0.980677
20260623_203847_709953,web_search,3,terminate,5,13,4,0.157344,0.977157
20260623_203847_709953,web_search,3,terminate,5,13,5,0.176573,0.958678
20260623_203847_709953,web_search,3,terminate,5,13,6,0.240999,0.990308
20260623_203847_709953,web_search,3,terminate,5,13,7,0.227493,0.981592
20260623_203847_709953,web_search,3,terminate,5,14,0,0.188416,0.954112
20260623_203847_709953,web_search,3,terminate,5,14,1,0.142212,0.971358
20260623_203847_709953,web_search,3,terminate,5,14,2,0.163049,0.991904
20260623_203847_709953,web_search,3,terminate,5,14,3,0.270726,0.985371
20260623_203847_709953,web_search,3,terminate,5,14,4,0.376384,0.989388
20260623_203847_709953,web_search,3,terminate,5,14,5,0.261006,0.986520
20260623_203847_709953,web_search,3,terminate,5,14,6,0.307515,0.978713
20260623_203847_709953,web_search,3,terminate,5,14,7,0.165280,0.981610
20260623_203847_709953,web_search,3,terminate,5,15,0,0.318592,0.981160
20260623_203847_709953,web_search,3,terminate,5,15,1,0.266957,0.987321
20260623_203847_709953,web_search,3,terminate,5,15,2,0.173578,0.988551
20260623_203847_709953,web_search,3,terminate,5,15,3,0.263807,0.964689
20260623_203847_709953,web_search,3,terminate,5,15,4,0.308524,0.986810
20260623_203847_709953,web_search,3,terminate,5,15,5,0.357575,0.988760
20260623_203847_709953,web_search,3,terminate,5,15,6,0.200944,0.989054
20260623_203847_709953,web_search,3,terminate,5,15,7,0.184633,0.988389
20260623_203847_709953,web_search,3,terminate,5,16,0,0.281845,0.984623
20260623_203847_709953,web_search,3,terminate,5,16,1,0.496459,0.980748
20260623_203847_709953,web_search,3,terminate,5,16,2,0.291571,0.980095
20260623_203847_709953,web_search,3,terminate,5,16,3,0.226010,0.982131
20260623_203847_709953,web_search,3,terminate,5,16,4,0.339995,0.977504
20260623_203847_709953,web_search,3,terminate,5,16,5,0.279806,0.979264
20260623_203847_709953,web_search,3,terminate,5,16,6,0.238113,0.985376
20260623_203847_709953,web_search,3,terminate,5,16,7,0.343952,0.987675
20260623_203847_709953,web_search,3,terminate,5,17,0,0.440726,0.975123
20260623_203847_709953,web_search,3,terminate,5,17,1,0.282799,0.987234
20260623_203847_709953,web_search,3,terminate,5,17,2,0.299893,0.978425
20260623_203847_709953,web_search,3,terminate,5,17,3,0.435096,0.985614
20260623_203847_709953,web_search,3,terminate,5,17,4,0.240281,0.986101
20260623_203847_709953,web_search,3,terminate,5,17,5,0.347995,0.984818
20260623_203847_709953,web_search,3,terminate,5,17,6,0.345244,0.976090
20260623_203847_709953,web_search,3,terminate,5,17,7,0.316599,0.982324
20260623_203847_709953,web_search,3,terminate,5,18,0,0.537335,0.985527
20260623_203847_709953,web_search,3,terminate,5,18,1,0.219909,0.986198
20260623_203847_709953,web_search,3,terminate,5,18,2,0.380746,0.985136
20260623_203847_709953,web_search,3,terminate,5,18,3,0.417539,0.987056
20260623_203847_709953,web_search,3,terminate,5,18,4,0.248876,0.989732
20260623_203847_709953,web_search,3,terminate,5,18,5,0.259765,0.988893
20260623_203847_709953,web_search,3,terminate,5,18,6,0.287973,0.987949
20260623_203847_709953,web_search,3,terminate,5,18,7,0.363772,0.984302
20260623_203847_709953,web_search,3,terminate,5,19,0,0.339381,0.984050
20260623_203847_709953,web_search,3,terminate,5,19,1,0.575668,0.992212
20260623_203847_709953,web_search,3,terminate,5,19,2,0.246106,0.974945
20260623_203847_709953,web_search,3,terminate,5,19,3,0.330338,0.987394
20260623_203847_709953,web_search,3,terminate,5,19,4,0.434225,0.986571
20260623_203847_709953,web_search,3,terminate,5,19,5,0.568725,0.984357
20260623_203847_709953,web_search,3,terminate,5,19,6,0.296738,0.978711
20260623_203847_709953,web_search,3,terminate,5,19,7,0.576968,0.977644
20260623_203847_709953,web_search,3,terminate,5,20,0,0.541890,0.985500
20260623_203847_709953,web_search,3,terminate,5,20,1,0.341659,0.988311
20260623_203847_709953,web_search,3,terminate,5,20,2,0.505342,0.978510
20260623_203847_709953,web_search,3,terminate,5,20,3,0.541932,0.981653
20260623_203847_709953,web_search,3,terminate,5,20,4,0.486341,0.984497
20260623_203847_709953,web_search,3,terminate,5,20,5,0.346286,0.977547
20260623_203847_709953,web_search,3,terminate,5,20,6,0.661206,0.991378
20260623_203847_709953,web_search,3,terminate,5,20,7,0.401736,0.983441
20260623_203847_709953,web_search,3,terminate,5,21,0,0.536402,0.987446
20260623_203847_709953,web_search,3,terminate,5,21,1,0.576281,0.990415
20260623_203847_709953,web_search,3,terminate,5,21,2,0.478781,0.989301
20260623_203847_709953,web_search,3,terminate,5,21,3,0.326496,0.972137
20260623_203847_709953,web_search,3,terminate,5,21,4,0.307917,0.984776
20260623_203847_709953,web_search,3,terminate,5,21,5,0.667223,0.986976
20260623_203847_709953,web_search,3,terminate,5,21,6,0.336410,0.974807
20260623_203847_709953,web_search,3,terminate,5,21,7,0.294241,0.977291
20260623_203847_709953,web_search,3,terminate,5,22,0,0.507586,0.982735
20260623_203847_709953,web_search,3,terminate,5,22,1,0.284994,0.976024
20260623_203847_709953,web_search,3,terminate,5,22,2,0.562438,0.974209
20260623_203847_709953,web_search,3,terminate,5,22,3,0.542129,0.984480
20260623_203847_709953,web_search,3,terminate,5,22,4,0.481824,0.986509
20260623_203847_709953,web_search,3,terminate,5,22,5,0.368239,0.983495
20260623_203847_709953,web_search,3,terminate,5,22,6,0.369711,0.972629
20260623_203847_709953,web_search,3,terminate,5,22,7,0.644052,0.986500
20260623_203847_709953,web_search,3,terminate,5,23,0,0.516489,0.975841
20260623_203847_709953,web_search,3,terminate,5,23,1,0.624251,0.980923
20260623_203847_709953,web_search,3,terminate,5,23,2,0.472372,0.983497
20260623_203847_709953,web_search,3,terminate,5,23,3,0.332573,0.983086
20260623_203847_709953,web_search,3,terminate,5,23,4,0.468923,0.984472
20260623_203847_709953,web_search,3,terminate,5,23,5,0.453023,0.979133
20260623_203847_709953,web_search,3,terminate,5,23,6,0.411340,0.989657
20260623_203847_709953,web_search,3,terminate,5,23,7,0.481106,0.980353
20260623_203847_709953,web_search,3,terminate,5,24,0,0.683989,0.988965
20260623_203847_709953,web_search,3,terminate,5,24,1,0.471849,0.988043
20260623_203847_709953,web_search,3,terminate,5,24,2,0.454469,0.985518
20260623_203847_709953,web_search,3,terminate,5,24,3,0.462663,0.981388
20260623_203847_709953,web_search,3,terminate,5,24,4,0.524525,0.983252
20260623_203847_709953,web_search,3,terminate,5,24,5,0.452940,0.974670
20260623_203847_709953,web_search,3,terminate,5,24,6,0.582708,0.982272
20260623_203847_709953,web_search,3,terminate,5,24,7,0.510191,0.977728
20260623_203847_709953,web_search,3,terminate,5,25,0,0.378315,0.975939
20260623_203847_709953,web_search,3,terminate,5,25,1,0.601546,0.979618
20260623_203847_709953,web_search,3,terminate,5,25,2,0.690351,0.981947
20260623_203847_709953,web_search,3,terminate,5,25,3,0.469484,0.967213
20260623_203847_709953,web_search,3,terminate,5,25,4,0.819228,0.980820
20260623_203847_709953,web_search,3,terminate,5,25,5,0.566809,0.981151
20260623_203847_709953,web_search,3,terminate,5,25,6,0.551919,0.974907
20260623_203847_709953,web_search,3,terminate,5,25,7,0.496596,0.986653
20260623_203847_709953,web_search,3,terminate,5,26,0,0.725445,0.969049
20260623_203847_709953,web_search,3,terminate,5,26,1,0.664984,0.983636
20260623_203847_709953,web_search,3,terminate,5,26,2,0.489916,0.979677
20260623_203847_709953,web_search,3,terminate,5,26,3,0.621092,0.984264
20260623_203847_709953,web_search,3,terminate,5,26,4,0.492371,0.988344
20260623_203847_709953,web_search,3,terminate,5,26,5,0.333009,0.984496
20260623_203847_709953,web_search,3,terminate,5,26,6,0.626872,0.987813
20260623_203847_709953,web_search,3,terminate,5,26,7,0.560483,0.986210
20260623_203847_709953,web_search,3,terminate,5,27,0,0.846582,0.987757
20260623_203847_709953,web_search,3,terminate,5,27,1,0.940133,0.981118
20260623_203847_709953,web_search,3,terminate,5,27,2,1.106389,0.973412
20260623_203847_709953,web_search,3,terminate,5,27,3,0.574382,0.980269
20260623_203847_709953,web_search,3,terminate,5,27,4,0.708676,0.974542
20260623_203847_709953,web_search,3,terminate,5,27,5,0.515388,0.979357
20260623_203847_709953,web_search,3,terminate,5,27,6,0.553667,0.990626
20260623_203847_709953,web_search,3,terminate,5,27,7,1.068057,0.989419
20260623_203847_709953,web_search,3,terminate,5,28,0,0.563069,0.984165
20260623_203847_709953,web_search,3,terminate,5,28,1,0.595279,0.979807
20260623_203847_709953,web_search,3,terminate,5,28,2,0.578924,0.980091
20260623_203847_709953,web_search,3,terminate,5,28,3,0.716431,0.968904
20260623_203847_709953,web_search,3,terminate,5,28,4,0.658252,0.991579
20260623_203847_709953,web_search,3,terminate,5,28,5,0.944044,0.979913
20260623_203847_709953,web_search,3,terminate,5,28,6,0.613893,0.990856
20260623_203847_709953,web_search,3,terminate,5,28,7,0.660308,0.970319
20260623_203847_709953,web_search,3,terminate,5,29,0,0.692081,0.978758
20260623_203847_709953,web_search,3,terminate,5,29,1,0.928089,0.974484
20260623_203847_709953,web_search,3,terminate,5,29,2,0.693876,0.969126
20260623_203847_709953,web_search,3,terminate,5,29,3,0.875838,0.991362
20260623_203847_709953,web_search,3,terminate,5,29,4,0.971394,0.990177
20260623_203847_709953,web_search,3,terminate,5,29,5,1.041790,0.975242
20260623_203847_709953,web_search,3,terminate,5,29,6,0.755364,0.979973
20260623_203847_709953,web_search,3,terminate,5,29,7,1.568949,0.983025
20260623_203847_709953,web_search,3,terminate,5,30,0,0.805017,0.976444
20260623_203847_709953,web_search,3,terminate,5,30,1,0.951840,0.977026
20260623_203847_709953,web_search,3,terminate,5,30,2,0.952220,0.981968
20260623_203847_709953,web_search,3,terminate,5,30,3,1.662267,0.978736
20260623_203847_709953,web_search,3,terminate,5,30,4,1.084268,0.986797
20260623_203847_709953,web_search,3,terminate,5,30,5,0.825834,0.977100
20260623_203847_709953,web_search,3,terminate,5,30,6,1.025186,0.973722
20260623_203847_709953,web_search,3,terminate,5,30,7,1.707670,0.987473
20260623_203847_709953,web_search,3,terminate,5,31,0,1.196168,0.977238
20260623_203847_709953,web_search,3,terminate,5,31,1,1.257375,0.989452
20260623_203847_709953,web_search,3,terminate,5,31,2,0.905879,0.984373
20260623_203847_709953,web_search,3,terminate,5,31,3,1.252612,0.979499
20260623_203847_709953,web_search,3,terminate,5,31,4,1.042427,0.991003
20260623_203847_709953,web_search,3,terminate,5,31,5,0.867645,0.975814
20260623_203847_709953,web_search,3,terminate,5,31,6,1.865772,0.985070
20260623_203847_709953,web_search,3,terminate,5,31,7,1.193984,0.971152
20260623_203847_709953,web_search,3,terminate,5,32,0,1.162224,0.986680
20260623_203847_709953,web_search,3,terminate,5,32,1,1.025881,0.969827
20260623_203847_709953,web_search,3,terminate,5,32,2,1.019979,0.975837
20260623_203847_709953,web_search,3,terminate,5,32,3,1.263190,0.984050
20260623_203847_709953,web_search,3,terminate,5,32,4,2.670745,0.988021
20260623_203847_709953,web_search,3,terminate,5,32,5,1.106544,0.983474
20260623_203847_709953,web_search,3,terminate,5,32,6,1.608827,0.985913
20260623_203847_709953,web_search,3,terminate,5,32,7,2.669055,0.985496
20260623_203847_709953,web_search,3,terminate,5,33,0,1.484411,0.979510
20260623_203847_709953,web_search,3,terminate,5,33,1,0.999454,0.987604
20260623_203847_709953,web_search,3,terminate,5,33,2,1.411419,0.986878
20260623_203847_709953,web_search,3,terminate,5,33,3,1.761981,0.971215
20260623_203847_709953,web_search,3,terminate,5,33,4,1.489557,0.968808
20260623_203847_709953,web_search,3,terminate,5,33,5,1.455824,0.988294
20260623_203847_709953,web_search,3,terminate,5,33,6,1.356273,0.977106
20260623_203847_709953,web_search,3,terminate,5,33,7,1.546013,0.978524
20260623_203847_709953,web_search,3,terminate,5,34,0,2.619499,0.986022
20260623_203847_709953,web_search,3,terminate,5,34,1,1.385446,0.982242
20260623_203847_709953,web_search,3,terminate,5,34,2,1.636922,0.986135
20260623_203847_709953,web_search,3,terminate,5,34,3,1.596964,0.988302
20260623_203847_709953,web_search,3,terminate,5,34,4,1.902845,0.985042
20260623_203847_709953,web_search,3,terminate,5,34,5,1.748315,0.978747
20260623_203847_709953,web_search,3,terminate,5,34,6,1.654046,0.982908
20260623_203847_709953,web_search,3,terminate,5,34,7,1.413167,0.986273
20260623_203847_709953,web_search,3,terminate,5,35,0,1.642345,0.989628
20260623_203847_709953,web_search,3,terminate,5,35,1,1.908158,0.974744
20260623_203847_709953,web_search,3,terminate,5,35,2,2.030438,0.978324
20260623_203847_709953,web_search,3,terminate,5,35,3,1.487708,0.985880
20260623_203847_709953,web_search,3,terminate,5,35,4,1.895785,0.990793
20260623_203847_709953,web_search,3,terminate,5,35,5,2.051498,0.982114
20260623_203847_709953,web_search,3,terminate,5,35,6,1.869460,0.986972
20260623_203847_709953,web_search,3,terminate,5,35,7,2.014373,0.986396
20260623_203847_709953,web_search,3,terminate,5,36,0,1.931586,0.984423
20260623_203847_709953,web_search,3,terminate,5,36,1,4.208438,0.988789
20260623_203847_709953,web_search,3,terminate,5,36,2,1.867027,0.984076
20260623_203847_709953,web_search,3,terminate,5,36,3,2.151466,0.985052
20260623_203847_709953,web_search,3,terminate,5,36,4,2.101972,0.982154
20260623_203847_709953,web_search,3,terminate,5,36,5,1.833992,0.984997
20260623_203847_709953,web_search,3,terminate,5,36,6,2.527748,0.984406
20260623_203847_709953,web_search,3,terminate,5,36,7,1.835943,0.987432
20260623_203847_709953,web_search,3,terminate,5,37,0,1.998130,0.985470
20260623_203847_709953,web_search,3,terminate,5,37,1,2.193611,0.982074
20260623_203847_709953,web_search,3,terminate,5,37,2,2.707644,0.982518
20260623_203847_709953,web_search,3,terminate,5,37,3,2.390881,0.976074
20260623_203847_709953,web_search,3,terminate,5,37,4,3.521953,0.982778
20260623_203847_709953,web_search,3,terminate,5,37,5,2.216306,0.989475
20260623_203847_709953,web_search,3,terminate,5,37,6,3.829002,0.986133
20260623_203847_709953,web_search,3,terminate,5,37,7,4.905519,0.991533
20260623_203847_709953,web_search,3,terminate,5,38,0,5.514571,0.988958
20260623_203847_709953,web_search,3,terminate,5,38,1,2.356545,0.982017
20260623_203847_709953,web_search,3,terminate,5,38,2,2.164252,0.984982
20260623_203847_709953,web_search,3,terminate,5,38,3,2.516435,0.979582
20260623_203847_709953,web_search,3,terminate,5,38,4,2.443038,0.978335
20260623_203847_709953,web_search,3,terminate,5,38,5,2.533357,0.980820
20260623_203847_709953,web_search,3,terminate,5,38,6,3.080947,0.994942
20260623_203847_709953,web_search,3,terminate,5,38,7,2.242832,0.989533
20260623_203847_709953,web_search,3,terminate,5,39,0,2.386070,0.976692
20260623_203847_709953,web_search,3,terminate,5,39,1,2.345653,0.961538
20260623_203847_709953,web_search,3,terminate,5,39,2,4.440326,0.991326
20260623_203847_709953,web_search,3,terminate,5,39,3,2.574809,0.990205
20260623_203847_709953,web_search,3,terminate,5,39,4,2.419328,0.975069
20260623_203847_709953,web_search,3,terminate,5,39,5,5.501280,0.992308
20260623_203847_709953,web_search,3,terminate,5,39,6,2.374042,0.976591
20260623_203847_709953,web_search,3,terminate,5,39,7,4.286362,0.993672
20260623_203847_709953,terminate,4,terminate,5,0,0,0.002345,0.999142
20260623_203847_709953,terminate,4,terminate,5,0,1,0.003685,0.999586
20260623_203847_709953,terminate,4,terminate,5,0,2,0.002899,0.999702
20260623_203847_709953,terminate,4,terminate,5,0,3,0.003689,0.999317
20260623_203847_709953,terminate,4,terminate,5,0,4,0.002466,0.999961
20260623_203847_709953,terminate,4,terminate,5,0,5,0.002114,0.998938
20260623_203847_709953,terminate,4,terminate,5,0,6,0.002675,0.999004
20260623_203847_709953,terminate,4,terminate,5,0,7,0.002609,0.999813
20260623_203847_709953,terminate,4,terminate,5,1,0,0.005755,0.999638
20260623_203847_709953,terminate,4,terminate,5,1,1,0.004325,0.999777
20260623_203847_709953,terminate,4,terminate,5,1,2,0.003356,0.998673
20260623_203847_709953,terminate,4,terminate,5,1,3,0.004614,0.999540
20260623_203847_709953,terminate,4,terminate,5,1,4,0.004370,0.999342
20260623_203847_709953,terminate,4,terminate,5,1,5,0.003427,0.999704
20260623_203847_709953,terminate,4,terminate,5,1,6,0.005692,0.997820
20260623_203847_709953,terminate,4,terminate,5,1,7,0.003942,0.999950
20260623_203847_709953,terminate,4,terminate,5,2,0,0.016277,0.996466
20260623_203847_709953,terminate,4,terminate,5,2,1,0.007724,0.998139
20260623_203847_709953,terminate,4,terminate,5,2,2,0.007565,0.994935
20260623_203847_709953,terminate,4,terminate,5,2,3,0.007692,0.997248
20260623_203847_709953,terminate,4,terminate,5,2,4,0.008717,0.999229
20260623_203847_709953,terminate,4,terminate,5,2,5,0.008036,0.996787
20260623_203847_709953,terminate,4,terminate,5,2,6,0.006303,0.997785
20260623_203847_709953,terminate,4,terminate,5,2,7,0.009838,0.997584
20260623_203847_709953,terminate,4,terminate,5,3,0,0.015524,0.997136
20260623_203847_709953,terminate,4,terminate,5,3,1,0.008428,0.998829
20260623_203847_709953,terminate,4,terminate,5,3,2,0.012756,0.996556
20260623_203847_709953,terminate,4,terminate,5,3,3,0.014283,0.995907
20260623_203847_709953,terminate,4,terminate,5,3,4,0.011565,0.995778
20260623_203847_709953,terminate,4,terminate,5,3,5,0.010728,0.997905
20260623_203847_709953,terminate,4,terminate,5,3,6,0.008614,0.997475
20260623_203847_709953,terminate,4,terminate,5,3,7,0.014693,0.995134
20260623_203847_709953,terminate,4,terminate,5,4,0,0.020533,0.996503
20260623_203847_709953,terminate,4,terminate,5,4,1,0.016525,0.995748
20260623_203847_709953,terminate,4,terminate,5,4,2,0.015912,0.999555
20260623_203847_709953,terminate,4,terminate,5,4,3,0.014546,0.995078
20260623_203847_709953,terminate,4,terminate,5,4,4,0.019048,0.996847
20260623_203847_709953,terminate,4,terminate,5,4,5,0.013247,0.998295
20260623_203847_709953,terminate,4,terminate,5,4,6,0.012409,0.995701
20260623_203847_709953,terminate,4,terminate,5,4,7,0.011816,0.997004
20260623_203847_709953,terminate,4,terminate,5,5,0,0.027737,0.998542
20260623_203847_709953,terminate,4,terminate,5,5,1,0.016386,0.998294
20260623_203847_709953,terminate,4,terminate,5,5,2,0.013030,0.996484
20260623_203847_709953,terminate,4,terminate,5,5,3,0.025660,0.999031
20260623_203847_709953,terminate,4,terminate,5,5,4,0.014198,0.999582
20260623_203847_709953,terminate,4,terminate,5,5,5,0.013156,0.998040
20260623_203847_709953,terminate,4,terminate,5,5,6,0.022589,0.997678
20260623_203847_709953,terminate,4,terminate,5,5,7,0.019046,0.997356
20260623_203847_709953,terminate,4,terminate,5,6,0,0.037036,0.996728
20260623_203847_709953,terminate,4,terminate,5,6,1,0.021676,0.998769
20260623_203847_709953,terminate,4,terminate,5,6,2,0.039731,0.991912
20260623_203847_709953,terminate,4,terminate,5,6,3,0.016540,0.995885
20260623_203847_709953,terminate,4,terminate,5,6,4,0.020316,0.997496
20260623_203847_709953,terminate,4,terminate,5,6,5,0.030366,0.997032
20260623_203847_709953,terminate,4,terminate,5,6,6,0.030009,0.997883
20260623_203847_709953,terminate,4,terminate,5,6,7,0.020648,0.997455
20260623_203847_709953,terminate,4,terminate,5,7,0,0.065231,0.997962
20260623_203847_709953,terminate,4,terminate,5,7,1,0.048733,0.994974
20260623_203847_709953,terminate,4,terminate,5,7,2,0.046423,0.998682
20260623_203847_709953,terminate,4,terminate,5,7,3,0.034953,0.994983
20260623_203847_709953,terminate,4,terminate,5,7,4,0.043616,0.998119
20260623_203847_709953,terminate,4,terminate,5,7,5,0.032690,0.995629
20260623_203847_709953,terminate,4,terminate,5,7,6,0.073696,0.997067
20260623_203847_709953,terminate,4,terminate,5,7,7,0.051582,0.997484
20260623_203847_709953,terminate,4,terminate,5,8,0,0.065116,0.997464
20260623_203847_709953,terminate,4,terminate,5,8,1,0.095363,0.995348
20260623_203847_709953,terminate,4,terminate,5,8,2,0.060564,0.998207
20260623_203847_709953,terminate,4,terminate,5,8,3,0.063226,0.996829
20260623_203847_709953,terminate,4,terminate,5,8,4,0.089323,0.995497
20260623_203847_709953,terminate,4,terminate,5,8,5,0.046037,0.997015
20260623_203847_709953,terminate,4,terminate,5,8,6,0.039941,0.998169
20260623_203847_709953,terminate,4,terminate,5,8,7,0.047742,0.996943
20260623_203847_709953,terminate,4,terminate,5,9,0,0.058640,0.997599
20260623_203847_709953,terminate,4,terminate,5,9,1,0.045805,0.998128
20260623_203847_709953,terminate,4,terminate,5,9,2,0.058333,0.997358
20260623_203847_709953,terminate,4,terminate,5,9,3,0.046936,0.997710
20260623_203847_709953,terminate,4,terminate,5,9,4,0.046963,0.997431
20260623_203847_709953,terminate,4,terminate,5,9,5,0.033093,0.996898
20260623_203847_709953,terminate,4,terminate,5,9,6,0.036957,0.997566
20260623_203847_709953,terminate,4,terminate,5,9,7,0.066796,0.997437
20260623_203847_709953,terminate,4,terminate,5,10,0,0.052741,0.998132
20260623_203847_709953,terminate,4,terminate,5,10,1,0.063352,0.996951
20260623_203847_709953,terminate,4,terminate,5,10,2,0.040306,0.997168
20260623_203847_709953,terminate,4,terminate,5,10,3,0.040361,0.995644
20260623_203847_709953,terminate,4,terminate,5,10,4,0.060338,0.997339
20260623_203847_709953,terminate,4,terminate,5,10,5,0.063490,0.998611
20260623_203847_709953,terminate,4,terminate,5,10,6,0.078250,0.995449
20260623_203847_709953,terminate,4,terminate,5,10,7,0.087339,0.997053
20260623_203847_709953,terminate,4,terminate,5,11,0,0.055136,0.994866
20260623_203847_709953,terminate,4,terminate,5,11,1,0.085650,0.998220
20260623_203847_709953,terminate,4,terminate,5,11,2,0.068298,0.993697
20260623_203847_709953,terminate,4,terminate,5,11,3,0.059771,0.996718
20260623_203847_709953,terminate,4,terminate,5,11,4,0.083304,0.997360
20260623_203847_709953,terminate,4,terminate,5,11,5,0.041474,0.996080
20260623_203847_709953,terminate,4,terminate,5,11,6,0.055766,0.996983
20260623_203847_709953,terminate,4,terminate,5,11,7,0.058839,0.997698
20260623_203847_709953,terminate,4,terminate,5,12,0,0.070820,0.997646
20260623_203847_709953,terminate,4,terminate,5,12,1,0.070321,0.995923
20260623_203847_709953,terminate,4,terminate,5,12,2,0.095462,0.998200
20260623_203847_709953,terminate,4,terminate,5,12,3,0.084719,0.996436
20260623_203847_709953,terminate,4,terminate,5,12,4,0.075643,0.994976
20260623_203847_709953,terminate,4,terminate,5,12,5,0.072059,0.995543
20260623_203847_709953,terminate,4,terminate,5,12,6,0.070676,0.993348
20260623_203847_709953,terminate,4,terminate,5,12,7,0.078007,0.993495
20260623_203847_709953,terminate,4,terminate,5,13,0,0.102035,0.998090
20260623_203847_709953,terminate,4,terminate,5,13,1,0.128227,0.992038
20260623_203847_709953,terminate,4,terminate,5,13,2,0.115536,0.996819
20260623_203847_709953,terminate,4,terminate,5,13,3,0.107399,0.995898
20260623_203847_709953,terminate,4,terminate,5,13,4,0.069602,0.995586
20260623_203847_709953,terminate,4,terminate,5,13,5,0.090898,0.989250
20260623_203847_709953,terminate,4,terminate,5,13,6,0.116768,0.997796
20260623_203847_709953,terminate,4,terminate,5,13,7,0.105436,0.996300
20260623_203847_709953,terminate,4,terminate,5,14,0,0.093793,0.988876
20260623_203847_709953,terminate,4,terminate,5,14,1,0.073896,0.992453
20260623_203847_709953,terminate,4,terminate,5,14,2,0.069342,0.998591
20260623_203847_709953,terminate,4,terminate,5,14,3,0.118119,0.997459
20260623_203847_709953,terminate,4,terminate,5,14,4,0.173280,0.997852
20260623_203847_709953,terminate,4,terminate,5,14,5,0.111127,0.997848
20260623_203847_709953,terminate,4,terminate,5,14,6,0.160352,0.994423
20260623_203847_709953,terminate,4,terminate,5,14,7,0.077448,0.995989
20260623_203847_709953,terminate,4,terminate,5,15,0,0.146172,0.995955
20260623_203847_709953,terminate,4,terminate,5,15,1,0.122846,0.997535
20260623_203847_709953,terminate,4,terminate,5,15,2,0.078556,0.997604
20260623_203847_709953,terminate,4,terminate,5,15,3,0.137516,0.990496
20260623_203847_709953,terminate,4,terminate,5,15,4,0.135714,0.997736
20260623_203847_709953,terminate,4,terminate,5,15,5,0.153322,0.997936
20260623_203847_709953,terminate,4,terminate,5,15,6,0.091382,0.997725
20260623_203847_709953,terminate,4,terminate,5,15,7,0.084092,0.997638
20260623_203847_709953,terminate,4,terminate,5,16,0,0.123880,0.997185
20260623_203847_709953,terminate,4,terminate,5,16,1,0.250846,0.995026
20260623_203847_709953,terminate,4,terminate,5,16,2,0.142423,0.995403
20260623_203847_709953,terminate,4,terminate,5,16,3,0.107541,0.995551
20260623_203847_709953,terminate,4,terminate,5,16,4,0.170109,0.994624
20260623_203847_709953,terminate,4,terminate,5,16,5,0.136624,0.995186
20260623_203847_709953,terminate,4,terminate,5,16,6,0.123141,0.996002
20260623_203847_709953,terminate,4,terminate,5,16,7,0.182687,0.996390
20260623_203847_709953,terminate,4,terminate,5,17,0,0.208300,0.994825
20260623_203847_709953,terminate,4,terminate,5,17,1,0.121240,0.997765
20260623_203847_709953,terminate,4,terminate,5,17,2,0.156908,0.993794
20260623_203847_709953,terminate,4,terminate,5,17,3,0.178078,0.997772
20260623_203847_709953,terminate,4,terminate,5,17,4,0.114723,0.996677
20260623_203847_709953,terminate,4,terminate,5,17,5,0.154671,0.996988
20260623_203847_709953,terminate,4,terminate,5,17,6,0.189597,0.992843
20260623_203847_709953,terminate,4,terminate,5,17,7,0.148301,0.996605
20260623_203847_709953,terminate,4,terminate,5,18,0,0.284657,0.996121
20260623_203847_709953,terminate,4,terminate,5,18,1,0.120734,0.995375
20260623_203847_709953,terminate,4,terminate,5,18,2,0.183727,0.996400
20260623_203847_709953,terminate,4,terminate,5,18,3,0.226285,0.996202
20260623_203847_709953,terminate,4,terminate,5,18,4,0.128170,0.997128
20260623_203847_709953,terminate,4,terminate,5,18,5,0.130675,0.997188
20260623_203847_709953,terminate,4,terminate,5,18,6,0.144997,0.996167
20260623_203847_709953,terminate,4,terminate,5,18,7,0.184295,0.995767
20260623_203847_709953,terminate,4,terminate,5,19,0,0.146313,0.997059
20260623_203847_709953,terminate,4,terminate,5,19,1,0.236939,0.998538
20260623_203847_709953,terminate,4,terminate,5,19,2,0.135157,0.992502
20260623_203847_709953,terminate,4,terminate,5,19,3,0.165524,0.996695
20260623_203847_709953,terminate,4,terminate,5,19,4,0.205668,0.996873
20260623_203847_709953,terminate,4,terminate,5,19,5,0.279748,0.995592
20260623_203847_709953,terminate,4,terminate,5,19,6,0.154277,0.994007
20260623_203847_709953,terminate,4,terminate,5,19,7,0.263150,0.995672
20260623_203847_709953,terminate,4,terminate,5,20,0,0.272775,0.995299
20260623_203847_709953,terminate,4,terminate,5,20,1,0.148200,0.997557
20260623_203847_709953,terminate,4,terminate,5,20,2,0.282892,0.993035
20260623_203847_709953,terminate,4,terminate,5,20,3,0.298295,0.992498
20260623_203847_709953,terminate,4,terminate,5,20,4,0.239971,0.995964
20260623_203847_709953,terminate,4,terminate,5,20,5,0.216306,0.991357
20260623_203847_709953,terminate,4,terminate,5,20,6,0.249298,0.998628
20260623_203847_709953,terminate,4,terminate,5,20,7,0.198873,0.995690
20260623_203847_709953,terminate,4,terminate,5,21,0,0.305763,0.995994
20260623_203847_709953,terminate,4,terminate,5,21,1,0.256865,0.998239
20260623_203847_709953,terminate,4,terminate,5,21,2,0.261139,0.996673
20260623_203847_709953,terminate,4,terminate,5,21,3,0.187622,0.990880
20260623_203847_709953,terminate,4,terminate,5,21,4,0.152517,0.996001
20260623_203847_709953,terminate,4,terminate,5,21,5,0.318781,0.996948
20260623_203847_709953,terminate,4,terminate,5,21,6,0.195201,0.991609
20260623_203847_709953,terminate,4,terminate,5,21,7,0.176769,0.991934
20260623_203847_709953,terminate,4,terminate,5,22,0,0.258340,0.995139
20260623_203847_709953,terminate,4,terminate,5,22,1,0.134830,0.994651
20260623_203847_709953,terminate,4,terminate,5,22,2,0.237036,0.995500
20260623_203847_709953,terminate,4,terminate,5,22,3,0.283265,0.995631
20260623_203847_709953,terminate,4,terminate,5,22,4,0.267649,0.995214
20260623_203847_709953,terminate,4,terminate,5,22,5,0.205526,0.994889
20260623_203847_709953,terminate,4,terminate,5,22,6,0.210133,0.991249
20260623_203847_709953,terminate,4,terminate,5,22,7,0.329204,0.996315
20260623_203847_709953,terminate,4,terminate,5,23,0,0.297345,0.991838
20260623_203847_709953,terminate,4,terminate,5,23,1,0.347856,0.993976
20260623_203847_709953,terminate,4,terminate,5,23,2,0.210717,0.996648
20260623_203847_709953,terminate,4,terminate,5,23,3,0.178634,0.995068
20260623_203847_709953,terminate,4,terminate,5,23,4,0.237031,0.995422
20260623_203847_709953,terminate,4,terminate,5,23,5,0.236525,0.994056
20260623_203847_709953,terminate,4,terminate,5,23,6,0.196450,0.997281
20260623_203847_709953,terminate,4,terminate,5,23,7,0.278313,0.992878
20260623_203847_709953,terminate,4,terminate,5,24,0,0.389315,0.996493
20260623_203847_709953,terminate,4,terminate,5,24,1,0.245286,0.996720
20260623_203847_709953,terminate,4,terminate,5,24,2,0.206386,0.997041
20260623_203847_709953,terminate,4,terminate,5,24,3,0.267356,0.993712
20260623_203847_709953,terminate,4,terminate,5,24,4,0.321288,0.993738
20260623_203847_709953,terminate,4,terminate,5,24,5,0.299648,0.988825
20260623_203847_709953,terminate,4,terminate,5,24,6,0.289484,0.994974
20260623_203847_709953,terminate,4,terminate,5,24,7,0.262622,0.994064
20260623_203847_709953,terminate,4,terminate,5,25,0,0.208945,0.992748
20260623_203847_709953,terminate,4,terminate,5,25,1,0.309757,0.994618
20260623_203847_709953,terminate,4,terminate,5,25,2,0.330741,0.995728
20260623_203847_709953,terminate,4,terminate,5,25,3,0.306711,0.986063
20260623_203847_709953,terminate,4,terminate,5,25,4,0.505504,0.992712
20260623_203847_709953,terminate,4,terminate,5,25,5,0.291083,0.994953
20260623_203847_709953,terminate,4,terminate,5,25,6,0.361411,0.989442
20260623_203847_709953,terminate,4,terminate,5,25,7,0.238640,0.996579
20260623_203847_709953,terminate,4,terminate,5,26,0,0.387419,0.990843
20260623_203847_709953,terminate,4,terminate,5,26,1,0.323328,0.996235
20260623_203847_709953,terminate,4,terminate,5,26,2,0.278657,0.993527
20260623_203847_709953,terminate,4,terminate,5,26,3,0.368601,0.994427
20260623_203847_709953,terminate,4,terminate,5,26,4,0.230355,0.997498
20260623_203847_709953,terminate,4,terminate,5,26,5,0.191476,0.994834
20260623_203847_709953,terminate,4,terminate,5,26,6,0.335895,0.996364
20260623_203847_709953,terminate,4,terminate,5,26,7,0.310382,0.995727
20260623_203847_709953,terminate,4,terminate,5,27,0,0.462686,0.996248
20260623_203847_709953,terminate,4,terminate,5,27,1,0.423184,0.996202
20260623_203847_709953,terminate,4,terminate,5,27,2,0.633670,0.991572
20260623_203847_709953,terminate,4,terminate,5,27,3,0.310210,0.994245
20260623_203847_709953,terminate,4,terminate,5,27,4,0.418672,0.991256
20260623_203847_709953,terminate,4,terminate,5,27,5,0.288832,0.993245
20260623_203847_709953,terminate,4,terminate,5,27,6,0.268250,0.997787
20260623_203847_709953,terminate,4,terminate,5,27,7,0.472474,0.998170
20260623_203847_709953,terminate,4,terminate,5,28,0,0.343622,0.994068
20260623_203847_709953,terminate,4,terminate,5,28,1,0.364087,0.992571
20260623_203847_709953,terminate,4,terminate,5,28,2,0.313555,0.994219
20260623_203847_709953,terminate,4,terminate,5,28,3,0.342132,0.993579
20260623_203847_709953,terminate,4,terminate,5,28,4,0.394795,0.996716
20260623_203847_709953,terminate,4,terminate,5,28,5,0.621915,0.991273
20260623_203847_709953,terminate,4,terminate,5,28,6,0.274107,0.998156
20260623_203847_709953,terminate,4,terminate,5,28,7,0.402809,0.989058
20260623_203847_709953,terminate,4,terminate,5,29,0,0.434518,0.991672
20260623_203847_709953,terminate,4,terminate,5,29,1,0.439873,0.994459
20260623_203847_709953,terminate,4,terminate,5,29,2,0.396513,0.989935
20260623_203847_709953,terminate,4,terminate,5,29,3,0.447655,0.997756
20260623_203847_709953,terminate,4,terminate,5,29,4,0.526029,0.997112
20260623_203847_709953,terminate,4,terminate,5,29,5,0.538601,0.993378
20260623_203847_709953,terminate,4,terminate,5,29,6,0.427079,0.993570
20260623_203847_709953,terminate,4,terminate,5,29,7,0.717782,0.996531
20260623_203847_709953,terminate,4,terminate,5,30,0,0.406308,0.994104
20260623_203847_709953,terminate,4,terminate,5,30,1,0.555728,0.992254
20260623_203847_709953,terminate,4,terminate,5,30,2,0.434143,0.996368
20260623_203847_709953,terminate,4,terminate,5,30,3,0.987878,0.992223
20260623_203847_709953,terminate,4,terminate,5,30,4,0.637896,0.995492
20260623_203847_709953,terminate,4,terminate,5,30,5,0.495106,0.991788
20260623_203847_709953,terminate,4,terminate,5,30,6,0.551857,0.992341
20260623_203847_709953,terminate,4,terminate,5,30,7,0.876694,0.996880
20260623_203847_709953,terminate,4,terminate,5,31,0,0.694275,0.991685
20260623_203847_709953,terminate,4,terminate,5,31,1,0.610699,0.997543
20260623_203847_709953,terminate,4,terminate,5,31,2,0.460436,0.995957
20260623_203847_709953,terminate,4,terminate,5,31,3,0.758943,0.992252
20260623_203847_709953,terminate,4,terminate,5,31,4,0.548545,0.997597
20260623_203847_709953,terminate,4,terminate,5,31,5,0.533810,0.990928
20260623_203847_709953,terminate,4,terminate,5,31,6,0.861774,0.996876
20260623_203847_709953,terminate,4,terminate,5,31,7,0.846483,0.985562
20260623_203847_709953,terminate,4,terminate,5,32,0,0.603890,0.996414
20260623_203847_709953,terminate,4,terminate,5,32,1,0.608827,0.989396
20260623_203847_709953,terminate,4,terminate,5,32,2,0.568400,0.992567
20260623_203847_709953,terminate,4,terminate,5,32,3,0.692038,0.995294
20260623_203847_709953,terminate,4,terminate,5,32,4,1.129695,0.998012
20260623_203847_709953,terminate,4,terminate,5,32,5,0.630808,0.994642
20260623_203847_709953,terminate,4,terminate,5,32,6,0.732885,0.997105
20260623_203847_709953,terminate,4,terminate,5,32,7,1.209204,0.997189
20260623_203847_709953,terminate,4,terminate,5,33,0,0.777763,0.994388
20260623_203847_709953,terminate,4,terminate,5,33,1,0.525850,0.996520
20260623_203847_709953,terminate,4,terminate,5,33,2,0.719008,0.996309
20260623_203847_709953,terminate,4,terminate,5,33,3,1.083410,0.989119
20260623_203847_709953,terminate,4,terminate,5,33,4,0.830808,0.990202
20260623_203847_709953,terminate,4,terminate,5,33,5,0.773109,0.996880
20260623_203847_709953,terminate,4,terminate,5,33,6,0.708522,0.993861
20260623_203847_709953,terminate,4,terminate,5,33,7,0.855570,0.993428
20260623_203847_709953,terminate,4,terminate,5,34,0,1.157647,0.997228
20260623_203847_709953,terminate,4,terminate,5,34,1,0.704413,0.995488
20260623_203847_709953,terminate,4,terminate,5,34,2,0.837980,0.996409
20260623_203847_709953,terminate,4,terminate,5,34,3,0.921465,0.995997
20260623_203847_709953,terminate,4,terminate,5,34,4,0.916198,0.996563
20260623_203847_709953,terminate,4,terminate,5,34,5,0.902066,0.994399
20260623_203847_709953,terminate,4,terminate,5,34,6,0.875202,0.995231
20260623_203847_709953,terminate,4,terminate,5,34,7,0.718021,0.996505
20260623_203847_709953,terminate,4,terminate,5,35,0,0.978496,0.996315
20260623_203847_709953,terminate,4,terminate,5,35,1,0.986703,0.993379
20260623_203847_709953,terminate,4,terminate,5,35,2,1.141032,0.993233
20260623_203847_709953,terminate,4,terminate,5,35,3,0.821721,0.995739
20260623_203847_709953,terminate,4,terminate,5,35,4,0.944683,0.997672
20260623_203847_709953,terminate,4,terminate,5,35,5,1.057868,0.995269
20260623_203847_709953,terminate,4,terminate,5,35,6,1.057532,0.995872
20260623_203847_709953,terminate,4,terminate,5,35,7,0.982640,0.996707
20260623_203847_709953,terminate,4,terminate,5,36,0,1.089814,0.995078
20260623_203847_709953,terminate,4,terminate,5,36,1,1.849343,0.997802
20260623_203847_709953,terminate,4,terminate,5,36,2,0.951848,0.995764
20260623_203847_709953,terminate,4,terminate,5,36,3,0.969219,0.997121
20260623_203847_709953,terminate,4,terminate,5,36,4,1.104455,0.995098
20260623_203847_709953,terminate,4,terminate,5,36,5,1.017882,0.995462
20260623_203847_709953,terminate,4,terminate,5,36,6,1.307997,0.995771
20260623_203847_709953,terminate,4,terminate,5,36,7,0.985643,0.996396
20260623_203847_709953,terminate,4,terminate,5,37,0,1.136410,0.995226
20260623_203847_709953,terminate,4,terminate,5,37,1,1.171090,0.994994
20260623_203847_709953,terminate,4,terminate,5,37,2,1.368109,0.995582
20260623_203847_709953,terminate,4,terminate,5,37,3,1.395938,0.991880
20260623_203847_709953,terminate,4,terminate,5,37,4,1.624684,0.996380
20260623_203847_709953,terminate,4,terminate,5,37,5,1.107868,0.997233
20260623_203847_709953,terminate,4,terminate,5,37,6,1.745530,0.997299
20260623_203847_709953,terminate,4,terminate,5,37,7,2.153422,0.998430
20260623_203847_709953,terminate,4,terminate,5,38,0,2.360445,0.997949
20260623_203847_709953,terminate,4,terminate,5,38,1,1.273516,0.994588
20260623_203847_709953,terminate,4,terminate,5,38,2,1.190114,0.995223
20260623_203847_709953,terminate,4,terminate,5,38,3,1.276316,0.994805
20260623_203847_709953,terminate,4,terminate,5,38,4,1.267455,0.994266
20260623_203847_709953,terminate,4,terminate,5,38,5,1.184330,0.995680
20260623_203847_709953,terminate,4,terminate,5,38,6,1.457676,0.998839
20260623_203847_709953,terminate,4,terminate,5,38,7,1.354613,0.996067
20260623_203847_709953,terminate,4,terminate,5,39,0,1.251418,0.993663
20260623_203847_709953,terminate,4,terminate,5,39,1,1.166827,0.990725
20260623_203847_709953,terminate,4,terminate,5,39,2,1.855342,0.998516
20260623_203847_709953,terminate,4,terminate,5,39,3,1.114024,0.997865
20260623_203847_709953,terminate,4,terminate,5,39,4,1.433847,0.991363
20260623_203847_709953,terminate,4,terminate,5,39,5,2.393409,0.998617
20260623_203847_709953,terminate,4,terminate,5,39,6,1.137519,0.994454
20260623_203847_709953,terminate,4,terminate,5,39,7,1.792132,0.998923
