run_id,tool_a,call_a,tool_b,call_b,layer,head,l2,cosine,input_tokens_a,input_tokens_b,overlap_tokens,overlap_pct_a,overlap_pct_b
20260630_211325_905015,,0,terminate,1,0,0,0.163851,0.334895,1901,2534,1901,100.00,75.02
20260630_211325_905015,,0,terminate,1,0,1,0.245524,0.428691,1901,2534,1901,100.00,75.02
20260630_211325_905015,,0,terminate,1,0,2,0.209908,0.668022,1901,2534,1901,100.00,75.02
20260630_211325_905015,,0,terminate,1,0,3,0.320053,0.187897,1901,2534,1901,100.00,75.02
20260630_211325_905015,,0,terminate,1,0,4,0.262887,0.740135,1901,2534,1901,100.00,75.02
20260630_211325_905015,,0,terminate,1,0,5,0.226529,0.217713,1901,2534,1901,100.00,75.02
20260630_211325_905015,,0,terminate,1,0,6,0.207039,0.442857,1901,2534,1901,100.00,75.02
20260630_211325_905015,,0,terminate,1,0,7,0.199120,0.690665,1901,2534,1901,100.00,75.02
20260630_211325_905015,,0,terminate,1,1,0,0.335050,0.309245,1901,2534,1901,100.00,75.02
20260630_211325_905015,,0,terminate,1,1,1,0.195438,0.182814,1901,2534,1901,100.00,75.02
20260630_211325_905015,,0,terminate,1,1,2,0.299048,-0.112413,1901,2534,1901,100.00,75.02
20260630_211325_905015,,0,terminate,1,1,3,0.352337,0.168650,1901,2534,1901,100.00,75.02
20260630_211325_905015,,0,terminate,1,1,4,0.296584,0.083721,1901,2534,1901,100.00,75.02
20260630_211325_905015,,0,terminate,1,1,5,0.232025,0.269148,1901,2534,1901,100.00,75.02
20260630_211325_905015,,0,terminate,1,1,6,0.237951,0.198579,1901,2534,1901,100.00,75.02
20260630_211325_905015,,0,terminate,1,1,7,0.320257,0.790202,1901,2534,1901,100.00,75.02
20260630_211325_905015,,0,terminate,1,2,0,0.526952,-0.097503,1901,2534,1901,100.00,75.02
20260630_211325_905015,,0,terminate,1,2,1,0.449745,-0.117614,1901,2534,1901,100.00,75.02
20260630_211325_905015,,0,terminate,1,2,2,0.291175,-0.009675,1901,2534,1901,100.00,75.02
20260630_211325_905015,,0,terminate,1,2,3,0.269260,0.261744,1901,2534,1901,100.00,75.02
20260630_211325_905015,,0,terminate,1,2,4,0.290469,0.435428,1901,2534,1901,100.00,75.02
20260630_211325_905015,,0,terminate,1,2,5,0.323181,0.049981,1901,2534,1901,100.00,75.02
20260630_211325_905015,,0,terminate,1,2,6,0.341038,0.037783,1901,2534,1901,100.00,75.02
20260630_211325_905015,,0,terminate,1,2,7,0.536642,-0.029903,1901,2534,1901,100.00,75.02
20260630_211325_905015,,0,terminate,1,3,0,0.642038,-0.278335,1901,2534,1901,100.00,75.02
20260630_211325_905015,,0,terminate,1,3,1,0.335649,0.486415,1901,2534,1901,100.00,75.02
20260630_211325_905015,,0,terminate,1,3,2,0.531145,-0.043313,1901,2534,1901,100.00,75.02
20260630_211325_905015,,0,terminate,1,3,3,0.455138,-0.105546,1901,2534,1901,100.00,75.02
20260630_211325_905015,,0,terminate,1,3,4,0.501176,-0.144948,1901,2534,1901,100.00,75.02
20260630_211325_905015,,0,terminate,1,3,5,0.430725,-0.049024,1901,2534,1901,100.00,75.02
20260630_211325_905015,,0,terminate,1,3,6,0.358295,0.177403,1901,2534,1901,100.00,75.02
20260630_211325_905015,,0,terminate,1,3,7,0.600442,-0.023459,1901,2534,1901,100.00,75.02
20260630_211325_905015,,0,terminate,1,4,0,0.533106,-0.131320,1901,2534,1901,100.00,75.02
20260630_211325_905015,,0,terminate,1,4,1,0.445035,0.064297,1901,2534,1901,100.00,75.02
20260630_211325_905015,,0,terminate,1,4,2,0.462312,0.673177,1901,2534,1901,100.00,75.02
20260630_211325_905015,,0,terminate,1,4,3,0.491265,0.029122,1901,2534,1901,100.00,75.02
20260630_211325_905015,,0,terminate,1,4,4,0.540240,0.163152,1901,2534,1901,100.00,75.02
20260630_211325_905015,,0,terminate,1,4,5,0.471617,-0.023225,1901,2534,1901,100.00,75.02
20260630_211325_905015,,0,terminate,1,4,6,0.546962,0.200605,1901,2534,1901,100.00,75.02
20260630_211325_905015,,0,terminate,1,4,7,0.409397,0.203266,1901,2534,1901,100.00,75.02
20260630_211325_905015,,0,terminate,1,5,0,0.634087,0.535771,1901,2534,1901,100.00,75.02
20260630_211325_905015,,0,terminate,1,5,1,0.576180,0.012270,1901,2534,1901,100.00,75.02
20260630_211325_905015,,0,terminate,1,5,2,0.434205,0.271490,1901,2534,1901,100.00,75.02
20260630_211325_905015,,0,terminate,1,5,3,0.637519,0.624403,1901,2534,1901,100.00,75.02
20260630_211325_905015,,0,terminate,1,5,4,0.448348,0.644766,1901,2534,1901,100.00,75.02
20260630_211325_905015,,0,terminate,1,5,5,0.443015,0.133876,1901,2534,1901,100.00,75.02
20260630_211325_905015,,0,terminate,1,5,6,0.698284,-0.231173,1901,2534,1901,100.00,75.02
20260630_211325_905015,,0,terminate,1,5,7,0.468744,0.304354,1901,2534,1901,100.00,75.02
20260630_211325_905015,,0,terminate,1,6,0,0.781921,-0.042291,1901,2534,1901,100.00,75.02
20260630_211325_905015,,0,terminate,1,6,1,0.550972,0.324643,1901,2534,1901,100.00,75.02
20260630_211325_905015,,0,terminate,1,6,2,0.627624,0.021677,1901,2534,1901,100.00,75.02
20260630_211325_905015,,0,terminate,1,6,3,0.457639,0.167569,1901,2534,1901,100.00,75.02
20260630_211325_905015,,0,terminate,1,6,4,0.586714,0.026527,1901,2534,1901,100.00,75.02
20260630_211325_905015,,0,terminate,1,6,5,0.668719,0.236727,1901,2534,1901,100.00,75.02
20260630_211325_905015,,0,terminate,1,6,6,0.712665,-0.032483,1901,2534,1901,100.00,75.02
20260630_211325_905015,,0,terminate,1,6,7,0.533885,0.338317,1901,2534,1901,100.00,75.02
20260630_211325_905015,,0,terminate,1,7,0,1.392797,0.328207,1901,2534,1901,100.00,75.02
20260630_211325_905015,,0,terminate,1,7,1,1.225540,0.116034,1901,2534,1901,100.00,75.02
20260630_211325_905015,,0,terminate,1,7,2,1.088494,0.582712,1901,2534,1901,100.00,75.02
20260630_211325_905015,,0,terminate,1,7,3,0.907160,0.211295,1901,2534,1901,100.00,75.02
20260630_211325_905015,,0,terminate,1,7,4,1.344032,0.199169,1901,2534,1901,100.00,75.02
20260630_211325_905015,,0,terminate,1,7,5,0.959071,0.173264,1901,2534,1901,100.00,75.02
20260630_211325_905015,,0,terminate,1,7,6,1.358266,0.248567,1901,2534,1901,100.00,75.02
20260630_211325_905015,,0,terminate,1,7,7,1.452674,0.511245,1901,2534,1901,100.00,75.02
20260630_211325_905015,,0,terminate,1,8,0,1.071453,0.251892,1901,2534,1901,100.00,75.02
20260630_211325_905015,,0,terminate,1,8,1,1.298001,0.188201,1901,2534,1901,100.00,75.02
20260630_211325_905015,,0,terminate,1,8,2,1.085163,0.379533,1901,2534,1901,100.00,75.02
20260630_211325_905015,,0,terminate,1,8,3,1.073734,0.384198,1901,2534,1901,100.00,75.02
20260630_211325_905015,,0,terminate,1,8,4,1.250248,0.227876,1901,2534,1901,100.00,75.02
20260630_211325_905015,,0,terminate,1,8,5,0.788214,0.482847,1901,2534,1901,100.00,75.02
20260630_211325_905015,,0,terminate,1,8,6,1.099609,0.140523,1901,2534,1901,100.00,75.02
20260630_211325_905015,,0,terminate,1,8,7,0.984909,0.462139,1901,2534,1901,100.00,75.02
20260630_211325_905015,,0,terminate,1,9,0,1.165950,0.304955,1901,2534,1901,100.00,75.02
20260630_211325_905015,,0,terminate,1,9,1,0.845810,0.402146,1901,2534,1901,100.00,75.02
20260630_211325_905015,,0,terminate,1,9,2,0.979654,0.101795,1901,2534,1901,100.00,75.02
20260630_211325_905015,,0,terminate,1,9,3,0.787062,0.380187,1901,2534,1901,100.00,75.02
20260630_211325_905015,,0,terminate,1,9,4,0.963239,0.274130,1901,2534,1901,100.00,75.02
20260630_211325_905015,,0,terminate,1,9,5,0.782803,0.299491,1901,2534,1901,100.00,75.02
20260630_211325_905015,,0,terminate,1,9,6,0.893245,0.178689,1901,2534,1901,100.00,75.02
20260630_211325_905015,,0,terminate,1,9,7,0.671642,0.497214,1901,2534,1901,100.00,75.02
20260630_211325_905015,,0,terminate,1,10,0,1.123206,0.481902,1901,2534,1901,100.00,75.02
20260630_211325_905015,,0,terminate,1,10,1,1.027609,0.055192,1901,2534,1901,100.00,75.02
20260630_211325_905015,,0,terminate,1,10,2,0.914022,0.401124,1901,2534,1901,100.00,75.02
20260630_211325_905015,,0,terminate,1,10,3,0.808002,0.154238,1901,2534,1901,100.00,75.02
20260630_211325_905015,,0,terminate,1,10,4,1.074608,0.312617,1901,2534,1901,100.00,75.02
20260630_211325_905015,,0,terminate,1,10,5,0.928609,0.528961,1901,2534,1901,100.00,75.02
20260630_211325_905015,,0,terminate,1,10,6,0.933318,0.161943,1901,2534,1901,100.00,75.02
20260630_211325_905015,,0,terminate,1,10,7,1.228913,0.077783,1901,2534,1901,100.00,75.02
20260630_211325_905015,,0,terminate,1,11,0,1.016912,0.237460,1901,2534,1901,100.00,75.02
20260630_211325_905015,,0,terminate,1,11,1,1.077836,0.286229,1901,2534,1901,100.00,75.02
20260630_211325_905015,,0,terminate,1,11,2,0.960427,0.248963,1901,2534,1901,100.00,75.02
20260630_211325_905015,,0,terminate,1,11,3,1.026968,0.246809,1901,2534,1901,100.00,75.02
20260630_211325_905015,,0,terminate,1,11,4,1.605432,0.196572,1901,2534,1901,100.00,75.02
20260630_211325_905015,,0,terminate,1,11,5,0.843461,0.304993,1901,2534,1901,100.00,75.02
20260630_211325_905015,,0,terminate,1,11,6,1.322769,0.374381,1901,2534,1901,100.00,75.02
20260630_211325_905015,,0,terminate,1,11,7,1.075194,0.137470,1901,2534,1901,100.00,75.02
20260630_211325_905015,,0,terminate,1,12,0,1.035205,0.299994,1901,2534,1901,100.00,75.02
20260630_211325_905015,,0,terminate,1,12,1,1.427982,0.226578,1901,2534,1901,100.00,75.02
20260630_211325_905015,,0,terminate,1,12,2,1.235417,0.621308,1901,2534,1901,100.00,75.02
20260630_211325_905015,,0,terminate,1,12,3,1.142360,0.200034,1901,2534,1901,100.00,75.02
20260630_211325_905015,,0,terminate,1,12,4,1.040319,0.343646,1901,2534,1901,100.00,75.02
20260630_211325_905015,,0,terminate,1,12,5,1.421898,-0.068741,1901,2534,1901,100.00,75.02
20260630_211325_905015,,0,terminate,1,12,6,1.081235,0.279872,1901,2534,1901,100.00,75.02
20260630_211325_905015,,0,terminate,1,12,7,1.237689,0.047034,1901,2534,1901,100.00,75.02
20260630_211325_905015,,0,terminate,1,13,0,1.702032,-0.137806,1901,2534,1901,100.00,75.02
20260630_211325_905015,,0,terminate,1,13,1,1.231934,0.376579,1901,2534,1901,100.00,75.02
20260630_211325_905015,,0,terminate,1,13,2,1.892792,0.393822,1901,2534,1901,100.00,75.02
20260630_211325_905015,,0,terminate,1,13,3,1.837543,0.281591,1901,2534,1901,100.00,75.02
20260630_211325_905015,,0,terminate,1,13,4,1.110544,0.229137,1901,2534,1901,100.00,75.02
20260630_211325_905015,,0,terminate,1,13,5,1.131457,0.193428,1901,2534,1901,100.00,75.02
20260630_211325_905015,,0,terminate,1,13,6,1.850745,0.275973,1901,2534,1901,100.00,75.02
20260630_211325_905015,,0,terminate,1,13,7,1.285249,0.223412,1901,2534,1901,100.00,75.02
20260630_211325_905015,,0,terminate,1,14,0,1.125586,0.217262,1901,2534,1901,100.00,75.02
20260630_211325_905015,,0,terminate,1,14,1,1.006262,0.315353,1901,2534,1901,100.00,75.02
20260630_211325_905015,,0,terminate,1,14,2,1.006267,0.115146,1901,2534,1901,100.00,75.02
20260630_211325_905015,,0,terminate,1,14,3,1.212110,-0.084990,1901,2534,1901,100.00,75.02
20260630_211325_905015,,0,terminate,1,14,4,1.435023,0.418424,1901,2534,1901,100.00,75.02
20260630_211325_905015,,0,terminate,1,14,5,1.137703,0.159048,1901,2534,1901,100.00,75.02
20260630_211325_905015,,0,terminate,1,14,6,1.675446,0.288418,1901,2534,1901,100.00,75.02
20260630_211325_905015,,0,terminate,1,14,7,0.969819,0.216480,1901,2534,1901,100.00,75.02
20260630_211325_905015,,0,terminate,1,15,0,1.294460,0.332024,1901,2534,1901,100.00,75.02
20260630_211325_905015,,0,terminate,1,15,1,1.350237,0.260080,1901,2534,1901,100.00,75.02
20260630_211325_905015,,0,terminate,1,15,2,1.085825,0.104445,1901,2534,1901,100.00,75.02
20260630_211325_905015,,0,terminate,1,15,3,1.120996,0.142787,1901,2534,1901,100.00,75.02
20260630_211325_905015,,0,terminate,1,15,4,1.512016,0.287208,1901,2534,1901,100.00,75.02
20260630_211325_905015,,0,terminate,1,15,5,1.654922,0.072837,1901,2534,1901,100.00,75.02
20260630_211325_905015,,0,terminate,1,15,6,1.029168,0.357444,1901,2534,1901,100.00,75.02
20260630_211325_905015,,0,terminate,1,15,7,1.154741,0.342341,1901,2534,1901,100.00,75.02
20260630_211325_905015,,0,terminate,1,16,0,1.157963,0.019139,1901,2534,1901,100.00,75.02
20260630_211325_905015,,0,terminate,1,16,1,1.037876,0.137503,1901,2534,1901,100.00,75.02
20260630_211325_905015,,0,terminate,1,16,2,1.454332,0.185341,1901,2534,1901,100.00,75.02
20260630_211325_905015,,0,terminate,1,16,3,1.150838,0.078270,1901,2534,1901,100.00,75.02
20260630_211325_905015,,0,terminate,1,16,4,1.599167,0.256598,1901,2534,1901,100.00,75.02
20260630_211325_905015,,0,terminate,1,16,5,1.566904,0.126457,1901,2534,1901,100.00,75.02
20260630_211325_905015,,0,terminate,1,16,6,1.308198,0.447668,1901,2534,1901,100.00,75.02
20260630_211325_905015,,0,terminate,1,16,7,1.245346,0.297032,1901,2534,1901,100.00,75.02
20260630_211325_905015,,0,terminate,1,17,0,1.432562,0.151001,1901,2534,1901,100.00,75.02
20260630_211325_905015,,0,terminate,1,17,1,0.825237,0.515252,1901,2534,1901,100.00,75.02
20260630_211325_905015,,0,terminate,1,17,2,1.585933,0.065153,1901,2534,1901,100.00,75.02
20260630_211325_905015,,0,terminate,1,17,3,1.274562,0.140539,1901,2534,1901,100.00,75.02
20260630_211325_905015,,0,terminate,1,17,4,1.270573,0.178411,1901,2534,1901,100.00,75.02
20260630_211325_905015,,0,terminate,1,17,5,1.390357,0.132251,1901,2534,1901,100.00,75.02
20260630_211325_905015,,0,terminate,1,17,6,1.459258,0.293564,1901,2534,1901,100.00,75.02
20260630_211325_905015,,0,terminate,1,17,7,1.671413,0.019882,1901,2534,1901,100.00,75.02
20260630_211325_905015,,0,terminate,1,18,0,2.439365,-0.099450,1901,2534,1901,100.00,75.02
20260630_211325_905015,,0,terminate,1,18,1,1.251558,0.130449,1901,2534,1901,100.00,75.02
20260630_211325_905015,,0,terminate,1,18,2,1.808791,-0.033396,1901,2534,1901,100.00,75.02
20260630_211325_905015,,0,terminate,1,18,3,1.767743,0.255731,1901,2534,1901,100.00,75.02
20260630_211325_905015,,0,terminate,1,18,4,1.420331,0.210391,1901,2534,1901,100.00,75.02
20260630_211325_905015,,0,terminate,1,18,5,1.823519,0.034000,1901,2534,1901,100.00,75.02
20260630_211325_905015,,0,terminate,1,18,6,1.382218,0.048101,1901,2534,1901,100.00,75.02
20260630_211325_905015,,0,terminate,1,18,7,1.405634,0.145609,1901,2534,1901,100.00,75.02
20260630_211325_905015,,0,terminate,1,19,0,1.635187,0.277584,1901,2534,1901,100.00,75.02
20260630_211325_905015,,0,terminate,1,19,1,1.373664,0.338414,1901,2534,1901,100.00,75.02
20260630_211325_905015,,0,terminate,1,19,2,1.417711,0.198569,1901,2534,1901,100.00,75.02
20260630_211325_905015,,0,terminate,1,19,3,1.731822,0.298201,1901,2534,1901,100.00,75.02
20260630_211325_905015,,0,terminate,1,19,4,1.946048,0.119071,1901,2534,1901,100.00,75.02
20260630_211325_905015,,0,terminate,1,19,5,1.725328,0.113487,1901,2534,1901,100.00,75.02
20260630_211325_905015,,0,terminate,1,19,6,1.669683,0.139401,1901,2534,1901,100.00,75.02
20260630_211325_905015,,0,terminate,1,19,7,1.686291,0.095006,1901,2534,1901,100.00,75.02
20260630_211325_905015,,0,terminate,1,20,0,1.973445,0.276708,1901,2534,1901,100.00,75.02
20260630_211325_905015,,0,terminate,1,20,1,2.061881,0.174389,1901,2534,1901,100.00,75.02
20260630_211325_905015,,0,terminate,1,20,2,2.469137,0.239123,1901,2534,1901,100.00,75.02
20260630_211325_905015,,0,terminate,1,20,3,2.620199,0.243055,1901,2534,1901,100.00,75.02
20260630_211325_905015,,0,terminate,1,20,4,2.059986,0.026184,1901,2534,1901,100.00,75.02
20260630_211325_905015,,0,terminate,1,20,5,1.686941,0.298545,1901,2534,1901,100.00,75.02
20260630_211325_905015,,0,terminate,1,20,6,1.831487,0.181039,1901,2534,1901,100.00,75.02
20260630_211325_905015,,0,terminate,1,20,7,2.617891,0.254272,1901,2534,1901,100.00,75.02
20260630_211325_905015,,0,terminate,1,21,0,2.510436,0.275784,1901,2534,1901,100.00,75.02
20260630_211325_905015,,0,terminate,1,21,1,3.272346,0.208317,1901,2534,1901,100.00,75.02
20260630_211325_905015,,0,terminate,1,21,2,2.340799,0.261909,1901,2534,1901,100.00,75.02
20260630_211325_905015,,0,terminate,1,21,3,2.113127,0.295869,1901,2534,1901,100.00,75.02
20260630_211325_905015,,0,terminate,1,21,4,2.180906,0.260419,1901,2534,1901,100.00,75.02
20260630_211325_905015,,0,terminate,1,21,5,2.063310,0.065751,1901,2534,1901,100.00,75.02
20260630_211325_905015,,0,terminate,1,21,6,2.003921,0.259055,1901,2534,1901,100.00,75.02
20260630_211325_905015,,0,terminate,1,21,7,1.966735,0.274583,1901,2534,1901,100.00,75.02
20260630_211325_905015,,0,terminate,1,22,0,1.930509,0.210294,1901,2534,1901,100.00,75.02
20260630_211325_905015,,0,terminate,1,22,1,2.049286,0.305140,1901,2534,1901,100.00,75.02
20260630_211325_905015,,0,terminate,1,22,2,2.498643,0.123448,1901,2534,1901,100.00,75.02
20260630_211325_905015,,0,terminate,1,22,3,2.480143,0.425459,1901,2534,1901,100.00,75.02
20260630_211325_905015,,0,terminate,1,22,4,2.063619,0.328780,1901,2534,1901,100.00,75.02
20260630_211325_905015,,0,terminate,1,22,5,2.255346,0.209877,1901,2534,1901,100.00,75.02
20260630_211325_905015,,0,terminate,1,22,6,2.403240,0.008971,1901,2534,1901,100.00,75.02
20260630_211325_905015,,0,terminate,1,22,7,2.547883,0.108130,1901,2534,1901,100.00,75.02
20260630_211325_905015,,0,terminate,1,23,0,2.241111,0.169623,1901,2534,1901,100.00,75.02
20260630_211325_905015,,0,terminate,1,23,1,2.762615,0.185810,1901,2534,1901,100.00,75.02
20260630_211325_905015,,0,terminate,1,23,2,2.374834,0.170259,1901,2534,1901,100.00,75.02
20260630_211325_905015,,0,terminate,1,23,3,2.331212,0.180608,1901,2534,1901,100.00,75.02
20260630_211325_905015,,0,terminate,1,23,4,1.835400,0.238169,1901,2534,1901,100.00,75.02
20260630_211325_905015,,0,terminate,1,23,5,2.460232,0.182108,1901,2534,1901,100.00,75.02
20260630_211325_905015,,0,terminate,1,23,6,2.713057,0.292654,1901,2534,1901,100.00,75.02
20260630_211325_905015,,0,terminate,1,23,7,2.562330,0.138897,1901,2534,1901,100.00,75.02
20260630_211325_905015,,0,terminate,1,24,0,2.850030,0.205434,1901,2534,1901,100.00,75.02
20260630_211325_905015,,0,terminate,1,24,1,2.453423,0.151672,1901,2534,1901,100.00,75.02
20260630_211325_905015,,0,terminate,1,24,2,2.922240,0.270803,1901,2534,1901,100.00,75.02
20260630_211325_905015,,0,terminate,1,24,3,2.381212,0.251584,1901,2534,1901,100.00,75.02
20260630_211325_905015,,0,terminate,1,24,4,2.191181,0.249770,1901,2534,1901,100.00,75.02
20260630_211325_905015,,0,terminate,1,24,5,1.771904,0.266621,1901,2534,1901,100.00,75.02
20260630_211325_905015,,0,terminate,1,24,6,2.856367,0.193609,1901,2534,1901,100.00,75.02
20260630_211325_905015,,0,terminate,1,24,7,2.480971,0.150927,1901,2534,1901,100.00,75.02
20260630_211325_905015,,0,terminate,1,25,0,1.864423,0.208053,1901,2534,1901,100.00,75.02
20260630_211325_905015,,0,terminate,1,25,1,2.930675,0.289918,1901,2534,1901,100.00,75.02
20260630_211325_905015,,0,terminate,1,25,2,3.057157,0.056430,1901,2534,1901,100.00,75.02
20260630_211325_905015,,0,terminate,1,25,3,2.076202,0.406503,1901,2534,1901,100.00,75.02
20260630_211325_905015,,0,terminate,1,25,4,2.781386,0.209318,1901,2534,1901,100.00,75.02
20260630_211325_905015,,0,terminate,1,25,5,2.419158,0.405709,1901,2534,1901,100.00,75.02
20260630_211325_905015,,0,terminate,1,25,6,2.914076,0.206210,1901,2534,1901,100.00,75.02
20260630_211325_905015,,0,terminate,1,25,7,2.897008,0.237260,1901,2534,1901,100.00,75.02
20260630_211325_905015,,0,terminate,1,26,0,3.082777,0.100375,1901,2534,1901,100.00,75.02
20260630_211325_905015,,0,terminate,1,26,1,3.060637,0.074903,1901,2534,1901,100.00,75.02
20260630_211325_905015,,0,terminate,1,26,2,1.784518,0.417518,1901,2534,1901,100.00,75.02
20260630_211325_905015,,0,terminate,1,26,3,2.673060,0.290224,1901,2534,1901,100.00,75.02
20260630_211325_905015,,0,terminate,1,26,4,3.169335,0.256303,1901,2534,1901,100.00,75.02
20260630_211325_905015,,0,terminate,1,26,5,2.163902,0.208452,1901,2534,1901,100.00,75.02
20260630_211325_905015,,0,terminate,1,26,6,2.696151,0.207066,1901,2534,1901,100.00,75.02
20260630_211325_905015,,0,terminate,1,26,7,2.711653,0.212764,1901,2534,1901,100.00,75.02
20260630_211325_905015,,0,terminate,1,27,0,3.240396,0.247425,1901,2534,1901,100.00,75.02
20260630_211325_905015,,0,terminate,1,27,1,3.431841,0.190140,1901,2534,1901,100.00,75.02
20260630_211325_905015,,0,terminate,1,27,2,3.102385,0.145987,1901,2534,1901,100.00,75.02
20260630_211325_905015,,0,terminate,1,27,3,2.035569,0.304871,1901,2534,1901,100.00,75.02
20260630_211325_905015,,0,terminate,1,27,4,2.480650,0.315451,1901,2534,1901,100.00,75.02
20260630_211325_905015,,0,terminate,1,27,5,2.772938,0.364361,1901,2534,1901,100.00,75.02
20260630_211325_905015,,0,terminate,1,27,6,3.168951,0.209877,1901,2534,1901,100.00,75.02
20260630_211325_905015,,0,terminate,1,27,7,2.425770,0.296026,1901,2534,1901,100.00,75.02
20260630_211325_905015,,0,terminate,1,28,0,2.792905,0.273347,1901,2534,1901,100.00,75.02
20260630_211325_905015,,0,terminate,1,28,1,2.282428,0.352995,1901,2534,1901,100.00,75.02
20260630_211325_905015,,0,terminate,1,28,2,2.906907,0.138313,1901,2534,1901,100.00,75.02
20260630_211325_905015,,0,terminate,1,28,3,3.080583,0.326473,1901,2534,1901,100.00,75.02
20260630_211325_905015,,0,terminate,1,28,4,2.949773,0.297077,1901,2534,1901,100.00,75.02
20260630_211325_905015,,0,terminate,1,28,5,3.466311,0.496882,1901,2534,1901,100.00,75.02
20260630_211325_905015,,0,terminate,1,28,6,3.308538,0.344164,1901,2534,1901,100.00,75.02
20260630_211325_905015,,0,terminate,1,28,7,3.383342,0.093978,1901,2534,1901,100.00,75.02
20260630_211325_905015,,0,terminate,1,29,0,3.704269,0.322821,1901,2534,1901,100.00,75.02
20260630_211325_905015,,0,terminate,1,29,1,3.254113,0.289405,1901,2534,1901,100.00,75.02
20260630_211325_905015,,0,terminate,1,29,2,2.614729,0.281925,1901,2534,1901,100.00,75.02
20260630_211325_905015,,0,terminate,1,29,3,3.688212,0.435416,1901,2534,1901,100.00,75.02
20260630_211325_905015,,0,terminate,1,29,4,4.154268,0.246995,1901,2534,1901,100.00,75.02
20260630_211325_905015,,0,terminate,1,29,5,3.697874,0.304390,1901,2534,1901,100.00,75.02
20260630_211325_905015,,0,terminate,1,29,6,3.047619,0.299904,1901,2534,1901,100.00,75.02
20260630_211325_905015,,0,terminate,1,29,7,4.073964,0.453915,1901,2534,1901,100.00,75.02
20260630_211325_905015,,0,terminate,1,30,0,5.119351,0.150589,1901,2534,1901,100.00,75.02
20260630_211325_905015,,0,terminate,1,30,1,3.128667,0.595454,1901,2534,1901,100.00,75.02
20260630_211325_905015,,0,terminate,1,30,2,5.341113,0.283394,1901,2534,1901,100.00,75.02
20260630_211325_905015,,0,terminate,1,30,3,4.459764,0.416159,1901,2534,1901,100.00,75.02
20260630_211325_905015,,0,terminate,1,30,4,5.164974,0.206576,1901,2534,1901,100.00,75.02
20260630_211325_905015,,0,terminate,1,30,5,4.578068,0.357762,1901,2534,1901,100.00,75.02
20260630_211325_905015,,0,terminate,1,30,6,5.101223,0.201716,1901,2534,1901,100.00,75.02
20260630_211325_905015,,0,terminate,1,30,7,5.435680,0.182276,1901,2534,1901,100.00,75.02
20260630_211325_905015,,0,terminate,1,31,0,3.387046,0.412313,1901,2534,1901,100.00,75.02
20260630_211325_905015,,0,terminate,1,31,1,4.906823,0.088453,1901,2534,1901,100.00,75.02
20260630_211325_905015,,0,terminate,1,31,2,4.738295,0.299479,1901,2534,1901,100.00,75.02
20260630_211325_905015,,0,terminate,1,31,3,4.882989,0.281835,1901,2534,1901,100.00,75.02
20260630_211325_905015,,0,terminate,1,31,4,4.872688,0.312416,1901,2534,1901,100.00,75.02
20260630_211325_905015,,0,terminate,1,31,5,4.162542,0.207654,1901,2534,1901,100.00,75.02
20260630_211325_905015,,0,terminate,1,31,6,4.686467,0.188336,1901,2534,1901,100.00,75.02
20260630_211325_905015,,0,terminate,1,31,7,3.961285,0.355102,1901,2534,1901,100.00,75.02
20260630_211325_905015,,0,terminate,1,32,0,2.834297,0.345426,1901,2534,1901,100.00,75.02
20260630_211325_905015,,0,terminate,1,32,1,3.581479,0.022770,1901,2534,1901,100.00,75.02
20260630_211325_905015,,0,terminate,1,32,2,2.530521,0.405269,1901,2534,1901,100.00,75.02
20260630_211325_905015,,0,terminate,1,32,3,2.458085,0.484827,1901,2534,1901,100.00,75.02
20260630_211325_905015,,0,terminate,1,32,4,3.020590,0.296595,1901,2534,1901,100.00,75.02
20260630_211325_905015,,0,terminate,1,32,5,2.330410,0.359341,1901,2534,1901,100.00,75.02
20260630_211325_905015,,0,terminate,1,32,6,3.104163,0.155444,1901,2534,1901,100.00,75.02
20260630_211325_905015,,0,terminate,1,32,7,2.089947,0.452596,1901,2534,1901,100.00,75.02
20260630_211325_905015,,0,terminate,1,33,0,3.358216,0.299240,1901,2534,1901,100.00,75.02
20260630_211325_905015,,0,terminate,1,33,1,2.571212,0.447599,1901,2534,1901,100.00,75.02
20260630_211325_905015,,0,terminate,1,33,2,3.189128,0.147483,1901,2534,1901,100.00,75.02
20260630_211325_905015,,0,terminate,1,33,3,2.445112,0.400902,1901,2534,1901,100.00,75.02
20260630_211325_905015,,0,terminate,1,33,4,2.823318,0.220831,1901,2534,1901,100.00,75.02
20260630_211325_905015,,0,terminate,1,33,5,2.207354,0.200966,1901,2534,1901,100.00,75.02
20260630_211325_905015,,0,terminate,1,33,6,2.449072,0.239291,1901,2534,1901,100.00,75.02
20260630_211325_905015,,0,terminate,1,33,7,3.260129,0.426957,1901,2534,1901,100.00,75.02
20260630_211325_905015,,0,terminate,1,34,0,2.854603,0.329888,1901,2534,1901,100.00,75.02
20260630_211325_905015,,0,terminate,1,34,1,3.403509,0.108473,1901,2534,1901,100.00,75.02
20260630_211325_905015,,0,terminate,1,34,2,2.587023,0.261587,1901,2534,1901,100.00,75.02
20260630_211325_905015,,0,terminate,1,34,3,2.269655,0.117648,1901,2534,1901,100.00,75.02
20260630_211325_905015,,0,terminate,1,34,4,3.968664,0.284999,1901,2534,1901,100.00,75.02
20260630_211325_905015,,0,terminate,1,34,5,2.738768,0.514960,1901,2534,1901,100.00,75.02
20260630_211325_905015,,0,terminate,1,34,6,2.878029,0.189879,1901,2534,1901,100.00,75.02
20260630_211325_905015,,0,terminate,1,34,7,3.714147,0.315820,1901,2534,1901,100.00,75.02
20260630_211325_905015,,0,terminate,1,35,0,2.896861,0.238771,1901,2534,1901,100.00,75.02
20260630_211325_905015,,0,terminate,1,35,1,2.750920,0.388293,1901,2534,1901,100.00,75.02
20260630_211325_905015,,0,terminate,1,35,2,3.169774,0.254504,1901,2534,1901,100.00,75.02
20260630_211325_905015,,0,terminate,1,35,3,3.244321,0.113752,1901,2534,1901,100.00,75.02
20260630_211325_905015,,0,terminate,1,35,4,4.674886,0.048289,1901,2534,1901,100.00,75.02
20260630_211325_905015,,0,terminate,1,35,5,2.348627,0.353717,1901,2534,1901,100.00,75.02
20260630_211325_905015,,0,terminate,1,35,6,2.928481,0.414032,1901,2534,1901,100.00,75.02
20260630_211325_905015,,0,terminate,1,35,7,2.931308,0.295911,1901,2534,1901,100.00,75.02
20260630_211325_905015,,0,terminate,1,36,0,3.074426,0.273009,1901,2534,1901,100.00,75.02
20260630_211325_905015,,0,terminate,1,36,1,3.654142,0.241443,1901,2534,1901,100.00,75.02
20260630_211325_905015,,0,terminate,1,36,2,3.438456,0.626543,1901,2534,1901,100.00,75.02
20260630_211325_905015,,0,terminate,1,36,3,3.448281,0.338607,1901,2534,1901,100.00,75.02
20260630_211325_905015,,0,terminate,1,36,4,2.601391,0.409396,1901,2534,1901,100.00,75.02
20260630_211325_905015,,0,terminate,1,36,5,3.105989,0.104434,1901,2534,1901,100.00,75.02
20260630_211325_905015,,0,terminate,1,36,6,3.083220,0.261605,1901,2534,1901,100.00,75.02
20260630_211325_905015,,0,terminate,1,36,7,2.670888,0.252989,1901,2534,1901,100.00,75.02
20260630_211325_905015,,0,terminate,1,37,0,4.704875,0.250116,1901,2534,1901,100.00,75.02
20260630_211325_905015,,0,terminate,1,37,1,2.657954,0.335515,1901,2534,1901,100.00,75.02
20260630_211325_905015,,0,terminate,1,37,2,4.309196,0.443971,1901,2534,1901,100.00,75.02
20260630_211325_905015,,0,terminate,1,37,3,4.350306,0.346519,1901,2534,1901,100.00,75.02
20260630_211325_905015,,0,terminate,1,37,4,3.147757,0.318203,1901,2534,1901,100.00,75.02
20260630_211325_905015,,0,terminate,1,37,5,2.764711,0.148842,1901,2534,1901,100.00,75.02
20260630_211325_905015,,0,terminate,1,37,6,5.634005,0.367107,1901,2534,1901,100.00,75.02
20260630_211325_905015,,0,terminate,1,37,7,3.844453,0.209506,1901,2534,1901,100.00,75.02
20260630_211325_905015,,0,terminate,1,38,0,3.692784,0.317453,1901,2534,1901,100.00,75.02
20260630_211325_905015,,0,terminate,1,38,1,2.254391,0.449027,1901,2534,1901,100.00,75.02
20260630_211325_905015,,0,terminate,1,38,2,2.900920,0.431456,1901,2534,1901,100.00,75.02
20260630_211325_905015,,0,terminate,1,38,3,3.623901,0.017596,1901,2534,1901,100.00,75.02
20260630_211325_905015,,0,terminate,1,38,4,4.929387,0.530824,1901,2534,1901,100.00,75.02
20260630_211325_905015,,0,terminate,1,38,5,3.872186,0.101230,1901,2534,1901,100.00,75.02
20260630_211325_905015,,0,terminate,1,38,6,3.482684,0.516357,1901,2534,1901,100.00,75.02
20260630_211325_905015,,0,terminate,1,38,7,3.502020,0.345143,1901,2534,1901,100.00,75.02
20260630_211325_905015,,0,terminate,1,39,0,3.810358,0.241270,1901,2534,1901,100.00,75.02
20260630_211325_905015,,0,terminate,1,39,1,3.790552,0.537094,1901,2534,1901,100.00,75.02
20260630_211325_905015,,0,terminate,1,39,2,3.203838,0.270428,1901,2534,1901,100.00,75.02
20260630_211325_905015,,0,terminate,1,39,3,3.162853,0.455906,1901,2534,1901,100.00,75.02
20260630_211325_905015,,0,terminate,1,39,4,4.248871,0.361808,1901,2534,1901,100.00,75.02
20260630_211325_905015,,0,terminate,1,39,5,4.761331,0.140886,1901,2534,1901,100.00,75.02
20260630_211325_905015,,0,terminate,1,39,6,3.320053,0.258182,1901,2534,1901,100.00,75.02
20260630_211325_905015,,0,terminate,1,39,7,3.880233,0.382158,1901,2534,1901,100.00,75.02
20260630_211325_905015,,0,terminate,1,40,0,3.832748,0.228266,1901,2534,1901,100.00,75.02
20260630_211325_905015,,0,terminate,1,40,1,5.318718,0.274572,1901,2534,1901,100.00,75.02
20260630_211325_905015,,0,terminate,1,40,2,4.752441,0.269847,1901,2534,1901,100.00,75.02
20260630_211325_905015,,0,terminate,1,40,3,4.561191,0.158134,1901,2534,1901,100.00,75.02
20260630_211325_905015,,0,terminate,1,40,4,5.025239,0.382192,1901,2534,1901,100.00,75.02
20260630_211325_905015,,0,terminate,1,40,5,5.001554,0.403259,1901,2534,1901,100.00,75.02
20260630_211325_905015,,0,terminate,1,40,6,4.019522,0.404620,1901,2534,1901,100.00,75.02
20260630_211325_905015,,0,terminate,1,40,7,4.331138,0.360665,1901,2534,1901,100.00,75.02
20260630_211325_905015,,0,terminate,1,41,0,5.731156,0.209803,1901,2534,1901,100.00,75.02
20260630_211325_905015,,0,terminate,1,41,1,3.870420,0.191416,1901,2534,1901,100.00,75.02
20260630_211325_905015,,0,terminate,1,41,2,4.653305,0.107366,1901,2534,1901,100.00,75.02
20260630_211325_905015,,0,terminate,1,41,3,4.533399,0.171347,1901,2534,1901,100.00,75.02
20260630_211325_905015,,0,terminate,1,41,4,3.975648,0.319410,1901,2534,1901,100.00,75.02
20260630_211325_905015,,0,terminate,1,41,5,4.014660,0.260129,1901,2534,1901,100.00,75.02
20260630_211325_905015,,0,terminate,1,41,6,3.491273,0.509724,1901,2534,1901,100.00,75.02
20260630_211325_905015,,0,terminate,1,41,7,4.861261,0.327310,1901,2534,1901,100.00,75.02
20260630_211325_905015,,0,terminate,1,42,0,6.125208,0.342277,1901,2534,1901,100.00,75.02
20260630_211325_905015,,0,terminate,1,42,1,3.670922,0.248639,1901,2534,1901,100.00,75.02
20260630_211325_905015,,0,terminate,1,42,2,6.144866,0.122263,1901,2534,1901,100.00,75.02
20260630_211325_905015,,0,terminate,1,42,3,6.069069,0.417602,1901,2534,1901,100.00,75.02
20260630_211325_905015,,0,terminate,1,42,4,3.671334,0.323933,1901,2534,1901,100.00,75.02
20260630_211325_905015,,0,terminate,1,42,5,5.181399,0.298984,1901,2534,1901,100.00,75.02
20260630_211325_905015,,0,terminate,1,42,6,5.523422,0.232133,1901,2534,1901,100.00,75.02
20260630_211325_905015,,0,terminate,1,42,7,5.396726,0.349576,1901,2534,1901,100.00,75.02
20260630_211325_905015,,0,terminate,1,43,0,4.300953,0.119718,1901,2534,1901,100.00,75.02
20260630_211325_905015,,0,terminate,1,43,1,5.175630,0.221380,1901,2534,1901,100.00,75.02
20260630_211325_905015,,0,terminate,1,43,2,5.090463,0.205950,1901,2534,1901,100.00,75.02
20260630_211325_905015,,0,terminate,1,43,3,5.022997,0.227566,1901,2534,1901,100.00,75.02
20260630_211325_905015,,0,terminate,1,43,4,6.868295,0.193297,1901,2534,1901,100.00,75.02
20260630_211325_905015,,0,terminate,1,43,5,7.323729,0.247279,1901,2534,1901,100.00,75.02
20260630_211325_905015,,0,terminate,1,43,6,5.436482,0.222234,1901,2534,1901,100.00,75.02
20260630_211325_905015,,0,terminate,1,43,7,6.159959,0.242987,1901,2534,1901,100.00,75.02
20260630_211325_905015,,0,terminate,1,44,0,6.786046,0.193536,1901,2534,1901,100.00,75.02
20260630_211325_905015,,0,terminate,1,44,1,5.601408,0.304938,1901,2534,1901,100.00,75.02
20260630_211325_905015,,0,terminate,1,44,2,7.629565,-0.042802,1901,2534,1901,100.00,75.02
20260630_211325_905015,,0,terminate,1,44,3,8.153146,0.096982,1901,2534,1901,100.00,75.02
20260630_211325_905015,,0,terminate,1,44,4,7.016526,0.074860,1901,2534,1901,100.00,75.02
20260630_211325_905015,,0,terminate,1,44,5,4.332632,0.298183,1901,2534,1901,100.00,75.02
20260630_211325_905015,,0,terminate,1,44,6,7.647804,0.281105,1901,2534,1901,100.00,75.02
20260630_211325_905015,,0,terminate,1,44,7,6.353103,0.333016,1901,2534,1901,100.00,75.02
20260630_211325_905015,,0,terminate,1,45,0,5.606775,0.625484,1901,2534,1901,100.00,75.02
20260630_211325_905015,,0,terminate,1,45,1,7.560886,0.474898,1901,2534,1901,100.00,75.02
20260630_211325_905015,,0,terminate,1,45,2,5.832164,0.411261,1901,2534,1901,100.00,75.02
20260630_211325_905015,,0,terminate,1,45,3,5.137803,0.173663,1901,2534,1901,100.00,75.02
20260630_211325_905015,,0,terminate,1,45,4,5.233056,0.191546,1901,2534,1901,100.00,75.02
20260630_211325_905015,,0,terminate,1,45,5,7.468026,0.094985,1901,2534,1901,100.00,75.02
20260630_211325_905015,,0,terminate,1,45,6,5.285437,0.226613,1901,2534,1901,100.00,75.02
20260630_211325_905015,,0,terminate,1,45,7,4.682309,0.103712,1901,2534,1901,100.00,75.02
20260630_211325_905015,,0,terminate,1,46,0,8.035934,0.213552,1901,2534,1901,100.00,75.02
20260630_211325_905015,,0,terminate,1,46,1,5.923913,0.237028,1901,2534,1901,100.00,75.02
20260630_211325_905015,,0,terminate,1,46,2,7.604414,0.148075,1901,2534,1901,100.00,75.02
20260630_211325_905015,,0,terminate,1,46,3,6.478490,0.425185,1901,2534,1901,100.00,75.02
20260630_211325_905015,,0,terminate,1,46,4,5.518324,0.409808,1901,2534,1901,100.00,75.02
20260630_211325_905015,,0,terminate,1,46,5,5.998444,0.007359,1901,2534,1901,100.00,75.02
20260630_211325_905015,,0,terminate,1,46,6,5.229631,0.285127,1901,2534,1901,100.00,75.02
20260630_211325_905015,,0,terminate,1,46,7,8.476196,0.342442,1901,2534,1901,100.00,75.02
20260630_211325_905015,,0,terminate,1,47,0,6.037240,0.135594,1901,2534,1901,100.00,75.02
20260630_211325_905015,,0,terminate,1,47,1,8.473374,0.343524,1901,2534,1901,100.00,75.02
20260630_211325_905015,,0,terminate,1,47,2,7.077123,0.120306,1901,2534,1901,100.00,75.02
20260630_211325_905015,,0,terminate,1,47,3,7.639796,0.135657,1901,2534,1901,100.00,75.02
20260630_211325_905015,,0,terminate,1,47,4,6.112462,0.131955,1901,2534,1901,100.00,75.02
20260630_211325_905015,,0,terminate,1,47,5,6.118507,0.055025,1901,2534,1901,100.00,75.02
20260630_211325_905015,,0,terminate,1,47,6,7.921703,0.215442,1901,2534,1901,100.00,75.02
20260630_211325_905015,,0,terminate,1,47,7,6.571540,0.225437,1901,2534,1901,100.00,75.02
20260630_211325_905015,,0,terminate,1,48,0,7.401546,0.517062,1901,2534,1901,100.00,75.02
20260630_211325_905015,,0,terminate,1,48,1,7.722197,0.200555,1901,2534,1901,100.00,75.02
20260630_211325_905015,,0,terminate,1,48,2,8.064448,0.265176,1901,2534,1901,100.00,75.02
20260630_211325_905015,,0,terminate,1,48,3,6.035784,0.151036,1901,2534,1901,100.00,75.02
20260630_211325_905015,,0,terminate,1,48,4,5.072059,0.498098,1901,2534,1901,100.00,75.02
20260630_211325_905015,,0,terminate,1,48,5,5.420835,0.112972,1901,2534,1901,100.00,75.02
20260630_211325_905015,,0,terminate,1,48,6,8.597805,0.109263,1901,2534,1901,100.00,75.02
20260630_211325_905015,,0,terminate,1,48,7,6.988431,0.244211,1901,2534,1901,100.00,75.02
20260630_211325_905015,,0,terminate,1,49,0,5.763047,0.411538,1901,2534,1901,100.00,75.02
20260630_211325_905015,,0,terminate,1,49,1,7.728035,0.312980,1901,2534,1901,100.00,75.02
20260630_211325_905015,,0,terminate,1,49,2,9.887592,-0.004001,1901,2534,1901,100.00,75.02
20260630_211325_905015,,0,terminate,1,49,3,6.419924,0.211896,1901,2534,1901,100.00,75.02
20260630_211325_905015,,0,terminate,1,49,4,8.280450,0.317446,1901,2534,1901,100.00,75.02
20260630_211325_905015,,0,terminate,1,49,5,7.412046,0.178412,1901,2534,1901,100.00,75.02
20260630_211325_905015,,0,terminate,1,49,6,6.812257,0.229366,1901,2534,1901,100.00,75.02
20260630_211325_905015,,0,terminate,1,49,7,8.044305,0.346339,1901,2534,1901,100.00,75.02
20260630_211325_905015,,0,terminate,1,50,0,9.483260,0.174032,1901,2534,1901,100.00,75.02
20260630_211325_905015,,0,terminate,1,50,1,10.832333,0.270628,1901,2534,1901,100.00,75.02
20260630_211325_905015,,0,terminate,1,50,2,5.441949,0.297194,1901,2534,1901,100.00,75.02
20260630_211325_905015,,0,terminate,1,50,3,7.741964,0.397445,1901,2534,1901,100.00,75.02
20260630_211325_905015,,0,terminate,1,50,4,9.106700,0.239483,1901,2534,1901,100.00,75.02
20260630_211325_905015,,0,terminate,1,50,5,6.505200,0.184572,1901,2534,1901,100.00,75.02
20260630_211325_905015,,0,terminate,1,50,6,9.245567,0.220672,1901,2534,1901,100.00,75.02
20260630_211325_905015,,0,terminate,1,50,7,8.233451,0.264786,1901,2534,1901,100.00,75.02
20260630_211325_905015,,0,terminate,1,51,0,12.704132,0.345447,1901,2534,1901,100.00,75.02
20260630_211325_905015,,0,terminate,1,51,1,12.794276,0.119507,1901,2534,1901,100.00,75.02
20260630_211325_905015,,0,terminate,1,51,2,15.123868,0.288499,1901,2534,1901,100.00,75.02
20260630_211325_905015,,0,terminate,1,51,3,7.677439,0.439885,1901,2534,1901,100.00,75.02
20260630_211325_905015,,0,terminate,1,51,4,7.275339,0.317920,1901,2534,1901,100.00,75.02
20260630_211325_905015,,0,terminate,1,51,5,7.800473,0.321547,1901,2534,1901,100.00,75.02
20260630_211325_905015,,0,terminate,1,51,6,9.008476,0.309657,1901,2534,1901,100.00,75.02
20260630_211325_905015,,0,terminate,1,51,7,13.266834,0.208093,1901,2534,1901,100.00,75.02
20260630_211325_905015,,0,terminate,1,52,0,9.431206,0.208524,1901,2534,1901,100.00,75.02
20260630_211325_905015,,0,terminate,1,52,1,7.081456,0.344753,1901,2534,1901,100.00,75.02
20260630_211325_905015,,0,terminate,1,52,2,11.389136,0.201730,1901,2534,1901,100.00,75.02
20260630_211325_905015,,0,terminate,1,52,3,12.553313,0.074692,1901,2534,1901,100.00,75.02
20260630_211325_905015,,0,terminate,1,52,4,13.155220,0.404980,1901,2534,1901,100.00,75.02
20260630_211325_905015,,0,terminate,1,52,5,8.979360,0.311556,1901,2534,1901,100.00,75.02
20260630_211325_905015,,0,terminate,1,52,6,10.025816,0.456964,1901,2534,1901,100.00,75.02
20260630_211325_905015,,0,terminate,1,52,7,11.029834,0.154256,1901,2534,1901,100.00,75.02
20260630_211325_905015,,0,terminate,1,53,0,11.181686,0.132344,1901,2534,1901,100.00,75.02
20260630_211325_905015,,0,terminate,1,53,1,16.700713,0.166369,1901,2534,1901,100.00,75.02
20260630_211325_905015,,0,terminate,1,53,2,9.648797,0.240582,1901,2534,1901,100.00,75.02
20260630_211325_905015,,0,terminate,1,53,3,11.612357,0.512173,1901,2534,1901,100.00,75.02
20260630_211325_905015,,0,terminate,1,53,4,15.400588,0.352524,1901,2534,1901,100.00,75.02
20260630_211325_905015,,0,terminate,1,53,5,15.686220,0.290063,1901,2534,1901,100.00,75.02
20260630_211325_905015,,0,terminate,1,53,6,10.514619,0.278134,1901,2534,1901,100.00,75.02
20260630_211325_905015,,0,terminate,1,53,7,15.456087,0.383019,1901,2534,1901,100.00,75.02
20260630_211325_905015,,0,terminate,1,54,0,15.805174,0.108754,1901,2534,1901,100.00,75.02
20260630_211325_905015,,0,terminate,1,54,1,11.287606,0.362943,1901,2534,1901,100.00,75.02
20260630_211325_905015,,0,terminate,1,54,2,14.962228,0.192549,1901,2534,1901,100.00,75.02
20260630_211325_905015,,0,terminate,1,54,3,18.637875,0.258945,1901,2534,1901,100.00,75.02
20260630_211325_905015,,0,terminate,1,54,4,17.362817,0.184468,1901,2534,1901,100.00,75.02
20260630_211325_905015,,0,terminate,1,54,5,15.366798,0.145937,1901,2534,1901,100.00,75.02
20260630_211325_905015,,0,terminate,1,54,6,18.022650,-0.031286,1901,2534,1901,100.00,75.02
20260630_211325_905015,,0,terminate,1,54,7,34.977409,0.319978,1901,2534,1901,100.00,75.02
20260630_211325_905015,,0,terminate,1,55,0,16.234797,0.414184,1901,2534,1901,100.00,75.02
20260630_211325_905015,,0,terminate,1,55,1,17.299163,0.485287,1901,2534,1901,100.00,75.02
20260630_211325_905015,,0,terminate,1,55,2,16.055723,0.246741,1901,2534,1901,100.00,75.02
20260630_211325_905015,,0,terminate,1,55,3,16.927787,0.316784,1901,2534,1901,100.00,75.02
20260630_211325_905015,,0,terminate,1,55,4,15.716353,0.511202,1901,2534,1901,100.00,75.02
20260630_211325_905015,,0,terminate,1,55,5,13.915011,0.329564,1901,2534,1901,100.00,75.02
20260630_211325_905015,,0,terminate,1,55,6,18.185892,0.276312,1901,2534,1901,100.00,75.02
20260630_211325_905015,,0,terminate,1,55,7,16.902721,0.215093,1901,2534,1901,100.00,75.02
20260630_211325_905015,,0,terminate,1,56,0,16.776071,0.489458,1901,2534,1901,100.00,75.02
20260630_211325_905015,,0,terminate,1,56,1,18.144176,0.156970,1901,2534,1901,100.00,75.02
20260630_211325_905015,,0,terminate,1,56,2,17.483231,0.237284,1901,2534,1901,100.00,75.02
20260630_211325_905015,,0,terminate,1,56,3,20.763174,0.302074,1901,2534,1901,100.00,75.02
20260630_211325_905015,,0,terminate,1,56,4,28.288123,0.387573,1901,2534,1901,100.00,75.02
20260630_211325_905015,,0,terminate,1,56,5,19.337966,0.276657,1901,2534,1901,100.00,75.02
20260630_211325_905015,,0,terminate,1,56,6,23.862524,0.374826,1901,2534,1901,100.00,75.02
20260630_211325_905015,,0,terminate,1,56,7,25.602583,0.427638,1901,2534,1901,100.00,75.02
20260630_211325_905015,,0,terminate,1,57,0,25.348523,0.090047,1901,2534,1901,100.00,75.02
20260630_211325_905015,,0,terminate,1,57,1,17.276061,0.330899,1901,2534,1901,100.00,75.02
20260630_211325_905015,,0,terminate,1,57,2,24.358698,0.252738,1901,2534,1901,100.00,75.02
20260630_211325_905015,,0,terminate,1,57,3,18.451358,0.174113,1901,2534,1901,100.00,75.02
20260630_211325_905015,,0,terminate,1,57,4,17.470482,0.188695,1901,2534,1901,100.00,75.02
20260630_211325_905015,,0,terminate,1,57,5,24.102102,0.352797,1901,2534,1901,100.00,75.02
20260630_211325_905015,,0,terminate,1,57,6,25.318059,0.137535,1901,2534,1901,100.00,75.02
20260630_211325_905015,,0,terminate,1,57,7,21.833994,0.310269,1901,2534,1901,100.00,75.02
20260630_211325_905015,,0,terminate,1,58,0,33.442699,0.381520,1901,2534,1901,100.00,75.02
20260630_211325_905015,,0,terminate,1,58,1,23.008203,0.203961,1901,2534,1901,100.00,75.02
20260630_211325_905015,,0,terminate,1,58,2,26.678015,0.268633,1901,2534,1901,100.00,75.02
20260630_211325_905015,,0,terminate,1,58,3,28.917023,0.219619,1901,2534,1901,100.00,75.02
20260630_211325_905015,,0,terminate,1,58,4,49.945347,0.029186,1901,2534,1901,100.00,75.02
20260630_211325_905015,,0,terminate,1,58,5,31.271017,0.316750,1901,2534,1901,100.00,75.02
20260630_211325_905015,,0,terminate,1,58,6,27.808803,0.240301,1901,2534,1901,100.00,75.02
20260630_211325_905015,,0,terminate,1,58,7,25.912654,0.239847,1901,2534,1901,100.00,75.02
20260630_211325_905015,,0,terminate,1,59,0,31.057995,0.255816,1901,2534,1901,100.00,75.02
20260630_211325_905015,,0,terminate,1,59,1,31.997777,0.061713,1901,2534,1901,100.00,75.02
20260630_211325_905015,,0,terminate,1,59,2,30.575644,0.083323,1901,2534,1901,100.00,75.02
20260630_211325_905015,,0,terminate,1,59,3,28.290004,0.113355,1901,2534,1901,100.00,75.02
20260630_211325_905015,,0,terminate,1,59,4,29.752619,0.329425,1901,2534,1901,100.00,75.02
20260630_211325_905015,,0,terminate,1,59,5,26.747265,0.300893,1901,2534,1901,100.00,75.02
20260630_211325_905015,,0,terminate,1,59,6,34.066126,0.176456,1901,2534,1901,100.00,75.02
20260630_211325_905015,,0,terminate,1,59,7,26.531778,0.210881,1901,2534,1901,100.00,75.02
20260630_211325_905015,,0,terminate,1,60,0,26.790799,0.436662,1901,2534,1901,100.00,75.02
20260630_211325_905015,,0,terminate,1,60,1,37.953773,0.619142,1901,2534,1901,100.00,75.02
20260630_211325_905015,,0,terminate,1,60,2,25.215718,0.341986,1901,2534,1901,100.00,75.02
20260630_211325_905015,,0,terminate,1,60,3,54.061037,0.196509,1901,2534,1901,100.00,75.02
20260630_211325_905015,,0,terminate,1,60,4,27.536409,0.292611,1901,2534,1901,100.00,75.02
20260630_211325_905015,,0,terminate,1,60,5,26.805602,0.265822,1901,2534,1901,100.00,75.02
20260630_211325_905015,,0,terminate,1,60,6,28.774332,0.162245,1901,2534,1901,100.00,75.02
20260630_211325_905015,,0,terminate,1,60,7,31.097612,0.326604,1901,2534,1901,100.00,75.02
20260630_211325_905015,,0,terminate,1,61,0,35.247783,0.259383,1901,2534,1901,100.00,75.02
20260630_211325_905015,,0,terminate,1,61,1,30.574712,0.199279,1901,2534,1901,100.00,75.02
20260630_211325_905015,,0,terminate,1,61,2,47.250425,0.091624,1901,2534,1901,100.00,75.02
20260630_211325_905015,,0,terminate,1,61,3,37.760958,0.193951,1901,2534,1901,100.00,75.02
20260630_211325_905015,,0,terminate,1,61,4,38.320595,0.385060,1901,2534,1901,100.00,75.02
20260630_211325_905015,,0,terminate,1,61,5,30.411632,0.341048,1901,2534,1901,100.00,75.02
20260630_211325_905015,,0,terminate,1,61,6,40.254221,0.402604,1901,2534,1901,100.00,75.02
20260630_211325_905015,,0,terminate,1,61,7,41.265825,0.535439,1901,2534,1901,100.00,75.02
20260630_211325_905015,,0,terminate,1,62,0,47.377194,0.551404,1901,2534,1901,100.00,75.02
20260630_211325_905015,,0,terminate,1,62,1,32.571554,0.342524,1901,2534,1901,100.00,75.02
20260630_211325_905015,,0,terminate,1,62,2,38.323719,0.238618,1901,2534,1901,100.00,75.02
20260630_211325_905015,,0,terminate,1,62,3,40.932889,0.119037,1901,2534,1901,100.00,75.02
20260630_211325_905015,,0,terminate,1,62,4,43.371347,0.283192,1901,2534,1901,100.00,75.02
20260630_211325_905015,,0,terminate,1,62,5,37.100554,0.245297,1901,2534,1901,100.00,75.02
20260630_211325_905015,,0,terminate,1,62,6,36.220529,0.626505,1901,2534,1901,100.00,75.02
20260630_211325_905015,,0,terminate,1,62,7,34.588064,0.266698,1901,2534,1901,100.00,75.02
20260630_211325_905015,,0,terminate,1,63,0,25.527335,0.355337,1901,2534,1901,100.00,75.02
20260630_211325_905015,,0,terminate,1,63,1,24.508741,0.171310,1901,2534,1901,100.00,75.02
20260630_211325_905015,,0,terminate,1,63,2,38.101697,0.543896,1901,2534,1901,100.00,75.02
20260630_211325_905015,,0,terminate,1,63,3,24.266185,0.322017,1901,2534,1901,100.00,75.02
20260630_211325_905015,,0,terminate,1,63,4,23.360362,0.392857,1901,2534,1901,100.00,75.02
20260630_211325_905015,,0,terminate,1,63,5,35.342134,0.645653,1901,2534,1901,100.00,75.02
20260630_211325_905015,,0,terminate,1,63,6,23.163807,0.227991,1901,2534,1901,100.00,75.02
20260630_211325_905015,,0,terminate,1,63,7,25.433001,0.617023,1901,2534,1901,100.00,75.02
20260630_211325_905015,,0,terminate,2,0,0,0.171165,0.197709,1901,3226,1901,100.00,58.93
20260630_211325_905015,,0,terminate,2,0,1,0.195800,0.646784,1901,3226,1901,100.00,58.93
20260630_211325_905015,,0,terminate,2,0,2,0.175625,0.736377,1901,3226,1901,100.00,58.93
20260630_211325_905015,,0,terminate,2,0,3,0.269777,0.682147,1901,3226,1901,100.00,58.93
20260630_211325_905015,,0,terminate,2,0,4,0.136198,0.901552,1901,3226,1901,100.00,58.93
20260630_211325_905015,,0,terminate,2,0,5,0.123416,0.484890,1901,3226,1901,100.00,58.93
20260630_211325_905015,,0,terminate,2,0,6,0.132961,0.301709,1901,3226,1901,100.00,58.93
20260630_211325_905015,,0,terminate,2,0,7,0.144565,0.744769,1901,3226,1901,100.00,58.93
20260630_211325_905015,,0,terminate,2,1,0,0.271777,0.452844,1901,3226,1901,100.00,58.93
20260630_211325_905015,,0,terminate,2,1,1,0.132289,0.631066,1901,3226,1901,100.00,58.93
20260630_211325_905015,,0,terminate,2,1,2,0.192559,0.378441,1901,3226,1901,100.00,58.93
20260630_211325_905015,,0,terminate,2,1,3,0.222275,0.713779,1901,3226,1901,100.00,58.93
20260630_211325_905015,,0,terminate,2,1,4,0.206169,0.563976,1901,3226,1901,100.00,58.93
20260630_211325_905015,,0,terminate,2,1,5,0.176333,0.653636,1901,3226,1901,100.00,58.93
20260630_211325_905015,,0,terminate,2,1,6,0.246605,0.363458,1901,3226,1901,100.00,58.93
20260630_211325_905015,,0,terminate,2,1,7,0.197273,0.912434,1901,3226,1901,100.00,58.93
20260630_211325_905015,,0,terminate,2,2,0,0.251468,0.559128,1901,3226,1901,100.00,58.93
20260630_211325_905015,,0,terminate,2,2,1,0.327115,0.406335,1901,3226,1901,100.00,58.93
20260630_211325_905015,,0,terminate,2,2,2,0.258501,0.351210,1901,3226,1901,100.00,58.93
20260630_211325_905015,,0,terminate,2,2,3,0.292920,0.347494,1901,3226,1901,100.00,58.93
20260630_211325_905015,,0,terminate,2,2,4,0.312779,0.449145,1901,3226,1901,100.00,58.93
20260630_211325_905015,,0,terminate,2,2,5,0.327235,0.436774,1901,3226,1901,100.00,58.93
20260630_211325_905015,,0,terminate,2,2,6,0.216050,0.467212,1901,3226,1901,100.00,58.93
20260630_211325_905015,,0,terminate,2,2,7,0.292189,0.442830,1901,3226,1901,100.00,58.93
20260630_211325_905015,,0,terminate,2,3,0,0.461469,0.214167,1901,3226,1901,100.00,58.93
20260630_211325_905015,,0,terminate,2,3,1,0.289312,0.445310,1901,3226,1901,100.00,58.93
20260630_211325_905015,,0,terminate,2,3,2,0.346139,0.418855,1901,3226,1901,100.00,58.93
20260630_211325_905015,,0,terminate,2,3,3,0.438142,0.331278,1901,3226,1901,100.00,58.93
20260630_211325_905015,,0,terminate,2,3,4,0.328876,0.193018,1901,3226,1901,100.00,58.93
20260630_211325_905015,,0,terminate,2,3,5,0.335782,0.545795,1901,3226,1901,100.00,58.93
20260630_211325_905015,,0,terminate,2,3,6,0.358612,0.393958,1901,3226,1901,100.00,58.93
20260630_211325_905015,,0,terminate,2,3,7,0.430305,0.100037,1901,3226,1901,100.00,58.93
20260630_211325_905015,,0,terminate,2,4,0,0.483025,0.173949,1901,3226,1901,100.00,58.93
20260630_211325_905015,,0,terminate,2,4,1,0.445010,0.254834,1901,3226,1901,100.00,58.93
20260630_211325_905015,,0,terminate,2,4,2,0.267754,0.893545,1901,3226,1901,100.00,58.93
20260630_211325_905015,,0,terminate,2,4,3,0.461585,0.107250,1901,3226,1901,100.00,58.93
20260630_211325_905015,,0,terminate,2,4,4,0.420396,0.250164,1901,3226,1901,100.00,58.93
20260630_211325_905015,,0,terminate,2,4,5,0.344193,0.215524,1901,3226,1901,100.00,58.93
20260630_211325_905015,,0,terminate,2,4,6,0.397864,0.196773,1901,3226,1901,100.00,58.93
20260630_211325_905015,,0,terminate,2,4,7,0.364037,0.350234,1901,3226,1901,100.00,58.93
20260630_211325_905015,,0,terminate,2,5,0,0.331370,0.804546,1901,3226,1901,100.00,58.93
20260630_211325_905015,,0,terminate,2,5,1,0.473314,0.467050,1901,3226,1901,100.00,58.93
20260630_211325_905015,,0,terminate,2,5,2,0.436082,0.246403,1901,3226,1901,100.00,58.93
20260630_211325_905015,,0,terminate,2,5,3,0.273706,0.908677,1901,3226,1901,100.00,58.93
20260630_211325_905015,,0,terminate,2,5,4,0.361099,0.798466,1901,3226,1901,100.00,58.93
20260630_211325_905015,,0,terminate,2,5,5,0.305682,0.571108,1901,3226,1901,100.00,58.93
20260630_211325_905015,,0,terminate,2,5,6,0.515504,0.028016,1901,3226,1901,100.00,58.93
20260630_211325_905015,,0,terminate,2,5,7,0.434864,0.330536,1901,3226,1901,100.00,58.93
20260630_211325_905015,,0,terminate,2,6,0,0.704188,0.192861,1901,3226,1901,100.00,58.93
20260630_211325_905015,,0,terminate,2,6,1,0.320327,0.795149,1901,3226,1901,100.00,58.93
20260630_211325_905015,,0,terminate,2,6,2,0.589986,0.168435,1901,3226,1901,100.00,58.93
20260630_211325_905015,,0,terminate,2,6,3,0.458146,0.244116,1901,3226,1901,100.00,58.93
20260630_211325_905015,,0,terminate,2,6,4,0.372190,0.456017,1901,3226,1901,100.00,58.93
20260630_211325_905015,,0,terminate,2,6,5,0.410434,0.366915,1901,3226,1901,100.00,58.93
20260630_211325_905015,,0,terminate,2,6,6,0.525603,0.565230,1901,3226,1901,100.00,58.93
20260630_211325_905015,,0,terminate,2,6,7,0.435608,0.443429,1901,3226,1901,100.00,58.93
20260630_211325_905015,,0,terminate,2,7,0,1.215388,0.492797,1901,3226,1901,100.00,58.93
20260630_211325_905015,,0,terminate,2,7,1,1.269124,0.150205,1901,3226,1901,100.00,58.93
20260630_211325_905015,,0,terminate,2,7,2,0.962224,0.739807,1901,3226,1901,100.00,58.93
20260630_211325_905015,,0,terminate,2,7,3,0.807492,0.202457,1901,3226,1901,100.00,58.93
20260630_211325_905015,,0,terminate,2,7,4,1.199192,0.298816,1901,3226,1901,100.00,58.93
20260630_211325_905015,,0,terminate,2,7,5,0.834405,0.207758,1901,3226,1901,100.00,58.93
20260630_211325_905015,,0,terminate,2,7,6,1.021121,0.386166,1901,3226,1901,100.00,58.93
20260630_211325_905015,,0,terminate,2,7,7,0.902683,0.471076,1901,3226,1901,100.00,58.93
20260630_211325_905015,,0,terminate,2,8,0,0.839438,0.621970,1901,3226,1901,100.00,58.93
20260630_211325_905015,,0,terminate,2,8,1,1.042234,0.493043,1901,3226,1901,100.00,58.93
20260630_211325_905015,,0,terminate,2,8,2,0.956912,0.519776,1901,3226,1901,100.00,58.93
20260630_211325_905015,,0,terminate,2,8,3,0.846894,0.532815,1901,3226,1901,100.00,58.93
20260630_211325_905015,,0,terminate,2,8,4,1.373265,0.065575,1901,3226,1901,100.00,58.93
20260630_211325_905015,,0,terminate,2,8,5,0.865664,0.368814,1901,3226,1901,100.00,58.93
20260630_211325_905015,,0,terminate,2,8,6,1.055894,0.248975,1901,3226,1901,100.00,58.93
20260630_211325_905015,,0,terminate,2,8,7,0.666837,0.504892,1901,3226,1901,100.00,58.93
20260630_211325_905015,,0,terminate,2,9,0,0.952818,0.654083,1901,3226,1901,100.00,58.93
20260630_211325_905015,,0,terminate,2,9,1,0.769817,0.400490,1901,3226,1901,100.00,58.93
20260630_211325_905015,,0,terminate,2,9,2,1.077566,0.353553,1901,3226,1901,100.00,58.93
20260630_211325_905015,,0,terminate,2,9,3,1.098450,0.391536,1901,3226,1901,100.00,58.93
20260630_211325_905015,,0,terminate,2,9,4,1.059622,0.514586,1901,3226,1901,100.00,58.93
20260630_211325_905015,,0,terminate,2,9,5,0.632071,0.446389,1901,3226,1901,100.00,58.93
20260630_211325_905015,,0,terminate,2,9,6,0.659745,0.749600,1901,3226,1901,100.00,58.93
20260630_211325_905015,,0,terminate,2,9,7,0.474275,0.807547,1901,3226,1901,100.00,58.93
20260630_211325_905015,,0,terminate,2,10,0,1.102544,0.538743,1901,3226,1901,100.00,58.93
20260630_211325_905015,,0,terminate,2,10,1,1.011757,0.174676,1901,3226,1901,100.00,58.93
20260630_211325_905015,,0,terminate,2,10,2,1.190021,0.309519,1901,3226,1901,100.00,58.93
20260630_211325_905015,,0,terminate,2,10,3,0.783794,0.256283,1901,3226,1901,100.00,58.93
20260630_211325_905015,,0,terminate,2,10,4,1.684769,0.350825,1901,3226,1901,100.00,58.93
20260630_211325_905015,,0,terminate,2,10,5,0.839835,0.538059,1901,3226,1901,100.00,58.93
20260630_211325_905015,,0,terminate,2,10,6,0.986088,0.125253,1901,3226,1901,100.00,58.93
20260630_211325_905015,,0,terminate,2,10,7,1.209053,0.237674,1901,3226,1901,100.00,58.93
20260630_211325_905015,,0,terminate,2,11,0,1.344497,0.065277,1901,3226,1901,100.00,58.93
20260630_211325_905015,,0,terminate,2,11,1,1.206960,0.144137,1901,3226,1901,100.00,58.93
20260630_211325_905015,,0,terminate,2,11,2,0.906931,0.218870,1901,3226,1901,100.00,58.93
20260630_211325_905015,,0,terminate,2,11,3,1.279122,0.094070,1901,3226,1901,100.00,58.93
20260630_211325_905015,,0,terminate,2,11,4,1.551537,0.022441,1901,3226,1901,100.00,58.93
20260630_211325_905015,,0,terminate,2,11,5,1.341304,0.080301,1901,3226,1901,100.00,58.93
20260630_211325_905015,,0,terminate,2,11,6,1.211466,0.285355,1901,3226,1901,100.00,58.93
20260630_211325_905015,,0,terminate,2,11,7,0.960642,0.393810,1901,3226,1901,100.00,58.93
20260630_211325_905015,,0,terminate,2,12,0,1.030699,0.337282,1901,3226,1901,100.00,58.93
20260630_211325_905015,,0,terminate,2,12,1,1.625974,0.156791,1901,3226,1901,100.00,58.93
20260630_211325_905015,,0,terminate,2,12,2,1.065440,0.705624,1901,3226,1901,100.00,58.93
20260630_211325_905015,,0,terminate,2,12,3,1.159975,0.275282,1901,3226,1901,100.00,58.93
20260630_211325_905015,,0,terminate,2,12,4,1.312988,0.241142,1901,3226,1901,100.00,58.93
20260630_211325_905015,,0,terminate,2,12,5,1.441207,0.310894,1901,3226,1901,100.00,58.93
20260630_211325_905015,,0,terminate,2,12,6,1.655858,0.154384,1901,3226,1901,100.00,58.93
20260630_211325_905015,,0,terminate,2,12,7,1.355716,0.261402,1901,3226,1901,100.00,58.93
20260630_211325_905015,,0,terminate,2,13,0,1.543958,0.104663,1901,3226,1901,100.00,58.93
20260630_211325_905015,,0,terminate,2,13,1,1.354153,0.055524,1901,3226,1901,100.00,58.93
20260630_211325_905015,,0,terminate,2,13,2,1.531655,0.474850,1901,3226,1901,100.00,58.93
20260630_211325_905015,,0,terminate,2,13,3,1.735976,0.155704,1901,3226,1901,100.00,58.93
20260630_211325_905015,,0,terminate,2,13,4,1.706648,0.283125,1901,3226,1901,100.00,58.93
20260630_211325_905015,,0,terminate,2,13,5,1.360108,0.067530,1901,3226,1901,100.00,58.93
20260630_211325_905015,,0,terminate,2,13,6,1.909083,0.263712,1901,3226,1901,100.00,58.93
20260630_211325_905015,,0,terminate,2,13,7,1.263914,0.349487,1901,3226,1901,100.00,58.93
20260630_211325_905015,,0,terminate,2,14,0,0.867405,0.184931,1901,3226,1901,100.00,58.93
20260630_211325_905015,,0,terminate,2,14,1,0.896636,0.238958,1901,3226,1901,100.00,58.93
20260630_211325_905015,,0,terminate,2,14,2,0.958483,0.231685,1901,3226,1901,100.00,58.93
20260630_211325_905015,,0,terminate,2,14,3,1.043952,0.277204,1901,3226,1901,100.00,58.93
20260630_211325_905015,,0,terminate,2,14,4,1.352736,0.578520,1901,3226,1901,100.00,58.93
20260630_211325_905015,,0,terminate,2,14,5,1.022274,0.040553,1901,3226,1901,100.00,58.93
20260630_211325_905015,,0,terminate,2,14,6,1.402353,0.192254,1901,3226,1901,100.00,58.93
20260630_211325_905015,,0,terminate,2,14,7,1.337367,0.087869,1901,3226,1901,100.00,58.93
20260630_211325_905015,,0,terminate,2,15,0,1.160477,0.165865,1901,3226,1901,100.00,58.93
20260630_211325_905015,,0,terminate,2,15,1,1.436933,0.183450,1901,3226,1901,100.00,58.93
20260630_211325_905015,,0,terminate,2,15,2,1.489797,0.071335,1901,3226,1901,100.00,58.93
20260630_211325_905015,,0,terminate,2,15,3,1.197097,0.197181,1901,3226,1901,100.00,58.93
20260630_211325_905015,,0,terminate,2,15,4,1.365969,0.671471,1901,3226,1901,100.00,58.93
20260630_211325_905015,,0,terminate,2,15,5,1.295990,0.338245,1901,3226,1901,100.00,58.93
20260630_211325_905015,,0,terminate,2,15,6,1.330675,0.274321,1901,3226,1901,100.00,58.93
20260630_211325_905015,,0,terminate,2,15,7,1.294086,0.447354,1901,3226,1901,100.00,58.93
20260630_211325_905015,,0,terminate,2,16,0,1.091005,0.313039,1901,3226,1901,100.00,58.93
20260630_211325_905015,,0,terminate,2,16,1,0.945307,0.220292,1901,3226,1901,100.00,58.93
20260630_211325_905015,,0,terminate,2,16,2,1.699308,0.240999,1901,3226,1901,100.00,58.93
20260630_211325_905015,,0,terminate,2,16,3,1.461713,0.014861,1901,3226,1901,100.00,58.93
20260630_211325_905015,,0,terminate,2,16,4,1.607663,0.101297,1901,3226,1901,100.00,58.93
20260630_211325_905015,,0,terminate,2,16,5,1.823267,0.121211,1901,3226,1901,100.00,58.93
20260630_211325_905015,,0,terminate,2,16,6,1.419913,0.182089,1901,3226,1901,100.00,58.93
20260630_211325_905015,,0,terminate,2,16,7,1.087156,0.187327,1901,3226,1901,100.00,58.93
20260630_211325_905015,,0,terminate,2,17,0,1.326621,0.296275,1901,3226,1901,100.00,58.93
20260630_211325_905015,,0,terminate,2,17,1,0.773794,0.583660,1901,3226,1901,100.00,58.93
20260630_211325_905015,,0,terminate,2,17,2,1.366021,0.096195,1901,3226,1901,100.00,58.93
20260630_211325_905015,,0,terminate,2,17,3,1.140207,0.402372,1901,3226,1901,100.00,58.93
20260630_211325_905015,,0,terminate,2,17,4,1.199537,0.358907,1901,3226,1901,100.00,58.93
20260630_211325_905015,,0,terminate,2,17,5,1.140640,0.398884,1901,3226,1901,100.00,58.93
20260630_211325_905015,,0,terminate,2,17,6,1.535585,0.195568,1901,3226,1901,100.00,58.93
20260630_211325_905015,,0,terminate,2,17,7,1.767756,-0.151099,1901,3226,1901,100.00,58.93
20260630_211325_905015,,0,terminate,2,18,0,2.813658,-0.194911,1901,3226,1901,100.00,58.93
20260630_211325_905015,,0,terminate,2,18,1,1.208521,0.085127,1901,3226,1901,100.00,58.93
20260630_211325_905015,,0,terminate,2,18,2,1.946154,-0.006863,1901,3226,1901,100.00,58.93
20260630_211325_905015,,0,terminate,2,18,3,1.613202,0.313785,1901,3226,1901,100.00,58.93
20260630_211325_905015,,0,terminate,2,18,4,1.171160,0.251440,1901,3226,1901,100.00,58.93
20260630_211325_905015,,0,terminate,2,18,5,2.123757,-0.007750,1901,3226,1901,100.00,58.93
20260630_211325_905015,,0,terminate,2,18,6,1.235372,0.458683,1901,3226,1901,100.00,58.93
20260630_211325_905015,,0,terminate,2,18,7,1.435516,0.103596,1901,3226,1901,100.00,58.93
20260630_211325_905015,,0,terminate,2,19,0,1.225119,0.267976,1901,3226,1901,100.00,58.93
20260630_211325_905015,,0,terminate,2,19,1,1.240769,0.391548,1901,3226,1901,100.00,58.93
20260630_211325_905015,,0,terminate,2,19,2,1.454094,0.155419,1901,3226,1901,100.00,58.93
20260630_211325_905015,,0,terminate,2,19,3,1.620629,0.264495,1901,3226,1901,100.00,58.93
20260630_211325_905015,,0,terminate,2,19,4,1.807586,0.159376,1901,3226,1901,100.00,58.93
20260630_211325_905015,,0,terminate,2,19,5,1.669280,0.226760,1901,3226,1901,100.00,58.93
20260630_211325_905015,,0,terminate,2,19,6,1.467800,0.281526,1901,3226,1901,100.00,58.93
20260630_211325_905015,,0,terminate,2,19,7,1.664721,0.110565,1901,3226,1901,100.00,58.93
20260630_211325_905015,,0,terminate,2,20,0,2.755568,0.085205,1901,3226,1901,100.00,58.93
20260630_211325_905015,,0,terminate,2,20,1,1.769867,0.283957,1901,3226,1901,100.00,58.93
20260630_211325_905015,,0,terminate,2,20,2,2.326240,0.031409,1901,3226,1901,100.00,58.93
20260630_211325_905015,,0,terminate,2,20,3,1.670877,0.278942,1901,3226,1901,100.00,58.93
20260630_211325_905015,,0,terminate,2,20,4,1.884598,0.148362,1901,3226,1901,100.00,58.93
20260630_211325_905015,,0,terminate,2,20,5,1.801677,0.199919,1901,3226,1901,100.00,58.93
20260630_211325_905015,,0,terminate,2,20,6,1.931854,0.243389,1901,3226,1901,100.00,58.93
20260630_211325_905015,,0,terminate,2,20,7,2.443305,0.152087,1901,3226,1901,100.00,58.93
20260630_211325_905015,,0,terminate,2,21,0,2.363024,0.054825,1901,3226,1901,100.00,58.93
20260630_211325_905015,,0,terminate,2,21,1,2.591108,0.163752,1901,3226,1901,100.00,58.93
20260630_211325_905015,,0,terminate,2,21,2,2.051266,0.169109,1901,3226,1901,100.00,58.93
20260630_211325_905015,,0,terminate,2,21,3,2.649841,0.038369,1901,3226,1901,100.00,58.93
20260630_211325_905015,,0,terminate,2,21,4,2.401858,0.146027,1901,3226,1901,100.00,58.93
20260630_211325_905015,,0,terminate,2,21,5,1.826675,0.096514,1901,3226,1901,100.00,58.93
20260630_211325_905015,,0,terminate,2,21,6,1.839569,0.124508,1901,3226,1901,100.00,58.93
20260630_211325_905015,,0,terminate,2,21,7,1.900020,0.202929,1901,3226,1901,100.00,58.93
20260630_211325_905015,,0,terminate,2,22,0,1.663213,0.310455,1901,3226,1901,100.00,58.93
20260630_211325_905015,,0,terminate,2,22,1,2.155798,0.153469,1901,3226,1901,100.00,58.93
20260630_211325_905015,,0,terminate,2,22,2,2.370445,0.108928,1901,3226,1901,100.00,58.93
20260630_211325_905015,,0,terminate,2,22,3,2.428931,0.161117,1901,3226,1901,100.00,58.93
20260630_211325_905015,,0,terminate,2,22,4,1.984668,0.210374,1901,3226,1901,100.00,58.93
20260630_211325_905015,,0,terminate,2,22,5,2.726584,0.232303,1901,3226,1901,100.00,58.93
20260630_211325_905015,,0,terminate,2,22,6,1.820739,0.170654,1901,3226,1901,100.00,58.93
20260630_211325_905015,,0,terminate,2,22,7,2.305687,0.007654,1901,3226,1901,100.00,58.93
20260630_211325_905015,,0,terminate,2,23,0,2.699648,0.107009,1901,3226,1901,100.00,58.93
20260630_211325_905015,,0,terminate,2,23,1,3.073251,-0.004113,1901,3226,1901,100.00,58.93
20260630_211325_905015,,0,terminate,2,23,2,2.342972,-0.039394,1901,3226,1901,100.00,58.93
20260630_211325_905015,,0,terminate,2,23,3,2.466929,0.201860,1901,3226,1901,100.00,58.93
20260630_211325_905015,,0,terminate,2,23,4,2.697622,0.043440,1901,3226,1901,100.00,58.93
20260630_211325_905015,,0,terminate,2,23,5,2.704058,-0.046611,1901,3226,1901,100.00,58.93
20260630_211325_905015,,0,terminate,2,23,6,2.577944,0.111474,1901,3226,1901,100.00,58.93
20260630_211325_905015,,0,terminate,2,23,7,2.549069,0.272887,1901,3226,1901,100.00,58.93
20260630_211325_905015,,0,terminate,2,24,0,2.744017,0.149627,1901,3226,1901,100.00,58.93
20260630_211325_905015,,0,terminate,2,24,1,3.181706,0.119976,1901,3226,1901,100.00,58.93
20260630_211325_905015,,0,terminate,2,24,2,3.172742,0.152983,1901,3226,1901,100.00,58.93
20260630_211325_905015,,0,terminate,2,24,3,3.298670,0.157139,1901,3226,1901,100.00,58.93
20260630_211325_905015,,0,terminate,2,24,4,2.256668,0.112639,1901,3226,1901,100.00,58.93
20260630_211325_905015,,0,terminate,2,24,5,2.613713,0.092504,1901,3226,1901,100.00,58.93
20260630_211325_905015,,0,terminate,2,24,6,2.939188,0.221895,1901,3226,1901,100.00,58.93
20260630_211325_905015,,0,terminate,2,24,7,3.152302,0.089417,1901,3226,1901,100.00,58.93
20260630_211325_905015,,0,terminate,2,25,0,1.882269,0.273986,1901,3226,1901,100.00,58.93
20260630_211325_905015,,0,terminate,2,25,1,3.641946,0.090419,1901,3226,1901,100.00,58.93
20260630_211325_905015,,0,terminate,2,25,2,3.528275,0.099666,1901,3226,1901,100.00,58.93
20260630_211325_905015,,0,terminate,2,25,3,2.594351,0.077374,1901,3226,1901,100.00,58.93
20260630_211325_905015,,0,terminate,2,25,4,2.919179,0.065884,1901,3226,1901,100.00,58.93
20260630_211325_905015,,0,terminate,2,25,5,2.318578,0.311872,1901,3226,1901,100.00,58.93
20260630_211325_905015,,0,terminate,2,25,6,2.661905,0.055208,1901,3226,1901,100.00,58.93
20260630_211325_905015,,0,terminate,2,25,7,2.849066,-0.001004,1901,3226,1901,100.00,58.93
20260630_211325_905015,,0,terminate,2,26,0,2.605556,0.028025,1901,3226,1901,100.00,58.93
20260630_211325_905015,,0,terminate,2,26,1,3.347333,0.021163,1901,3226,1901,100.00,58.93
20260630_211325_905015,,0,terminate,2,26,2,2.042954,0.129594,1901,3226,1901,100.00,58.93
20260630_211325_905015,,0,terminate,2,26,3,2.488331,0.216060,1901,3226,1901,100.00,58.93
20260630_211325_905015,,0,terminate,2,26,4,3.656770,0.116903,1901,3226,1901,100.00,58.93
20260630_211325_905015,,0,terminate,2,26,5,1.870938,0.308176,1901,3226,1901,100.00,58.93
20260630_211325_905015,,0,terminate,2,26,6,2.921085,0.193610,1901,3226,1901,100.00,58.93
20260630_211325_905015,,0,terminate,2,26,7,2.571845,0.034450,1901,3226,1901,100.00,58.93
20260630_211325_905015,,0,terminate,2,27,0,3.503807,0.128197,1901,3226,1901,100.00,58.93
20260630_211325_905015,,0,terminate,2,27,1,3.928991,0.103696,1901,3226,1901,100.00,58.93
20260630_211325_905015,,0,terminate,2,27,2,3.234008,0.102628,1901,3226,1901,100.00,58.93
20260630_211325_905015,,0,terminate,2,27,3,2.222519,0.208204,1901,3226,1901,100.00,58.93
20260630_211325_905015,,0,terminate,2,27,4,4.105093,0.066827,1901,3226,1901,100.00,58.93
20260630_211325_905015,,0,terminate,2,27,5,3.070429,0.163331,1901,3226,1901,100.00,58.93
20260630_211325_905015,,0,terminate,2,27,6,3.333424,0.265973,1901,3226,1901,100.00,58.93
20260630_211325_905015,,0,terminate,2,27,7,2.719804,0.230069,1901,3226,1901,100.00,58.93
20260630_211325_905015,,0,terminate,2,28,0,3.583931,0.181065,1901,3226,1901,100.00,58.93
20260630_211325_905015,,0,terminate,2,28,1,2.583884,0.188649,1901,3226,1901,100.00,58.93
20260630_211325_905015,,0,terminate,2,28,2,4.181275,0.185703,1901,3226,1901,100.00,58.93
20260630_211325_905015,,0,terminate,2,28,3,3.163435,0.317147,1901,3226,1901,100.00,58.93
20260630_211325_905015,,0,terminate,2,28,4,4.039753,0.221891,1901,3226,1901,100.00,58.93
20260630_211325_905015,,0,terminate,2,28,5,3.963394,0.097743,1901,3226,1901,100.00,58.93
20260630_211325_905015,,0,terminate,2,28,6,4.792001,0.191645,1901,3226,1901,100.00,58.93
20260630_211325_905015,,0,terminate,2,28,7,2.918926,0.024058,1901,3226,1901,100.00,58.93
20260630_211325_905015,,0,terminate,2,29,0,4.042895,0.325397,1901,3226,1901,100.00,58.93
20260630_211325_905015,,0,terminate,2,29,1,5.416986,0.006653,1901,3226,1901,100.00,58.93
20260630_211325_905015,,0,terminate,2,29,2,3.578031,0.160917,1901,3226,1901,100.00,58.93
20260630_211325_905015,,0,terminate,2,29,3,4.237506,0.259583,1901,3226,1901,100.00,58.93
20260630_211325_905015,,0,terminate,2,29,4,5.119008,0.222263,1901,3226,1901,100.00,58.93
20260630_211325_905015,,0,terminate,2,29,5,4.775871,0.211184,1901,3226,1901,100.00,58.93
20260630_211325_905015,,0,terminate,2,29,6,3.663546,0.336006,1901,3226,1901,100.00,58.93
20260630_211325_905015,,0,terminate,2,29,7,4.568797,0.516709,1901,3226,1901,100.00,58.93
20260630_211325_905015,,0,terminate,2,30,0,5.468547,-0.047514,1901,3226,1901,100.00,58.93
20260630_211325_905015,,0,terminate,2,30,1,3.867415,0.384883,1901,3226,1901,100.00,58.93
20260630_211325_905015,,0,terminate,2,30,2,6.772330,-0.013912,1901,3226,1901,100.00,58.93
20260630_211325_905015,,0,terminate,2,30,3,5.345832,0.385845,1901,3226,1901,100.00,58.93
20260630_211325_905015,,0,terminate,2,30,4,7.509379,0.143291,1901,3226,1901,100.00,58.93
20260630_211325_905015,,0,terminate,2,30,5,5.398494,0.039394,1901,3226,1901,100.00,58.93
20260630_211325_905015,,0,terminate,2,30,6,6.889118,0.121563,1901,3226,1901,100.00,58.93
20260630_211325_905015,,0,terminate,2,30,7,6.870101,0.175716,1901,3226,1901,100.00,58.93
20260630_211325_905015,,0,terminate,2,31,0,3.738998,0.390271,1901,3226,1901,100.00,58.93
20260630_211325_905015,,0,terminate,2,31,1,7.485984,0.093601,1901,3226,1901,100.00,58.93
20260630_211325_905015,,0,terminate,2,31,2,5.202880,0.351173,1901,3226,1901,100.00,58.93
20260630_211325_905015,,0,terminate,2,31,3,5.874365,0.029623,1901,3226,1901,100.00,58.93
20260630_211325_905015,,0,terminate,2,31,4,6.708870,0.167302,1901,3226,1901,100.00,58.93
20260630_211325_905015,,0,terminate,2,31,5,6.869540,0.134018,1901,3226,1901,100.00,58.93
20260630_211325_905015,,0,terminate,2,31,6,5.884106,0.003623,1901,3226,1901,100.00,58.93
20260630_211325_905015,,0,terminate,2,31,7,5.203521,0.182408,1901,3226,1901,100.00,58.93
20260630_211325_905015,,0,terminate,2,32,0,2.785865,0.465438,1901,3226,1901,100.00,58.93
20260630_211325_905015,,0,terminate,2,32,1,3.426200,0.317858,1901,3226,1901,100.00,58.93
20260630_211325_905015,,0,terminate,2,32,2,2.701875,0.518304,1901,3226,1901,100.00,58.93
20260630_211325_905015,,0,terminate,2,32,3,2.284030,0.360504,1901,3226,1901,100.00,58.93
20260630_211325_905015,,0,terminate,2,32,4,2.816837,0.270191,1901,3226,1901,100.00,58.93
20260630_211325_905015,,0,terminate,2,32,5,2.992183,0.312251,1901,3226,1901,100.00,58.93
20260630_211325_905015,,0,terminate,2,32,6,3.179571,0.236818,1901,3226,1901,100.00,58.93
20260630_211325_905015,,0,terminate,2,32,7,2.135304,0.368825,1901,3226,1901,100.00,58.93
20260630_211325_905015,,0,terminate,2,33,0,3.352144,0.473620,1901,3226,1901,100.00,58.93
20260630_211325_905015,,0,terminate,2,33,1,2.386301,0.607004,1901,3226,1901,100.00,58.93
20260630_211325_905015,,0,terminate,2,33,2,2.961042,0.401380,1901,3226,1901,100.00,58.93
20260630_211325_905015,,0,terminate,2,33,3,3.055974,0.375644,1901,3226,1901,100.00,58.93
20260630_211325_905015,,0,terminate,2,33,4,3.063336,0.249345,1901,3226,1901,100.00,58.93
20260630_211325_905015,,0,terminate,2,33,5,2.094999,0.393522,1901,3226,1901,100.00,58.93
20260630_211325_905015,,0,terminate,2,33,6,2.100071,0.532173,1901,3226,1901,100.00,58.93
20260630_211325_905015,,0,terminate,2,33,7,2.973193,0.572509,1901,3226,1901,100.00,58.93
20260630_211325_905015,,0,terminate,2,34,0,2.650722,0.417693,1901,3226,1901,100.00,58.93
20260630_211325_905015,,0,terminate,2,34,1,3.040414,0.005949,1901,3226,1901,100.00,58.93
20260630_211325_905015,,0,terminate,2,34,2,2.726313,0.277558,1901,3226,1901,100.00,58.93
20260630_211325_905015,,0,terminate,2,34,3,2.667140,0.105787,1901,3226,1901,100.00,58.93
20260630_211325_905015,,0,terminate,2,34,4,3.809077,0.303578,1901,3226,1901,100.00,58.93
20260630_211325_905015,,0,terminate,2,34,5,2.644092,0.529419,1901,3226,1901,100.00,58.93
20260630_211325_905015,,0,terminate,2,34,6,2.413727,0.063495,1901,3226,1901,100.00,58.93
20260630_211325_905015,,0,terminate,2,34,7,3.076909,0.412978,1901,3226,1901,100.00,58.93
20260630_211325_905015,,0,terminate,2,35,0,3.442021,0.156414,1901,3226,1901,100.00,58.93
20260630_211325_905015,,0,terminate,2,35,1,3.290111,0.370135,1901,3226,1901,100.00,58.93
20260630_211325_905015,,0,terminate,2,35,2,2.691570,0.105241,1901,3226,1901,100.00,58.93
20260630_211325_905015,,0,terminate,2,35,3,3.256103,0.131698,1901,3226,1901,100.00,58.93
20260630_211325_905015,,0,terminate,2,35,4,3.442835,0.038816,1901,3226,1901,100.00,58.93
20260630_211325_905015,,0,terminate,2,35,5,3.154172,0.024728,1901,3226,1901,100.00,58.93
20260630_211325_905015,,0,terminate,2,35,6,2.933345,0.095051,1901,3226,1901,100.00,58.93
20260630_211325_905015,,0,terminate,2,35,7,2.375639,0.284183,1901,3226,1901,100.00,58.93
20260630_211325_905015,,0,terminate,2,36,0,2.655963,0.219467,1901,3226,1901,100.00,58.93
20260630_211325_905015,,0,terminate,2,36,1,2.669571,0.116922,1901,3226,1901,100.00,58.93
20260630_211325_905015,,0,terminate,2,36,2,3.050065,0.688252,1901,3226,1901,100.00,58.93
20260630_211325_905015,,0,terminate,2,36,3,2.671913,0.300828,1901,3226,1901,100.00,58.93
20260630_211325_905015,,0,terminate,2,36,4,2.340885,0.287353,1901,3226,1901,100.00,58.93
20260630_211325_905015,,0,terminate,2,36,5,2.602208,-0.005420,1901,3226,1901,100.00,58.93
20260630_211325_905015,,0,terminate,2,36,6,2.772229,0.198556,1901,3226,1901,100.00,58.93
20260630_211325_905015,,0,terminate,2,36,7,2.730121,0.183456,1901,3226,1901,100.00,58.93
20260630_211325_905015,,0,terminate,2,37,0,3.815895,0.213069,1901,3226,1901,100.00,58.93
20260630_211325_905015,,0,terminate,2,37,1,3.113547,0.275663,1901,3226,1901,100.00,58.93
20260630_211325_905015,,0,terminate,2,37,2,2.799585,0.562988,1901,3226,1901,100.00,58.93
20260630_211325_905015,,0,terminate,2,37,3,3.484893,0.088657,1901,3226,1901,100.00,58.93
20260630_211325_905015,,0,terminate,2,37,4,3.352268,0.247703,1901,3226,1901,100.00,58.93
20260630_211325_905015,,0,terminate,2,37,5,2.589338,-0.010423,1901,3226,1901,100.00,58.93
20260630_211325_905015,,0,terminate,2,37,6,4.133312,0.486834,1901,3226,1901,100.00,58.93
20260630_211325_905015,,0,terminate,2,37,7,2.777817,0.251456,1901,3226,1901,100.00,58.93
20260630_211325_905015,,0,terminate,2,38,0,1.937520,0.279173,1901,3226,1901,100.00,58.93
20260630_211325_905015,,0,terminate,2,38,1,1.647348,0.234486,1901,3226,1901,100.00,58.93
20260630_211325_905015,,0,terminate,2,38,2,2.703214,0.450174,1901,3226,1901,100.00,58.93
20260630_211325_905015,,0,terminate,2,38,3,3.141152,0.044951,1901,3226,1901,100.00,58.93
20260630_211325_905015,,0,terminate,2,38,4,4.702814,0.584536,1901,3226,1901,100.00,58.93
20260630_211325_905015,,0,terminate,2,38,5,3.232514,0.103145,1901,3226,1901,100.00,58.93
20260630_211325_905015,,0,terminate,2,38,6,3.180013,0.400009,1901,3226,1901,100.00,58.93
20260630_211325_905015,,0,terminate,2,38,7,3.487584,0.228585,1901,3226,1901,100.00,58.93
20260630_211325_905015,,0,terminate,2,39,0,3.394600,0.158438,1901,3226,1901,100.00,58.93
20260630_211325_905015,,0,terminate,2,39,1,3.011850,0.417725,1901,3226,1901,100.00,58.93
20260630_211325_905015,,0,terminate,2,39,2,3.283419,0.222114,1901,3226,1901,100.00,58.93
20260630_211325_905015,,0,terminate,2,39,3,3.238790,0.200811,1901,3226,1901,100.00,58.93
20260630_211325_905015,,0,terminate,2,39,4,3.868832,0.291973,1901,3226,1901,100.00,58.93
20260630_211325_905015,,0,terminate,2,39,5,3.848765,0.112251,1901,3226,1901,100.00,58.93
20260630_211325_905015,,0,terminate,2,39,6,3.522560,0.230363,1901,3226,1901,100.00,58.93
20260630_211325_905015,,0,terminate,2,39,7,3.149602,0.422769,1901,3226,1901,100.00,58.93
20260630_211325_905015,,0,terminate,2,40,0,3.022305,0.278782,1901,3226,1901,100.00,58.93
20260630_211325_905015,,0,terminate,2,40,1,4.866042,0.283601,1901,3226,1901,100.00,58.93
20260630_211325_905015,,0,terminate,2,40,2,3.757529,0.294146,1901,3226,1901,100.00,58.93
20260630_211325_905015,,0,terminate,2,40,3,4.292251,0.013909,1901,3226,1901,100.00,58.93
20260630_211325_905015,,0,terminate,2,40,4,4.567180,0.277673,1901,3226,1901,100.00,58.93
20260630_211325_905015,,0,terminate,2,40,5,4.741000,0.285143,1901,3226,1901,100.00,58.93
20260630_211325_905015,,0,terminate,2,40,6,4.271808,0.224737,1901,3226,1901,100.00,58.93
20260630_211325_905015,,0,terminate,2,40,7,4.332460,0.237462,1901,3226,1901,100.00,58.93
20260630_211325_905015,,0,terminate,2,41,0,4.939325,0.122387,1901,3226,1901,100.00,58.93
20260630_211325_905015,,0,terminate,2,41,1,3.528373,0.240737,1901,3226,1901,100.00,58.93
20260630_211325_905015,,0,terminate,2,41,2,3.599318,0.071776,1901,3226,1901,100.00,58.93
20260630_211325_905015,,0,terminate,2,41,3,3.771649,0.333083,1901,3226,1901,100.00,58.93
20260630_211325_905015,,0,terminate,2,41,4,3.238162,0.183126,1901,3226,1901,100.00,58.93
20260630_211325_905015,,0,terminate,2,41,5,3.628825,0.050975,1901,3226,1901,100.00,58.93
20260630_211325_905015,,0,terminate,2,41,6,3.750556,0.271387,1901,3226,1901,100.00,58.93
20260630_211325_905015,,0,terminate,2,41,7,4.266894,0.113687,1901,3226,1901,100.00,58.93
20260630_211325_905015,,0,terminate,2,42,0,5.640360,0.290646,1901,3226,1901,100.00,58.93
20260630_211325_905015,,0,terminate,2,42,1,3.220053,0.051884,1901,3226,1901,100.00,58.93
20260630_211325_905015,,0,terminate,2,42,2,5.084970,0.266406,1901,3226,1901,100.00,58.93
20260630_211325_905015,,0,terminate,2,42,3,4.725437,0.438413,1901,3226,1901,100.00,58.93
20260630_211325_905015,,0,terminate,2,42,4,3.081155,0.175329,1901,3226,1901,100.00,58.93
20260630_211325_905015,,0,terminate,2,42,5,4.132461,0.305260,1901,3226,1901,100.00,58.93
20260630_211325_905015,,0,terminate,2,42,6,4.180332,0.134354,1901,3226,1901,100.00,58.93
20260630_211325_905015,,0,terminate,2,42,7,4.401941,0.194397,1901,3226,1901,100.00,58.93
20260630_211325_905015,,0,terminate,2,43,0,3.896123,0.114439,1901,3226,1901,100.00,58.93
20260630_211325_905015,,0,terminate,2,43,1,4.149352,0.208257,1901,3226,1901,100.00,58.93
20260630_211325_905015,,0,terminate,2,43,2,3.918655,0.147098,1901,3226,1901,100.00,58.93
20260630_211325_905015,,0,terminate,2,43,3,4.266478,0.256038,1901,3226,1901,100.00,58.93
20260630_211325_905015,,0,terminate,2,43,4,5.177682,0.130814,1901,3226,1901,100.00,58.93
20260630_211325_905015,,0,terminate,2,43,5,7.032701,0.156361,1901,3226,1901,100.00,58.93
20260630_211325_905015,,0,terminate,2,43,6,4.316548,0.056394,1901,3226,1901,100.00,58.93
20260630_211325_905015,,0,terminate,2,43,7,4.775463,0.455045,1901,3226,1901,100.00,58.93
20260630_211325_905015,,0,terminate,2,44,0,6.966117,-0.009007,1901,3226,1901,100.00,58.93
20260630_211325_905015,,0,terminate,2,44,1,5.061981,0.233034,1901,3226,1901,100.00,58.93
20260630_211325_905015,,0,terminate,2,44,2,6.167542,0.001298,1901,3226,1901,100.00,58.93
20260630_211325_905015,,0,terminate,2,44,3,5.974317,0.122007,1901,3226,1901,100.00,58.93
20260630_211325_905015,,0,terminate,2,44,4,5.555554,0.041860,1901,3226,1901,100.00,58.93
20260630_211325_905015,,0,terminate,2,44,5,4.605229,0.184162,1901,3226,1901,100.00,58.93
20260630_211325_905015,,0,terminate,2,44,6,5.658297,0.252508,1901,3226,1901,100.00,58.93
20260630_211325_905015,,0,terminate,2,44,7,5.835080,0.208182,1901,3226,1901,100.00,58.93
20260630_211325_905015,,0,terminate,2,45,0,5.534566,0.524580,1901,3226,1901,100.00,58.93
20260630_211325_905015,,0,terminate,2,45,1,6.801838,0.386928,1901,3226,1901,100.00,58.93
20260630_211325_905015,,0,terminate,2,45,2,5.378508,0.361844,1901,3226,1901,100.00,58.93
20260630_211325_905015,,0,terminate,2,45,3,5.204049,0.253652,1901,3226,1901,100.00,58.93
20260630_211325_905015,,0,terminate,2,45,4,4.504286,0.235650,1901,3226,1901,100.00,58.93
20260630_211325_905015,,0,terminate,2,45,5,6.804523,0.107837,1901,3226,1901,100.00,58.93
20260630_211325_905015,,0,terminate,2,45,6,5.212269,0.081127,1901,3226,1901,100.00,58.93
20260630_211325_905015,,0,terminate,2,45,7,4.374132,-0.012086,1901,3226,1901,100.00,58.93
20260630_211325_905015,,0,terminate,2,46,0,6.432859,0.288982,1901,3226,1901,100.00,58.93
20260630_211325_905015,,0,terminate,2,46,1,5.717616,0.275422,1901,3226,1901,100.00,58.93
20260630_211325_905015,,0,terminate,2,46,2,7.259219,0.150263,1901,3226,1901,100.00,58.93
20260630_211325_905015,,0,terminate,2,46,3,6.500660,0.284080,1901,3226,1901,100.00,58.93
20260630_211325_905015,,0,terminate,2,46,4,5.209624,0.141613,1901,3226,1901,100.00,58.93
20260630_211325_905015,,0,terminate,2,46,5,6.085830,0.141816,1901,3226,1901,100.00,58.93
20260630_211325_905015,,0,terminate,2,46,6,4.297650,0.090598,1901,3226,1901,100.00,58.93
20260630_211325_905015,,0,terminate,2,46,7,7.335995,0.271921,1901,3226,1901,100.00,58.93
20260630_211325_905015,,0,terminate,2,47,0,5.692153,0.123772,1901,3226,1901,100.00,58.93
20260630_211325_905015,,0,terminate,2,47,1,7.292503,0.184056,1901,3226,1901,100.00,58.93
20260630_211325_905015,,0,terminate,2,47,2,7.256970,0.210201,1901,3226,1901,100.00,58.93
20260630_211325_905015,,0,terminate,2,47,3,5.962409,0.235864,1901,3226,1901,100.00,58.93
20260630_211325_905015,,0,terminate,2,47,4,5.519500,0.173174,1901,3226,1901,100.00,58.93
20260630_211325_905015,,0,terminate,2,47,5,6.184030,-0.094305,1901,3226,1901,100.00,58.93
20260630_211325_905015,,0,terminate,2,47,6,6.160766,0.168971,1901,3226,1901,100.00,58.93
20260630_211325_905015,,0,terminate,2,47,7,6.911334,0.305903,1901,3226,1901,100.00,58.93
20260630_211325_905015,,0,terminate,2,48,0,6.813996,0.448261,1901,3226,1901,100.00,58.93
20260630_211325_905015,,0,terminate,2,48,1,7.325191,-0.019620,1901,3226,1901,100.00,58.93
20260630_211325_905015,,0,terminate,2,48,2,7.035889,0.081016,1901,3226,1901,100.00,58.93
20260630_211325_905015,,0,terminate,2,48,3,6.688295,0.056057,1901,3226,1901,100.00,58.93
20260630_211325_905015,,0,terminate,2,48,4,5.457131,0.277151,1901,3226,1901,100.00,58.93
20260630_211325_905015,,0,terminate,2,48,5,4.235063,0.085257,1901,3226,1901,100.00,58.93
20260630_211325_905015,,0,terminate,2,48,6,6.715025,0.142064,1901,3226,1901,100.00,58.93
20260630_211325_905015,,0,terminate,2,48,7,6.767975,0.107270,1901,3226,1901,100.00,58.93
20260630_211325_905015,,0,terminate,2,49,0,3.824460,0.322455,1901,3226,1901,100.00,58.93
20260630_211325_905015,,0,terminate,2,49,1,8.727368,0.170324,1901,3226,1901,100.00,58.93
20260630_211325_905015,,0,terminate,2,49,2,9.125341,0.091991,1901,3226,1901,100.00,58.93
20260630_211325_905015,,0,terminate,2,49,3,5.018648,0.185264,1901,3226,1901,100.00,58.93
20260630_211325_905015,,0,terminate,2,49,4,9.187904,0.291901,1901,3226,1901,100.00,58.93
20260630_211325_905015,,0,terminate,2,49,5,6.039035,0.173864,1901,3226,1901,100.00,58.93
20260630_211325_905015,,0,terminate,2,49,6,5.184924,0.160154,1901,3226,1901,100.00,58.93
20260630_211325_905015,,0,terminate,2,49,7,5.700111,0.257162,1901,3226,1901,100.00,58.93
20260630_211325_905015,,0,terminate,2,50,0,8.062942,0.147627,1901,3226,1901,100.00,58.93
20260630_211325_905015,,0,terminate,2,50,1,9.904167,0.430240,1901,3226,1901,100.00,58.93
20260630_211325_905015,,0,terminate,2,50,2,4.649362,0.315134,1901,3226,1901,100.00,58.93
20260630_211325_905015,,0,terminate,2,50,3,6.689978,0.231939,1901,3226,1901,100.00,58.93
20260630_211325_905015,,0,terminate,2,50,4,8.118292,0.226898,1901,3226,1901,100.00,58.93
20260630_211325_905015,,0,terminate,2,50,5,4.538278,0.290230,1901,3226,1901,100.00,58.93
20260630_211325_905015,,0,terminate,2,50,6,6.915076,0.068458,1901,3226,1901,100.00,58.93
20260630_211325_905015,,0,terminate,2,50,7,7.626131,0.143810,1901,3226,1901,100.00,58.93
20260630_211325_905015,,0,terminate,2,51,0,10.462201,0.204932,1901,3226,1901,100.00,58.93
20260630_211325_905015,,0,terminate,2,51,1,10.874581,0.072390,1901,3226,1901,100.00,58.93
20260630_211325_905015,,0,terminate,2,51,2,13.036646,0.288928,1901,3226,1901,100.00,58.93
20260630_211325_905015,,0,terminate,2,51,3,5.930916,0.509618,1901,3226,1901,100.00,58.93
20260630_211325_905015,,0,terminate,2,51,4,8.398932,0.159671,1901,3226,1901,100.00,58.93
20260630_211325_905015,,0,terminate,2,51,5,7.266197,0.114315,1901,3226,1901,100.00,58.93
20260630_211325_905015,,0,terminate,2,51,6,7.835509,0.332039,1901,3226,1901,100.00,58.93
20260630_211325_905015,,0,terminate,2,51,7,9.701861,0.108669,1901,3226,1901,100.00,58.93
20260630_211325_905015,,0,terminate,2,52,0,9.449990,0.036683,1901,3226,1901,100.00,58.93
20260630_211325_905015,,0,terminate,2,52,1,5.718870,0.202096,1901,3226,1901,100.00,58.93
20260630_211325_905015,,0,terminate,2,52,2,11.625262,0.280401,1901,3226,1901,100.00,58.93
20260630_211325_905015,,0,terminate,2,52,3,8.159107,0.380926,1901,3226,1901,100.00,58.93
20260630_211325_905015,,0,terminate,2,52,4,10.616196,0.296387,1901,3226,1901,100.00,58.93
20260630_211325_905015,,0,terminate,2,52,5,11.147459,0.281296,1901,3226,1901,100.00,58.93
20260630_211325_905015,,0,terminate,2,52,6,10.548259,0.423967,1901,3226,1901,100.00,58.93
20260630_211325_905015,,0,terminate,2,52,7,6.936544,0.105225,1901,3226,1901,100.00,58.93
20260630_211325_905015,,0,terminate,2,53,0,9.841534,0.389246,1901,3226,1901,100.00,58.93
20260630_211325_905015,,0,terminate,2,53,1,13.589307,0.101606,1901,3226,1901,100.00,58.93
20260630_211325_905015,,0,terminate,2,53,2,8.276685,0.213745,1901,3226,1901,100.00,58.93
20260630_211325_905015,,0,terminate,2,53,3,10.622539,0.383039,1901,3226,1901,100.00,58.93
20260630_211325_905015,,0,terminate,2,53,4,11.597019,0.315214,1901,3226,1901,100.00,58.93
20260630_211325_905015,,0,terminate,2,53,5,14.535409,0.373935,1901,3226,1901,100.00,58.93
20260630_211325_905015,,0,terminate,2,53,6,7.848822,0.185070,1901,3226,1901,100.00,58.93
20260630_211325_905015,,0,terminate,2,53,7,14.509661,0.437709,1901,3226,1901,100.00,58.93
20260630_211325_905015,,0,terminate,2,54,0,13.402148,0.047217,1901,3226,1901,100.00,58.93
20260630_211325_905015,,0,terminate,2,54,1,8.874458,0.177740,1901,3226,1901,100.00,58.93
20260630_211325_905015,,0,terminate,2,54,2,14.541359,0.330613,1901,3226,1901,100.00,58.93
20260630_211325_905015,,0,terminate,2,54,3,17.049126,0.410654,1901,3226,1901,100.00,58.93
20260630_211325_905015,,0,terminate,2,54,4,14.124040,0.235673,1901,3226,1901,100.00,58.93
20260630_211325_905015,,0,terminate,2,54,5,11.502637,0.097298,1901,3226,1901,100.00,58.93
20260630_211325_905015,,0,terminate,2,54,6,17.320504,-0.008039,1901,3226,1901,100.00,58.93
20260630_211325_905015,,0,terminate,2,54,7,27.614756,0.410162,1901,3226,1901,100.00,58.93
20260630_211325_905015,,0,terminate,2,55,0,9.757094,0.354603,1901,3226,1901,100.00,58.93
20260630_211325_905015,,0,terminate,2,55,1,16.917349,0.246152,1901,3226,1901,100.00,58.93
20260630_211325_905015,,0,terminate,2,55,2,12.819327,0.349701,1901,3226,1901,100.00,58.93
20260630_211325_905015,,0,terminate,2,55,3,14.916006,0.373800,1901,3226,1901,100.00,58.93
20260630_211325_905015,,0,terminate,2,55,4,16.019425,0.364261,1901,3226,1901,100.00,58.93
20260630_211325_905015,,0,terminate,2,55,5,17.566209,0.114865,1901,3226,1901,100.00,58.93
20260630_211325_905015,,0,terminate,2,55,6,17.434472,0.181716,1901,3226,1901,100.00,58.93
20260630_211325_905015,,0,terminate,2,55,7,17.232884,0.293070,1901,3226,1901,100.00,58.93
20260630_211325_905015,,0,terminate,2,56,0,12.876387,0.371693,1901,3226,1901,100.00,58.93
20260630_211325_905015,,0,terminate,2,56,1,13.200535,0.170379,1901,3226,1901,100.00,58.93
20260630_211325_905015,,0,terminate,2,56,2,13.718471,0.303312,1901,3226,1901,100.00,58.93
20260630_211325_905015,,0,terminate,2,56,3,20.094293,0.430564,1901,3226,1901,100.00,58.93
20260630_211325_905015,,0,terminate,2,56,4,22.163316,0.531014,1901,3226,1901,100.00,58.93
20260630_211325_905015,,0,terminate,2,56,5,16.271936,0.303629,1901,3226,1901,100.00,58.93
20260630_211325_905015,,0,terminate,2,56,6,15.883474,0.590846,1901,3226,1901,100.00,58.93
20260630_211325_905015,,0,terminate,2,56,7,26.116157,0.295786,1901,3226,1901,100.00,58.93
20260630_211325_905015,,0,terminate,2,57,0,20.884198,0.100984,1901,3226,1901,100.00,58.93
20260630_211325_905015,,0,terminate,2,57,1,16.656867,0.313463,1901,3226,1901,100.00,58.93
20260630_211325_905015,,0,terminate,2,57,2,20.605405,0.253816,1901,3226,1901,100.00,58.93
20260630_211325_905015,,0,terminate,2,57,3,22.085719,0.265684,1901,3226,1901,100.00,58.93
20260630_211325_905015,,0,terminate,2,57,4,16.347012,0.180388,1901,3226,1901,100.00,58.93
20260630_211325_905015,,0,terminate,2,57,5,20.402762,0.254655,1901,3226,1901,100.00,58.93
20260630_211325_905015,,0,terminate,2,57,6,20.834847,0.313281,1901,3226,1901,100.00,58.93
20260630_211325_905015,,0,terminate,2,57,7,18.826816,0.454542,1901,3226,1901,100.00,58.93
20260630_211325_905015,,0,terminate,2,58,0,31.324992,0.230834,1901,3226,1901,100.00,58.93
20260630_211325_905015,,0,terminate,2,58,1,22.293322,0.290700,1901,3226,1901,100.00,58.93
20260630_211325_905015,,0,terminate,2,58,2,24.359182,0.407971,1901,3226,1901,100.00,58.93
20260630_211325_905015,,0,terminate,2,58,3,23.277995,0.399314,1901,3226,1901,100.00,58.93
20260630_211325_905015,,0,terminate,2,58,4,25.165964,0.370639,1901,3226,1901,100.00,58.93
20260630_211325_905015,,0,terminate,2,58,5,26.777220,0.350850,1901,3226,1901,100.00,58.93
20260630_211325_905015,,0,terminate,2,58,6,24.696749,0.216219,1901,3226,1901,100.00,58.93
20260630_211325_905015,,0,terminate,2,58,7,23.599176,0.318589,1901,3226,1901,100.00,58.93
20260630_211325_905015,,0,terminate,2,59,0,29.028473,0.266823,1901,3226,1901,100.00,58.93
20260630_211325_905015,,0,terminate,2,59,1,31.011146,0.264634,1901,3226,1901,100.00,58.93
20260630_211325_905015,,0,terminate,2,59,2,30.591449,0.116469,1901,3226,1901,100.00,58.93
20260630_211325_905015,,0,terminate,2,59,3,25.213927,0.306577,1901,3226,1901,100.00,58.93
20260630_211325_905015,,0,terminate,2,59,4,25.477684,0.348943,1901,3226,1901,100.00,58.93
20260630_211325_905015,,0,terminate,2,59,5,27.866246,0.416280,1901,3226,1901,100.00,58.93
20260630_211325_905015,,0,terminate,2,59,6,28.443058,0.216723,1901,3226,1901,100.00,58.93
20260630_211325_905015,,0,terminate,2,59,7,20.602309,0.339868,1901,3226,1901,100.00,58.93
20260630_211325_905015,,0,terminate,2,60,0,21.951158,0.534191,1901,3226,1901,100.00,58.93
20260630_211325_905015,,0,terminate,2,60,1,30.011771,0.755099,1901,3226,1901,100.00,58.93
20260630_211325_905015,,0,terminate,2,60,2,20.504181,0.351199,1901,3226,1901,100.00,58.93
20260630_211325_905015,,0,terminate,2,60,3,22.776632,0.385411,1901,3226,1901,100.00,58.93
20260630_211325_905015,,0,terminate,2,60,4,24.142782,0.392075,1901,3226,1901,100.00,58.93
20260630_211325_905015,,0,terminate,2,60,5,27.065741,0.278001,1901,3226,1901,100.00,58.93
20260630_211325_905015,,0,terminate,2,60,6,33.946067,0.431466,1901,3226,1901,100.00,58.93
20260630_211325_905015,,0,terminate,2,60,7,24.357070,0.557089,1901,3226,1901,100.00,58.93
20260630_211325_905015,,0,terminate,2,61,0,35.180499,0.224971,1901,3226,1901,100.00,58.93
20260630_211325_905015,,0,terminate,2,61,1,30.529439,0.255575,1901,3226,1901,100.00,58.93
20260630_211325_905015,,0,terminate,2,61,2,31.722095,0.133155,1901,3226,1901,100.00,58.93
20260630_211325_905015,,0,terminate,2,61,3,35.394725,0.191006,1901,3226,1901,100.00,58.93
20260630_211325_905015,,0,terminate,2,61,4,45.049022,0.319650,1901,3226,1901,100.00,58.93
20260630_211325_905015,,0,terminate,2,61,5,30.516604,0.377110,1901,3226,1901,100.00,58.93
20260630_211325_905015,,0,terminate,2,61,6,35.143034,0.415722,1901,3226,1901,100.00,58.93
20260630_211325_905015,,0,terminate,2,61,7,35.692157,0.631094,1901,3226,1901,100.00,58.93
20260630_211325_905015,,0,terminate,2,62,0,30.790405,0.798477,1901,3226,1901,100.00,58.93
20260630_211325_905015,,0,terminate,2,62,1,26.367994,0.180311,1901,3226,1901,100.00,58.93
20260630_211325_905015,,0,terminate,2,62,2,31.868131,0.256894,1901,3226,1901,100.00,58.93
20260630_211325_905015,,0,terminate,2,62,3,31.348550,0.289768,1901,3226,1901,100.00,58.93
20260630_211325_905015,,0,terminate,2,62,4,34.919336,0.389508,1901,3226,1901,100.00,58.93
20260630_211325_905015,,0,terminate,2,62,5,28.445888,0.383821,1901,3226,1901,100.00,58.93
20260630_211325_905015,,0,terminate,2,62,6,43.332550,0.432287,1901,3226,1901,100.00,58.93
20260630_211325_905015,,0,terminate,2,62,7,39.498356,0.271936,1901,3226,1901,100.00,58.93
20260630_211325_905015,,0,terminate,2,63,0,24.015893,0.309161,1901,3226,1901,100.00,58.93
20260630_211325_905015,,0,terminate,2,63,1,25.915343,0.220888,1901,3226,1901,100.00,58.93
20260630_211325_905015,,0,terminate,2,63,2,31.956631,0.512247,1901,3226,1901,100.00,58.93
20260630_211325_905015,,0,terminate,2,63,3,23.991921,0.015864,1901,3226,1901,100.00,58.93
20260630_211325_905015,,0,terminate,2,63,4,25.820783,0.442004,1901,3226,1901,100.00,58.93
20260630_211325_905015,,0,terminate,2,63,5,30.893869,0.608310,1901,3226,1901,100.00,58.93
20260630_211325_905015,,0,terminate,2,63,6,21.381844,0.162470,1901,3226,1901,100.00,58.93
20260630_211325_905015,,0,terminate,2,63,7,20.966927,0.621290,1901,3226,1901,100.00,58.93
20260630_211325_905015,terminate,1,terminate,2,0,0,0.247097,-0.081290,2534,3226,2534,100.00,78.55
20260630_211325_905015,terminate,1,terminate,2,0,1,0.340045,0.157742,2534,3226,2534,100.00,78.55
20260630_211325_905015,terminate,1,terminate,2,0,2,0.261971,0.533798,2534,3226,2534,100.00,78.55
20260630_211325_905015,terminate,1,terminate,2,0,3,0.420274,0.196561,2534,3226,2534,100.00,78.55
20260630_211325_905015,terminate,1,terminate,2,0,4,0.305140,0.642117,2534,3226,2534,100.00,78.55
20260630_211325_905015,terminate,1,terminate,2,0,5,0.239835,0.245690,2534,3226,2534,100.00,78.55
20260630_211325_905015,terminate,1,terminate,2,0,6,0.251513,0.105327,2534,3226,2534,100.00,78.55
20260630_211325_905015,terminate,1,terminate,2,0,7,0.257325,0.468266,2534,3226,2534,100.00,78.55
20260630_211325_905015,terminate,1,terminate,2,1,0,0.426909,0.129301,2534,3226,2534,100.00,78.55
20260630_211325_905015,terminate,1,terminate,2,1,1,0.241621,0.109790,2534,3226,2534,100.00,78.55
20260630_211325_905015,terminate,1,terminate,2,1,2,0.353054,-0.020114,2534,3226,2534,100.00,78.55
20260630_211325_905015,terminate,1,terminate,2,1,3,0.394705,0.258317,2534,3226,2534,100.00,78.55
20260630_211325_905015,terminate,1,terminate,2,1,4,0.349658,0.082568,2534,3226,2534,100.00,78.55
20260630_211325_905015,terminate,1,terminate,2,1,5,0.261589,0.328241,2534,3226,2534,100.00,78.55
20260630_211325_905015,terminate,1,terminate,2,1,6,0.362974,-0.042337,2534,3226,2534,100.00,78.55
20260630_211325_905015,terminate,1,terminate,2,1,7,0.417177,0.640999,2534,3226,2534,100.00,78.55
20260630_211325_905015,terminate,1,terminate,2,2,0,0.560056,0.028736,2534,3226,2534,100.00,78.55
20260630_211325_905015,terminate,1,terminate,2,2,1,0.556287,-0.055679,2534,3226,2534,100.00,78.55
20260630_211325_905015,terminate,1,terminate,2,2,2,0.429019,-0.198971,2534,3226,2534,100.00,78.55
20260630_211325_905015,terminate,1,terminate,2,2,3,0.407258,0.050593,2534,3226,2534,100.00,78.55
20260630_211325_905015,terminate,1,terminate,2,2,4,0.431321,0.168607,2534,3226,2534,100.00,78.55
20260630_211325_905015,terminate,1,terminate,2,2,5,0.491986,-0.071714,2534,3226,2534,100.00,78.55
20260630_211325_905015,terminate,1,terminate,2,2,6,0.436276,-0.145616,2534,3226,2534,100.00,78.55
20260630_211325_905015,terminate,1,terminate,2,2,7,0.598177,0.045486,2534,3226,2534,100.00,78.55
20260630_211325_905015,terminate,1,terminate,2,3,0,0.660767,0.172044,2534,3226,2534,100.00,78.55
20260630_211325_905015,terminate,1,terminate,2,3,1,0.444203,0.213382,2534,3226,2534,100.00,78.55
20260630_211325_905015,terminate,1,terminate,2,3,2,0.598441,0.106152,2534,3226,2534,100.00,78.55
20260630_211325_905015,terminate,1,terminate,2,3,3,0.613217,0.019312,2534,3226,2534,100.00,78.55
20260630_211325_905015,terminate,1,terminate,2,3,4,0.539607,0.143827,2534,3226,2534,100.00,78.55
20260630_211325_905015,terminate,1,terminate,2,3,5,0.535122,0.037059,2534,3226,2534,100.00,78.55
20260630_211325_905015,terminate,1,terminate,2,3,6,0.523945,0.020938,2534,3226,2534,100.00,78.55
20260630_211325_905015,terminate,1,terminate,2,3,7,0.695008,0.057690,2534,3226,2534,100.00,78.55
20260630_211325_905015,terminate,1,terminate,2,4,0,0.630370,0.145376,2534,3226,2534,100.00,78.55
20260630_211325_905015,terminate,1,terminate,2,4,1,0.542043,0.253876,2534,3226,2534,100.00,78.55
20260630_211325_905015,terminate,1,terminate,2,4,2,0.535773,0.597683,2534,3226,2534,100.00,78.55
20260630_211325_905015,terminate,1,terminate,2,4,3,0.661083,-0.040479,2534,3226,2534,100.00,78.55
20260630_211325_905015,terminate,1,terminate,2,4,4,0.655839,0.096159,2534,3226,2534,100.00,78.55
20260630_211325_905015,terminate,1,terminate,2,4,5,0.552485,0.009200,2534,3226,2534,100.00,78.55
20260630_211325_905015,terminate,1,terminate,2,4,6,0.632291,0.162771,2534,3226,2534,100.00,78.55
20260630_211325_905015,terminate,1,terminate,2,4,7,0.543450,0.086744,2534,3226,2534,100.00,78.55
20260630_211325_905015,terminate,1,terminate,2,5,0,0.641884,0.531520,2534,3226,2534,100.00,78.55
20260630_211325_905015,terminate,1,terminate,2,5,1,0.715622,0.077102,2534,3226,2534,100.00,78.55
20260630_211325_905015,terminate,1,terminate,2,5,2,0.622768,0.037309,2534,3226,2534,100.00,78.55
20260630_211325_905015,terminate,1,terminate,2,5,3,0.630157,0.644882,2534,3226,2534,100.00,78.55
20260630_211325_905015,terminate,1,terminate,2,5,4,0.639999,0.408709,2534,3226,2534,100.00,78.55
20260630_211325_905015,terminate,1,terminate,2,5,5,0.507033,0.137460,2534,3226,2534,100.00,78.55
20260630_211325_905015,terminate,1,terminate,2,5,6,0.650915,0.267714,2534,3226,2534,100.00,78.55
20260630_211325_905015,terminate,1,terminate,2,5,7,0.603395,0.191047,2534,3226,2534,100.00,78.55
20260630_211325_905015,terminate,1,terminate,2,6,0,0.926001,0.196752,2534,3226,2534,100.00,78.55
20260630_211325_905015,terminate,1,terminate,2,6,1,0.650397,0.240861,2534,3226,2534,100.00,78.55
20260630_211325_905015,terminate,1,terminate,2,6,2,0.847301,0.005534,2534,3226,2534,100.00,78.55
20260630_211325_905015,terminate,1,terminate,2,6,3,0.620899,0.114557,2534,3226,2534,100.00,78.55
20260630_211325_905015,terminate,1,terminate,2,6,4,0.673233,0.049324,2534,3226,2534,100.00,78.55
20260630_211325_905015,terminate,1,terminate,2,6,5,0.706728,0.271822,2534,3226,2534,100.00,78.55
20260630_211325_905015,terminate,1,terminate,2,6,6,0.811461,0.192589,2534,3226,2534,100.00,78.55
20260630_211325_905015,terminate,1,terminate,2,6,7,0.687214,0.154917,2534,3226,2534,100.00,78.55
20260630_211325_905015,terminate,1,terminate,2,7,0,1.808037,0.181246,2534,3226,2534,100.00,78.55
20260630_211325_905015,terminate,1,terminate,2,7,1,1.640932,0.129362,2534,3226,2534,100.00,78.55
20260630_211325_905015,terminate,1,terminate,2,7,2,1.312215,0.543361,2534,3226,2534,100.00,78.55
20260630_211325_905015,terminate,1,terminate,2,7,3,1.250766,-0.033773,2534,3226,2534,100.00,78.55
20260630_211325_905015,terminate,1,terminate,2,7,4,1.739740,0.094036,2534,3226,2534,100.00,78.55
20260630_211325_905015,terminate,1,terminate,2,7,5,1.252688,0.048250,2534,3226,2534,100.00,78.55
20260630_211325_905015,terminate,1,terminate,2,7,6,1.526596,0.267351,2534,3226,2534,100.00,78.55
20260630_211325_905015,terminate,1,terminate,2,7,7,1.687375,0.286753,2534,3226,2534,100.00,78.55
20260630_211325_905015,terminate,1,terminate,2,8,0,1.286547,0.259728,2534,3226,2534,100.00,78.55
20260630_211325_905015,terminate,1,terminate,2,8,1,1.550295,0.221656,2534,3226,2534,100.00,78.55
20260630_211325_905015,terminate,1,terminate,2,8,2,1.447332,0.187795,2534,3226,2534,100.00,78.55
20260630_211325_905015,terminate,1,terminate,2,8,3,1.368465,0.203347,2534,3226,2534,100.00,78.55
20260630_211325_905015,terminate,1,terminate,2,8,4,1.699523,0.148683,2534,3226,2534,100.00,78.55
20260630_211325_905015,terminate,1,terminate,2,8,5,1.109002,0.262630,2534,3226,2534,100.00,78.55
20260630_211325_905015,terminate,1,terminate,2,8,6,1.429050,0.114510,2534,3226,2534,100.00,78.55
20260630_211325_905015,terminate,1,terminate,2,8,7,1.249129,0.151167,2534,3226,2534,100.00,78.55
20260630_211325_905015,terminate,1,terminate,2,9,0,1.376146,0.345556,2534,3226,2534,100.00,78.55
20260630_211325_905015,terminate,1,terminate,2,9,1,0.951227,0.421312,2534,3226,2534,100.00,78.55
20260630_211325_905015,terminate,1,terminate,2,9,2,1.375159,0.130561,2534,3226,2534,100.00,78.55
20260630_211325_905015,terminate,1,terminate,2,9,3,1.254318,0.279073,2534,3226,2534,100.00,78.55
20260630_211325_905015,terminate,1,terminate,2,9,4,1.434883,0.163980,2534,3226,2534,100.00,78.55
20260630_211325_905015,terminate,1,terminate,2,9,5,0.934894,0.253001,2534,3226,2534,100.00,78.55
20260630_211325_905015,terminate,1,terminate,2,9,6,1.066487,0.287382,2534,3226,2534,100.00,78.55
20260630_211325_905015,terminate,1,terminate,2,9,7,0.784296,0.471475,2534,3226,2534,100.00,78.55
20260630_211325_905015,terminate,1,terminate,2,10,0,1.514356,0.314242,2534,3226,2534,100.00,78.55
20260630_211325_905015,terminate,1,terminate,2,10,1,1.352529,0.063786,2534,3226,2534,100.00,78.55
20260630_211325_905015,terminate,1,terminate,2,10,2,1.412337,0.222315,2534,3226,2534,100.00,78.55
20260630_211325_905015,terminate,1,terminate,2,10,3,1.167803,-0.036640,2534,3226,2534,100.00,78.55
20260630_211325_905015,terminate,1,terminate,2,10,4,1.794521,0.311702,2534,3226,2534,100.00,78.55
20260630_211325_905015,terminate,1,terminate,2,10,5,1.182065,0.358468,2534,3226,2534,100.00,78.55
20260630_211325_905015,terminate,1,terminate,2,10,6,1.277221,0.117947,2534,3226,2534,100.00,78.55
20260630_211325_905015,terminate,1,terminate,2,10,7,1.524051,0.223450,2534,3226,2534,100.00,78.55
20260630_211325_905015,terminate,1,terminate,2,11,0,1.534067,0.188197,2534,3226,2534,100.00,78.55
20260630_211325_905015,terminate,1,terminate,2,11,1,1.618424,0.041762,2534,3226,2534,100.00,78.55
20260630_211325_905015,terminate,1,terminate,2,11,2,1.356316,-0.013729,2534,3226,2534,100.00,78.55
20260630_211325_905015,terminate,1,terminate,2,11,3,1.622899,0.037887,2534,3226,2534,100.00,78.55
20260630_211325_905015,terminate,1,terminate,2,11,4,2.083799,0.123468,2534,3226,2534,100.00,78.55
20260630_211325_905015,terminate,1,terminate,2,11,5,1.498452,0.133743,2534,3226,2534,100.00,78.55
20260630_211325_905015,terminate,1,terminate,2,11,6,1.749852,0.146261,2534,3226,2534,100.00,78.55
20260630_211325_905015,terminate,1,terminate,2,11,7,1.433552,0.057292,2534,3226,2534,100.00,78.55
20260630_211325_905015,terminate,1,terminate,2,12,0,1.340567,0.243215,2534,3226,2534,100.00,78.55
20260630_211325_905015,terminate,1,terminate,2,12,1,1.955805,0.213146,2534,3226,2534,100.00,78.55
20260630_211325_905015,terminate,1,terminate,2,12,2,1.324620,0.630508,2534,3226,2534,100.00,78.55
20260630_211325_905015,terminate,1,terminate,2,12,3,1.362552,0.328167,2534,3226,2534,100.00,78.55
20260630_211325_905015,terminate,1,terminate,2,12,4,1.605953,0.159171,2534,3226,2534,100.00,78.55
20260630_211325_905015,terminate,1,terminate,2,12,5,1.867818,0.132876,2534,3226,2534,100.00,78.55
20260630_211325_905015,terminate,1,terminate,2,12,6,1.838830,0.178961,2534,3226,2534,100.00,78.55
20260630_211325_905015,terminate,1,terminate,2,12,7,1.736374,0.114454,2534,3226,2534,100.00,78.55
20260630_211325_905015,terminate,1,terminate,2,13,0,1.912523,0.229278,2534,3226,2534,100.00,78.55
20260630_211325_905015,terminate,1,terminate,2,13,1,1.758315,0.109579,2534,3226,2534,100.00,78.55
20260630_211325_905015,terminate,1,terminate,2,13,2,2.409526,0.203694,2534,3226,2534,100.00,78.55
20260630_211325_905015,terminate,1,terminate,2,13,3,2.286263,0.222859,2534,3226,2534,100.00,78.55
20260630_211325_905015,terminate,1,terminate,2,13,4,2.095938,0.010316,2534,3226,2534,100.00,78.55
20260630_211325_905015,terminate,1,terminate,2,13,5,1.769803,-0.004932,2534,3226,2534,100.00,78.55
20260630_211325_905015,terminate,1,terminate,2,13,6,2.269285,0.309239,2534,3226,2534,100.00,78.55
20260630_211325_905015,terminate,1,terminate,2,13,7,1.416011,0.432839,2534,3226,2534,100.00,78.55
20260630_211325_905015,terminate,1,terminate,2,14,0,1.352900,0.130333,2534,3226,2534,100.00,78.55
20260630_211325_905015,terminate,1,terminate,2,14,1,1.286452,0.159140,2534,3226,2534,100.00,78.55
20260630_211325_905015,terminate,1,terminate,2,14,2,1.188692,0.277059,2534,3226,2534,100.00,78.55
20260630_211325_905015,terminate,1,terminate,2,14,3,1.065570,0.485172,2534,3226,2534,100.00,78.55
20260630_211325_905015,terminate,1,terminate,2,14,4,1.679213,0.456965,2534,3226,2534,100.00,78.55
20260630_211325_905015,terminate,1,terminate,2,14,5,1.396035,0.150654,2534,3226,2534,100.00,78.55
20260630_211325_905015,terminate,1,terminate,2,14,6,1.954983,0.239061,2534,3226,2534,100.00,78.55
20260630_211325_905015,terminate,1,terminate,2,14,7,1.529908,0.147573,2534,3226,2534,100.00,78.55
20260630_211325_905015,terminate,1,terminate,2,15,0,1.665449,0.139031,2534,3226,2534,100.00,78.55
20260630_211325_905015,terminate,1,terminate,2,15,1,1.760348,0.230071,2534,3226,2534,100.00,78.55
20260630_211325_905015,terminate,1,terminate,2,15,2,1.665384,0.156831,2534,3226,2534,100.00,78.55
20260630_211325_905015,terminate,1,terminate,2,15,3,1.482223,0.192437,2534,3226,2534,100.00,78.55
20260630_211325_905015,terminate,1,terminate,2,15,4,1.797717,0.416344,2534,3226,2534,100.00,78.55
20260630_211325_905015,terminate,1,terminate,2,15,5,1.969205,0.143170,2534,3226,2534,100.00,78.55
20260630_211325_905015,terminate,1,terminate,2,15,6,1.574439,0.204781,2534,3226,2534,100.00,78.55
20260630_211325_905015,terminate,1,terminate,2,15,7,1.442461,0.418442,2534,3226,2534,100.00,78.55
20260630_211325_905015,terminate,1,terminate,2,16,0,1.374889,0.243563,2534,3226,2534,100.00,78.55
20260630_211325_905015,terminate,1,terminate,2,16,1,1.354037,0.080683,2534,3226,2534,100.00,78.55
20260630_211325_905015,terminate,1,terminate,2,16,2,2.005081,0.227416,2534,3226,2534,100.00,78.55
20260630_211325_905015,terminate,1,terminate,2,16,3,1.727025,0.090289,2534,3226,2534,100.00,78.55
20260630_211325_905015,terminate,1,terminate,2,16,4,2.139088,0.129142,2534,3226,2534,100.00,78.55
20260630_211325_905015,terminate,1,terminate,2,16,5,2.171213,0.177187,2534,3226,2534,100.00,78.55
20260630_211325_905015,terminate,1,terminate,2,16,6,1.986789,0.046534,2534,3226,2534,100.00,78.55
20260630_211325_905015,terminate,1,terminate,2,16,7,1.414477,0.304250,2534,3226,2534,100.00,78.55
20260630_211325_905015,terminate,1,terminate,2,17,0,1.765594,0.221964,2534,3226,2534,100.00,78.55
20260630_211325_905015,terminate,1,terminate,2,17,1,0.993692,0.461218,2534,3226,2534,100.00,78.55
20260630_211325_905015,terminate,1,terminate,2,17,2,1.509910,0.455007,2534,3226,2534,100.00,78.55
20260630_211325_905015,terminate,1,terminate,2,17,3,1.520090,0.242896,2534,3226,2534,100.00,78.55
20260630_211325_905015,terminate,1,terminate,2,17,4,1.556236,0.261709,2534,3226,2534,100.00,78.55
20260630_211325_905015,terminate,1,terminate,2,17,5,1.711929,0.141031,2534,3226,2534,100.00,78.55
20260630_211325_905015,terminate,1,terminate,2,17,6,1.965877,0.174243,2534,3226,2534,100.00,78.55
20260630_211325_905015,terminate,1,terminate,2,17,7,2.066125,0.193172,2534,3226,2534,100.00,78.55
20260630_211325_905015,terminate,1,terminate,2,18,0,2.729386,0.392841,2534,3226,2534,100.00,78.55
20260630_211325_905015,terminate,1,terminate,2,18,1,1.628744,0.088486,2534,3226,2534,100.00,78.55
20260630_211325_905015,terminate,1,terminate,2,18,2,2.332369,0.169742,2534,3226,2534,100.00,78.55
20260630_211325_905015,terminate,1,terminate,2,18,3,2.139153,0.263869,2534,3226,2534,100.00,78.55
20260630_211325_905015,terminate,1,terminate,2,18,4,1.498538,0.344325,2534,3226,2534,100.00,78.55
20260630_211325_905015,terminate,1,terminate,2,18,5,2.372061,0.240490,2534,3226,2534,100.00,78.55
20260630_211325_905015,terminate,1,terminate,2,18,6,1.866747,0.039810,2534,3226,2534,100.00,78.55
20260630_211325_905015,terminate,1,terminate,2,18,7,1.683110,0.294758,2534,3226,2534,100.00,78.55
20260630_211325_905015,terminate,1,terminate,2,19,0,1.762807,0.320292,2534,3226,2534,100.00,78.55
20260630_211325_905015,terminate,1,terminate,2,19,1,1.680558,0.281564,2534,3226,2534,100.00,78.55
20260630_211325_905015,terminate,1,terminate,2,19,2,1.948633,0.100250,2534,3226,2534,100.00,78.55
20260630_211325_905015,terminate,1,terminate,2,19,3,2.112264,0.270524,2534,3226,2534,100.00,78.55
20260630_211325_905015,terminate,1,terminate,2,19,4,2.070017,0.382358,2534,3226,2534,100.00,78.55
20260630_211325_905015,terminate,1,terminate,2,19,5,2.237483,0.151470,2534,3226,2534,100.00,78.55
20260630_211325_905015,terminate,1,terminate,2,19,6,2.173930,0.080200,2534,3226,2534,100.00,78.55
20260630_211325_905015,terminate,1,terminate,2,19,7,2.354238,-0.006331,2534,3226,2534,100.00,78.55
20260630_211325_905015,terminate,1,terminate,2,20,0,3.465922,-0.031379,2534,3226,2534,100.00,78.55
20260630_211325_905015,terminate,1,terminate,2,20,1,2.138401,0.408959,2534,3226,2534,100.00,78.55
20260630_211325_905015,terminate,1,terminate,2,20,2,2.754946,0.345353,2534,3226,2534,100.00,78.55
20260630_211325_905015,terminate,1,terminate,2,20,3,2.951679,0.168632,2534,3226,2534,100.00,78.55
20260630_211325_905015,terminate,1,terminate,2,20,4,2.438334,0.186222,2534,3226,2534,100.00,78.55
20260630_211325_905015,terminate,1,terminate,2,20,5,2.248012,0.220075,2534,3226,2534,100.00,78.55
20260630_211325_905015,terminate,1,terminate,2,20,6,1.982469,0.459500,2534,3226,2534,100.00,78.55
20260630_211325_905015,terminate,1,terminate,2,20,7,3.370156,0.149496,2534,3226,2534,100.00,78.55
20260630_211325_905015,terminate,1,terminate,2,21,0,2.949499,0.279104,2534,3226,2534,100.00,78.55
20260630_211325_905015,terminate,1,terminate,2,21,1,3.639540,0.255303,2534,3226,2534,100.00,78.55
20260630_211325_905015,terminate,1,terminate,2,21,2,2.808543,0.219246,2534,3226,2534,100.00,78.55
20260630_211325_905015,terminate,1,terminate,2,21,3,3.211786,0.119348,2534,3226,2534,100.00,78.55
20260630_211325_905015,terminate,1,terminate,2,21,4,3.060564,0.143068,2534,3226,2534,100.00,78.55
20260630_211325_905015,terminate,1,terminate,2,21,5,2.362416,0.190450,2534,3226,2534,100.00,78.55
20260630_211325_905015,terminate,1,terminate,2,21,6,2.588564,0.120719,2534,3226,2534,100.00,78.55
20260630_211325_905015,terminate,1,terminate,2,21,7,2.273614,0.347121,2534,3226,2534,100.00,78.55
20260630_211325_905015,terminate,1,terminate,2,22,0,2.515784,0.090143,2534,3226,2534,100.00,78.55
20260630_211325_905015,terminate,1,terminate,2,22,1,2.609365,0.270671,2534,3226,2534,100.00,78.55
20260630_211325_905015,terminate,1,terminate,2,22,2,3.188850,0.137496,2534,3226,2534,100.00,78.55
20260630_211325_905015,terminate,1,terminate,2,22,3,3.097772,0.277065,2534,3226,2534,100.00,78.55
20260630_211325_905015,terminate,1,terminate,2,22,4,2.609155,0.225831,2534,3226,2534,100.00,78.55
20260630_211325_905015,terminate,1,terminate,2,22,5,3.376993,0.118058,2534,3226,2534,100.00,78.55
20260630_211325_905015,terminate,1,terminate,2,22,6,2.747780,0.166058,2534,3226,2534,100.00,78.55
20260630_211325_905015,terminate,1,terminate,2,22,7,3.082567,0.136357,2534,3226,2534,100.00,78.55
20260630_211325_905015,terminate,1,terminate,2,23,0,3.491666,-0.016776,2534,3226,2534,100.00,78.55
20260630_211325_905015,terminate,1,terminate,2,23,1,3.516971,0.261509,2534,3226,2534,100.00,78.55
20260630_211325_905015,terminate,1,terminate,2,23,2,2.621361,0.313112,2534,3226,2534,100.00,78.55
20260630_211325_905015,terminate,1,terminate,2,23,3,3.148648,0.163577,2534,3226,2534,100.00,78.55
20260630_211325_905015,terminate,1,terminate,2,23,4,3.215722,0.002014,2534,3226,2534,100.00,78.55
20260630_211325_905015,terminate,1,terminate,2,23,5,3.646527,-0.046806,2534,3226,2534,100.00,78.55
20260630_211325_905015,terminate,1,terminate,2,23,6,3.452863,0.182488,2534,3226,2534,100.00,78.55
20260630_211325_905015,terminate,1,terminate,2,23,7,3.419106,0.139217,2534,3226,2534,100.00,78.55
20260630_211325_905015,terminate,1,terminate,2,24,0,3.490864,0.213988,2534,3226,2534,100.00,78.55
20260630_211325_905015,terminate,1,terminate,2,24,1,3.750901,0.107446,2534,3226,2534,100.00,78.55
20260630_211325_905015,terminate,1,terminate,2,24,2,4.278463,0.047245,2534,3226,2534,100.00,78.55
20260630_211325_905015,terminate,1,terminate,2,24,3,4.164008,-0.014571,2534,3226,2534,100.00,78.55
20260630_211325_905015,terminate,1,terminate,2,24,4,3.150564,-0.043373,2534,3226,2534,100.00,78.55
20260630_211325_905015,terminate,1,terminate,2,24,5,2.903832,0.141173,2534,3226,2534,100.00,78.55
20260630_211325_905015,terminate,1,terminate,2,24,6,4.073269,0.012238,2534,3226,2534,100.00,78.55
20260630_211325_905015,terminate,1,terminate,2,24,7,3.493418,0.231879,2534,3226,2534,100.00,78.55
20260630_211325_905015,terminate,1,terminate,2,25,0,2.371819,0.212003,2534,3226,2534,100.00,78.55
20260630_211325_905015,terminate,1,terminate,2,25,1,4.440781,0.078145,2534,3226,2534,100.00,78.55
20260630_211325_905015,terminate,1,terminate,2,25,2,4.256043,0.102649,2534,3226,2534,100.00,78.55
20260630_211325_905015,terminate,1,terminate,2,25,3,3.264391,0.067557,2534,3226,2534,100.00,78.55
20260630_211325_905015,terminate,1,terminate,2,25,4,2.954144,0.425703,2534,3226,2534,100.00,78.55
20260630_211325_905015,terminate,1,terminate,2,25,5,3.210936,0.200436,2534,3226,2534,100.00,78.55
20260630_211325_905015,terminate,1,terminate,2,25,6,3.926451,-0.000928,2534,3226,2534,100.00,78.55
20260630_211325_905015,terminate,1,terminate,2,25,7,3.749473,0.130776,2534,3226,2534,100.00,78.55
20260630_211325_905015,terminate,1,terminate,2,26,0,3.288322,0.276079,2534,3226,2534,100.00,78.55
20260630_211325_905015,terminate,1,terminate,2,26,1,3.693672,0.269354,2534,3226,2534,100.00,78.55
20260630_211325_905015,terminate,1,terminate,2,26,2,2.604316,0.102524,2534,3226,2534,100.00,78.55
20260630_211325_905015,terminate,1,terminate,2,26,3,3.447639,0.161933,2534,3226,2534,100.00,78.55
20260630_211325_905015,terminate,1,terminate,2,26,4,4.676339,0.079335,2534,3226,2534,100.00,78.55
20260630_211325_905015,terminate,1,terminate,2,26,5,2.563432,0.233408,2534,3226,2534,100.00,78.55
20260630_211325_905015,terminate,1,terminate,2,26,6,3.847322,0.041162,2534,3226,2534,100.00,78.55
20260630_211325_905015,terminate,1,terminate,2,26,7,3.421591,0.127479,2534,3226,2534,100.00,78.55
20260630_211325_905015,terminate,1,terminate,2,27,0,3.932630,0.321740,2534,3226,2534,100.00,78.55
20260630_211325_905015,terminate,1,terminate,2,27,1,5.040844,0.062911,2534,3226,2534,100.00,78.55
20260630_211325_905015,terminate,1,terminate,2,27,2,3.666259,0.286984,2534,3226,2534,100.00,78.55
20260630_211325_905015,terminate,1,terminate,2,27,3,2.924920,0.110366,2534,3226,2534,100.00,78.55
20260630_211325_905015,terminate,1,terminate,2,27,4,4.456595,0.098516,2534,3226,2534,100.00,78.55
20260630_211325_905015,terminate,1,terminate,2,27,5,3.761486,0.223445,2534,3226,2534,100.00,78.55
20260630_211325_905015,terminate,1,terminate,2,27,6,3.972922,0.270336,2534,3226,2534,100.00,78.55
20260630_211325_905015,terminate,1,terminate,2,27,7,3.411562,0.176387,2534,3226,2534,100.00,78.55
20260630_211325_905015,terminate,1,terminate,2,28,0,4.638072,-0.000929,2534,3226,2534,100.00,78.55
20260630_211325_905015,terminate,1,terminate,2,28,1,3.100444,0.220511,2534,3226,2534,100.00,78.55
20260630_211325_905015,terminate,1,terminate,2,28,2,5.168846,-0.006999,2534,3226,2534,100.00,78.55
20260630_211325_905015,terminate,1,terminate,2,28,3,4.483610,0.075481,2534,3226,2534,100.00,78.55
20260630_211325_905015,terminate,1,terminate,2,28,4,4.750109,0.139699,2534,3226,2534,100.00,78.55
20260630_211325_905015,terminate,1,terminate,2,28,5,5.163110,0.108869,2534,3226,2534,100.00,78.55
20260630_211325_905015,terminate,1,terminate,2,28,6,5.270658,0.226611,2534,3226,2534,100.00,78.55
20260630_211325_905015,terminate,1,terminate,2,28,7,3.925288,0.187861,2534,3226,2534,100.00,78.55
20260630_211325_905015,terminate,1,terminate,2,29,0,5.385128,0.134043,2534,3226,2534,100.00,78.55
20260630_211325_905015,terminate,1,terminate,2,29,1,6.237396,-0.005449,2534,3226,2534,100.00,78.55
20260630_211325_905015,terminate,1,terminate,2,29,2,4.314691,0.073477,2534,3226,2534,100.00,78.55
20260630_211325_905015,terminate,1,terminate,2,29,3,5.282531,0.177943,2534,3226,2534,100.00,78.55
20260630_211325_905015,terminate,1,terminate,2,29,4,5.698855,0.288037,2534,3226,2534,100.00,78.55
20260630_211325_905015,terminate,1,terminate,2,29,5,5.327764,0.244533,2534,3226,2534,100.00,78.55
20260630_211325_905015,terminate,1,terminate,2,29,6,4.681752,0.121375,2534,3226,2534,100.00,78.55
20260630_211325_905015,terminate,1,terminate,2,29,7,5.336001,0.422611,2534,3226,2534,100.00,78.55
20260630_211325_905015,terminate,1,terminate,2,30,0,7.473059,-0.031679,2534,3226,2534,100.00,78.55
20260630_211325_905015,terminate,1,terminate,2,30,1,4.090043,0.484512,2534,3226,2534,100.00,78.55
20260630_211325_905015,terminate,1,terminate,2,30,2,7.825901,0.132914,2534,3226,2534,100.00,78.55
20260630_211325_905015,terminate,1,terminate,2,30,3,5.994982,0.376507,2534,3226,2534,100.00,78.55
20260630_211325_905015,terminate,1,terminate,2,30,4,8.369684,0.150567,2534,3226,2534,100.00,78.55
20260630_211325_905015,terminate,1,terminate,2,30,5,6.659722,0.137917,2534,3226,2534,100.00,78.55
20260630_211325_905015,terminate,1,terminate,2,30,6,7.735880,0.191977,2534,3226,2534,100.00,78.55
20260630_211325_905015,terminate,1,terminate,2,30,7,7.484210,0.263638,2534,3226,2534,100.00,78.55
20260630_211325_905015,terminate,1,terminate,2,31,0,4.347398,0.349291,2534,3226,2534,100.00,78.55
20260630_211325_905015,terminate,1,terminate,2,31,1,7.267389,0.356142,2534,3226,2534,100.00,78.55
20260630_211325_905015,terminate,1,terminate,2,31,2,6.658216,0.188052,2534,3226,2534,100.00,78.55
20260630_211325_905015,terminate,1,terminate,2,31,3,6.370611,0.282251,2534,3226,2534,100.00,78.55
20260630_211325_905015,terminate,1,terminate,2,31,4,7.294880,0.265887,2534,3226,2534,100.00,78.55
20260630_211325_905015,terminate,1,terminate,2,31,5,7.793330,0.077242,2534,3226,2534,100.00,78.55
20260630_211325_905015,terminate,1,terminate,2,31,6,6.215240,0.279645,2534,3226,2534,100.00,78.55
20260630_211325_905015,terminate,1,terminate,2,31,7,6.254192,0.130034,2534,3226,2534,100.00,78.55
20260630_211325_905015,terminate,1,terminate,2,32,0,3.346696,0.405414,2534,3226,2534,100.00,78.55
20260630_211325_905015,terminate,1,terminate,2,32,1,4.207169,0.248264,2534,3226,2534,100.00,78.55
20260630_211325_905015,terminate,1,terminate,2,32,2,3.354210,0.349825,2534,3226,2534,100.00,78.55
20260630_211325_905015,terminate,1,terminate,2,32,3,3.125458,0.290401,2534,3226,2534,100.00,78.55
20260630_211325_905015,terminate,1,terminate,2,32,4,3.553335,0.298192,2534,3226,2534,100.00,78.55
20260630_211325_905015,terminate,1,terminate,2,32,5,3.606230,0.199236,2534,3226,2534,100.00,78.55
20260630_211325_905015,terminate,1,terminate,2,32,6,4.362255,0.034034,2534,3226,2534,100.00,78.55
20260630_211325_905015,terminate,1,terminate,2,32,7,2.933259,0.162156,2534,3226,2534,100.00,78.55
20260630_211325_905015,terminate,1,terminate,2,33,0,3.900298,0.426965,2534,3226,2534,100.00,78.55
20260630_211325_905015,terminate,1,terminate,2,33,1,3.271016,0.365808,2534,3226,2534,100.00,78.55
20260630_211325_905015,terminate,1,terminate,2,33,2,3.702707,0.303212,2534,3226,2534,100.00,78.55
20260630_211325_905015,terminate,1,terminate,2,33,3,3.757503,0.219445,2534,3226,2534,100.00,78.55
20260630_211325_905015,terminate,1,terminate,2,33,4,3.936185,0.148397,2534,3226,2534,100.00,78.55
20260630_211325_905015,terminate,1,terminate,2,33,5,2.672374,0.290086,2534,3226,2534,100.00,78.55
20260630_211325_905015,terminate,1,terminate,2,33,6,3.126417,0.194131,2534,3226,2534,100.00,78.55
20260630_211325_905015,terminate,1,terminate,2,33,7,3.346360,0.563341,2534,3226,2534,100.00,78.55
20260630_211325_905015,terminate,1,terminate,2,34,0,3.575754,0.259860,2534,3226,2534,100.00,78.55
20260630_211325_905015,terminate,1,terminate,2,34,1,4.063620,0.167956,2534,3226,2534,100.00,78.55
20260630_211325_905015,terminate,1,terminate,2,34,2,3.656509,0.120647,2534,3226,2534,100.00,78.55
20260630_211325_905015,terminate,1,terminate,2,34,3,3.585646,-0.065590,2534,3226,2534,100.00,78.55
20260630_211325_905015,terminate,1,terminate,2,34,4,5.094946,0.204491,2534,3226,2534,100.00,78.55
20260630_211325_905015,terminate,1,terminate,2,34,5,3.672156,0.321544,2534,3226,2534,100.00,78.55
20260630_211325_905015,terminate,1,terminate,2,34,6,3.406468,0.176102,2534,3226,2534,100.00,78.55
20260630_211325_905015,terminate,1,terminate,2,34,7,4.587223,0.212940,2534,3226,2534,100.00,78.55
20260630_211325_905015,terminate,1,terminate,2,35,0,4.344414,0.101187,2534,3226,2534,100.00,78.55
20260630_211325_905015,terminate,1,terminate,2,35,1,3.968950,0.267526,2534,3226,2534,100.00,78.55
20260630_211325_905015,terminate,1,terminate,2,35,2,3.887590,0.121280,2534,3226,2534,100.00,78.55
20260630_211325_905015,terminate,1,terminate,2,35,3,4.153830,0.159160,2534,3226,2534,100.00,78.55
20260630_211325_905015,terminate,1,terminate,2,35,4,5.188593,0.165972,2534,3226,2534,100.00,78.55
20260630_211325_905015,terminate,1,terminate,2,35,5,3.900373,0.039873,2534,3226,2534,100.00,78.55
20260630_211325_905015,terminate,1,terminate,2,35,6,4.007691,0.129515,2534,3226,2534,100.00,78.55
20260630_211325_905015,terminate,1,terminate,2,35,7,3.861232,0.038074,2534,3226,2534,100.00,78.55
20260630_211325_905015,terminate,1,terminate,2,36,0,3.295651,0.367852,2534,3226,2534,100.00,78.55
20260630_211325_905015,terminate,1,terminate,2,36,1,4.621179,-0.014282,2534,3226,2534,100.00,78.55
20260630_211325_905015,terminate,1,terminate,2,36,2,3.627065,0.627417,2534,3226,2534,100.00,78.55
20260630_211325_905015,terminate,1,terminate,2,36,3,3.967907,0.265804,2534,3226,2534,100.00,78.55
20260630_211325_905015,terminate,1,terminate,2,36,4,3.501251,0.122265,2534,3226,2534,100.00,78.55
20260630_211325_905015,terminate,1,terminate,2,36,5,3.656009,0.133762,2534,3226,2534,100.00,78.55
20260630_211325_905015,terminate,1,terminate,2,36,6,3.786126,0.190768,2534,3226,2534,100.00,78.55
20260630_211325_905015,terminate,1,terminate,2,36,7,3.640193,0.117576,2534,3226,2534,100.00,78.55
20260630_211325_905015,terminate,1,terminate,2,37,0,4.997553,0.320050,2534,3226,2534,100.00,78.55
20260630_211325_905015,terminate,1,terminate,2,37,1,4.039935,0.072100,2534,3226,2534,100.00,78.55
20260630_211325_905015,terminate,1,terminate,2,37,2,4.744021,0.367896,2534,3226,2534,100.00,78.55
20260630_211325_905015,terminate,1,terminate,2,37,3,5.788578,-0.032765,2534,3226,2534,100.00,78.55
20260630_211325_905015,terminate,1,terminate,2,37,4,4.331004,0.183289,2534,3226,2534,100.00,78.55
20260630_211325_905015,terminate,1,terminate,2,37,5,3.428158,0.119834,2534,3226,2534,100.00,78.55
20260630_211325_905015,terminate,1,terminate,2,37,6,6.412022,0.302936,2534,3226,2534,100.00,78.55
20260630_211325_905015,terminate,1,terminate,2,37,7,4.320064,0.207571,2534,3226,2534,100.00,78.55
20260630_211325_905015,terminate,1,terminate,2,38,0,4.256837,0.053120,2534,3226,2534,100.00,78.55
20260630_211325_905015,terminate,1,terminate,2,38,1,2.752431,0.137306,2534,3226,2534,100.00,78.55
20260630_211325_905015,terminate,1,terminate,2,38,2,3.545379,0.353154,2534,3226,2534,100.00,78.55
20260630_211325_905015,terminate,1,terminate,2,38,3,3.730943,0.225100,2534,3226,2534,100.00,78.55
20260630_211325_905015,terminate,1,terminate,2,38,4,4.758476,0.644311,2534,3226,2534,100.00,78.55
20260630_211325_905015,terminate,1,terminate,2,38,5,4.549542,0.127423,2534,3226,2534,100.00,78.55
20260630_211325_905015,terminate,1,terminate,2,38,6,4.652532,0.230989,2534,3226,2534,100.00,78.55
20260630_211325_905015,terminate,1,terminate,2,38,7,4.517036,0.231031,2534,3226,2534,100.00,78.55
20260630_211325_905015,terminate,1,terminate,2,39,0,4.493387,0.213570,2534,3226,2534,100.00,78.55
20260630_211325_905015,terminate,1,terminate,2,39,1,4.272315,0.415481,2534,3226,2534,100.00,78.55
20260630_211325_905015,terminate,1,terminate,2,39,2,4.471221,0.088818,2534,3226,2534,100.00,78.55
20260630_211325_905015,terminate,1,terminate,2,39,3,4.481393,0.107066,2534,3226,2534,100.00,78.55
20260630_211325_905015,terminate,1,terminate,2,39,4,4.450780,0.449754,2534,3226,2534,100.00,78.55
20260630_211325_905015,terminate,1,terminate,2,39,5,5.446944,0.168257,2534,3226,2534,100.00,78.55
20260630_211325_905015,terminate,1,terminate,2,39,6,4.164901,0.281656,2534,3226,2534,100.00,78.55
20260630_211325_905015,terminate,1,terminate,2,39,7,4.292632,0.378694,2534,3226,2534,100.00,78.55
20260630_211325_905015,terminate,1,terminate,2,40,0,3.978467,0.376578,2534,3226,2534,100.00,78.55
20260630_211325_905015,terminate,1,terminate,2,40,1,5.607671,0.438181,2534,3226,2534,100.00,78.55
20260630_211325_905015,terminate,1,terminate,2,40,2,5.365328,0.272647,2534,3226,2534,100.00,78.55
20260630_211325_905015,terminate,1,terminate,2,40,3,6.049611,0.049430,2534,3226,2534,100.00,78.55
20260630_211325_905015,terminate,1,terminate,2,40,4,5.714568,0.371245,2534,3226,2534,100.00,78.55
20260630_211325_905015,terminate,1,terminate,2,40,5,6.333956,0.258102,2534,3226,2534,100.00,78.55
20260630_211325_905015,terminate,1,terminate,2,40,6,5.425679,0.221469,2534,3226,2534,100.00,78.55
20260630_211325_905015,terminate,1,terminate,2,40,7,5.243913,0.321457,2534,3226,2534,100.00,78.55
20260630_211325_905015,terminate,1,terminate,2,41,0,6.655338,0.226564,2534,3226,2534,100.00,78.55
20260630_211325_905015,terminate,1,terminate,2,41,1,4.373371,0.310944,2534,3226,2534,100.00,78.55
20260630_211325_905015,terminate,1,terminate,2,41,2,5.248587,0.151320,2534,3226,2534,100.00,78.55
20260630_211325_905015,terminate,1,terminate,2,41,3,4.804258,0.308306,2534,3226,2534,100.00,78.55
20260630_211325_905015,terminate,1,terminate,2,41,4,4.386041,0.319763,2534,3226,2534,100.00,78.55
20260630_211325_905015,terminate,1,terminate,2,41,5,4.677519,0.229827,2534,3226,2534,100.00,78.55
20260630_211325_905015,terminate,1,terminate,2,41,6,4.895705,0.218554,2534,3226,2534,100.00,78.55
20260630_211325_905015,terminate,1,terminate,2,41,7,5.485437,0.319125,2534,3226,2534,100.00,78.55
20260630_211325_905015,terminate,1,terminate,2,42,0,6.692477,0.408831,2534,3226,2534,100.00,78.55
20260630_211325_905015,terminate,1,terminate,2,42,1,4.917598,-0.039925,2534,3226,2534,100.00,78.55
20260630_211325_905015,terminate,1,terminate,2,42,2,7.307790,0.164426,2534,3226,2534,100.00,78.55
20260630_211325_905015,terminate,1,terminate,2,42,3,6.836047,0.357159,2534,3226,2534,100.00,78.55
20260630_211325_905015,terminate,1,terminate,2,42,4,4.973986,-0.022229,2534,3226,2534,100.00,78.55
20260630_211325_905015,terminate,1,terminate,2,42,5,5.849546,0.294037,2534,3226,2534,100.00,78.55
20260630_211325_905015,terminate,1,terminate,2,42,6,6.564606,0.131634,2534,3226,2534,100.00,78.55
20260630_211325_905015,terminate,1,terminate,2,42,7,6.883063,0.101605,2534,3226,2534,100.00,78.55
20260630_211325_905015,terminate,1,terminate,2,43,0,5.068738,0.205505,2534,3226,2534,100.00,78.55
20260630_211325_905015,terminate,1,terminate,2,43,1,6.369373,0.101187,2534,3226,2534,100.00,78.55
20260630_211325_905015,terminate,1,terminate,2,43,2,6.359370,0.046732,2534,3226,2534,100.00,78.55
20260630_211325_905015,terminate,1,terminate,2,43,3,6.068774,0.178724,2534,3226,2534,100.00,78.55
20260630_211325_905015,terminate,1,terminate,2,43,4,7.118658,0.316605,2534,3226,2534,100.00,78.55
20260630_211325_905015,terminate,1,terminate,2,43,5,9.366595,0.183081,2534,3226,2534,100.00,78.55
20260630_211325_905015,terminate,1,terminate,2,43,6,6.550904,0.123923,2534,3226,2534,100.00,78.55
20260630_211325_905015,terminate,1,terminate,2,43,7,7.440688,0.191649,2534,3226,2534,100.00,78.55
20260630_211325_905015,terminate,1,terminate,2,44,0,9.348324,0.052631,2534,3226,2534,100.00,78.55
20260630_211325_905015,terminate,1,terminate,2,44,1,7.094012,0.166349,2534,3226,2534,100.00,78.55
20260630_211325_905015,terminate,1,terminate,2,44,2,7.366726,0.357973,2534,3226,2534,100.00,78.55
20260630_211325_905015,terminate,1,terminate,2,44,3,9.683551,0.084780,2534,3226,2534,100.00,78.55
20260630_211325_905015,terminate,1,terminate,2,44,4,7.686125,0.220857,2534,3226,2534,100.00,78.55
20260630_211325_905015,terminate,1,terminate,2,44,5,6.043600,0.102883,2534,3226,2534,100.00,78.55
20260630_211325_905015,terminate,1,terminate,2,44,6,8.540008,0.251833,2534,3226,2534,100.00,78.55
20260630_211325_905015,terminate,1,terminate,2,44,7,7.972979,0.202839,2534,3226,2534,100.00,78.55
20260630_211325_905015,terminate,1,terminate,2,45,0,6.234066,0.574007,2534,3226,2534,100.00,78.55
20260630_211325_905015,terminate,1,terminate,2,45,1,8.510237,0.434348,2534,3226,2534,100.00,78.55
20260630_211325_905015,terminate,1,terminate,2,45,2,6.163553,0.487963,2534,3226,2534,100.00,78.55
20260630_211325_905015,terminate,1,terminate,2,45,3,6.401559,0.261397,2534,3226,2534,100.00,78.55
20260630_211325_905015,terminate,1,terminate,2,45,4,5.801322,0.302259,2534,3226,2534,100.00,78.55
20260630_211325_905015,terminate,1,terminate,2,45,5,7.293896,0.426260,2534,3226,2534,100.00,78.55
20260630_211325_905015,terminate,1,terminate,2,45,6,6.897813,0.133896,2534,3226,2534,100.00,78.55
20260630_211325_905015,terminate,1,terminate,2,45,7,5.252368,0.246455,2534,3226,2534,100.00,78.55
20260630_211325_905015,terminate,1,terminate,2,46,0,8.990715,0.288743,2534,3226,2534,100.00,78.55
20260630_211325_905015,terminate,1,terminate,2,46,1,7.772360,0.166857,2534,3226,2534,100.00,78.55
20260630_211325_905015,terminate,1,terminate,2,46,2,9.990297,0.095701,2534,3226,2534,100.00,78.55
20260630_211325_905015,terminate,1,terminate,2,46,3,7.607867,0.400571,2534,3226,2534,100.00,78.55
20260630_211325_905015,terminate,1,terminate,2,46,4,6.146849,0.394974,2534,3226,2534,100.00,78.55
20260630_211325_905015,terminate,1,terminate,2,46,5,7.036493,0.211302,2534,3226,2534,100.00,78.55
20260630_211325_905015,terminate,1,terminate,2,46,6,6.050490,0.223142,2534,3226,2534,100.00,78.55
20260630_211325_905015,terminate,1,terminate,2,46,7,8.611871,0.472909,2534,3226,2534,100.00,78.55
20260630_211325_905015,terminate,1,terminate,2,47,0,7.540987,0.122621,2534,3226,2534,100.00,78.55
20260630_211325_905015,terminate,1,terminate,2,47,1,9.526754,0.330491,2534,3226,2534,100.00,78.55
20260630_211325_905015,terminate,1,terminate,2,47,2,8.956690,0.214793,2534,3226,2534,100.00,78.55
20260630_211325_905015,terminate,1,terminate,2,47,3,9.586884,0.034603,2534,3226,2534,100.00,78.55
20260630_211325_905015,terminate,1,terminate,2,47,4,7.771176,0.109955,2534,3226,2534,100.00,78.55
20260630_211325_905015,terminate,1,terminate,2,47,5,7.703064,0.103500,2534,3226,2534,100.00,78.55
20260630_211325_905015,terminate,1,terminate,2,47,6,8.790568,0.252753,2534,3226,2534,100.00,78.55
20260630_211325_905015,terminate,1,terminate,2,47,7,9.271315,0.122538,2534,3226,2534,100.00,78.55
20260630_211325_905015,terminate,1,terminate,2,48,0,8.299831,0.479743,2534,3226,2534,100.00,78.55
20260630_211325_905015,terminate,1,terminate,2,48,1,10.220923,0.043101,2534,3226,2534,100.00,78.55
20260630_211325_905015,terminate,1,terminate,2,48,2,9.966395,0.137746,2534,3226,2534,100.00,78.55
20260630_211325_905015,terminate,1,terminate,2,48,3,8.109906,0.149368,2534,3226,2534,100.00,78.55
20260630_211325_905015,terminate,1,terminate,2,48,4,6.411231,0.322962,2534,3226,2534,100.00,78.55
20260630_211325_905015,terminate,1,terminate,2,48,5,6.003369,0.172308,2534,3226,2534,100.00,78.55
20260630_211325_905015,terminate,1,terminate,2,48,6,9.476441,0.234062,2534,3226,2534,100.00,78.55
20260630_211325_905015,terminate,1,terminate,2,48,7,8.523896,0.238319,2534,3226,2534,100.00,78.55
20260630_211325_905015,terminate,1,terminate,2,49,0,7.452948,-0.014870,2534,3226,2534,100.00,78.55
20260630_211325_905015,terminate,1,terminate,2,49,1,10.513789,0.204034,2534,3226,2534,100.00,78.55
20260630_211325_905015,terminate,1,terminate,2,49,2,12.183028,0.090887,2534,3226,2534,100.00,78.55
20260630_211325_905015,terminate,1,terminate,2,49,3,7.415354,0.187609,2534,3226,2534,100.00,78.55
20260630_211325_905015,terminate,1,terminate,2,49,4,9.370505,0.468578,2534,3226,2534,100.00,78.55
20260630_211325_905015,terminate,1,terminate,2,49,5,8.382503,0.234737,2534,3226,2534,100.00,78.55
20260630_211325_905015,terminate,1,terminate,2,49,6,7.356348,0.260889,2534,3226,2534,100.00,78.55
20260630_211325_905015,terminate,1,terminate,2,49,7,8.689532,0.316907,2534,3226,2534,100.00,78.55
20260630_211325_905015,terminate,1,terminate,2,50,0,10.507997,0.283253,2534,3226,2534,100.00,78.55
20260630_211325_905015,terminate,1,terminate,2,50,1,12.706849,0.338304,2534,3226,2534,100.00,78.55
20260630_211325_905015,terminate,1,terminate,2,50,2,6.460003,0.181970,2534,3226,2534,100.00,78.55
20260630_211325_905015,terminate,1,terminate,2,50,3,8.934060,0.322253,2534,3226,2534,100.00,78.55
20260630_211325_905015,terminate,1,terminate,2,50,4,10.584912,0.274909,2534,3226,2534,100.00,78.55
20260630_211325_905015,terminate,1,terminate,2,50,5,7.799408,0.054292,2534,3226,2534,100.00,78.55
20260630_211325_905015,terminate,1,terminate,2,50,6,10.745700,0.122860,2534,3226,2534,100.00,78.55
20260630_211325_905015,terminate,1,terminate,2,50,7,9.197756,0.344599,2534,3226,2534,100.00,78.55
20260630_211325_905015,terminate,1,terminate,2,51,0,13.035893,0.430744,2534,3226,2534,100.00,78.55
20260630_211325_905015,terminate,1,terminate,2,51,1,15.416277,0.114091,2534,3226,2534,100.00,78.55
20260630_211325_905015,terminate,1,terminate,2,51,2,14.668480,0.510333,2534,3226,2534,100.00,78.55
20260630_211325_905015,terminate,1,terminate,2,51,3,9.168183,0.309556,2534,3226,2534,100.00,78.55
20260630_211325_905015,terminate,1,terminate,2,51,4,10.300412,0.109878,2534,3226,2534,100.00,78.55
20260630_211325_905015,terminate,1,terminate,2,51,5,10.384589,0.084549,2534,3226,2534,100.00,78.55
20260630_211325_905015,terminate,1,terminate,2,51,6,10.003998,0.371856,2534,3226,2534,100.00,78.55
20260630_211325_905015,terminate,1,terminate,2,51,7,15.064965,0.175304,2534,3226,2534,100.00,78.55
20260630_211325_905015,terminate,1,terminate,2,52,0,12.744255,0.062846,2534,3226,2534,100.00,78.55
20260630_211325_905015,terminate,1,terminate,2,52,1,8.299427,0.167132,2534,3226,2534,100.00,78.55
20260630_211325_905015,terminate,1,terminate,2,52,2,16.760232,-0.000635,2534,3226,2534,100.00,78.55
20260630_211325_905015,terminate,1,terminate,2,52,3,13.819679,0.187047,2534,3226,2534,100.00,78.55
20260630_211325_905015,terminate,1,terminate,2,52,4,15.022211,0.314895,2534,3226,2534,100.00,78.55
20260630_211325_905015,terminate,1,terminate,2,52,5,12.075599,0.308962,2534,3226,2534,100.00,78.55
20260630_211325_905015,terminate,1,terminate,2,52,6,15.152444,0.117634,2534,3226,2534,100.00,78.55
20260630_211325_905015,terminate,1,terminate,2,52,7,10.972152,0.314302,2534,3226,2534,100.00,78.55
20260630_211325_905015,terminate,1,terminate,2,53,0,13.452532,0.226005,2534,3226,2534,100.00,78.55
20260630_211325_905015,terminate,1,terminate,2,53,1,21.132321,0.033085,2534,3226,2534,100.00,78.55
20260630_211325_905015,terminate,1,terminate,2,53,2,12.477609,0.074525,2534,3226,2534,100.00,78.55
20260630_211325_905015,terminate,1,terminate,2,53,3,14.927738,0.230269,2534,3226,2534,100.00,78.55
20260630_211325_905015,terminate,1,terminate,2,53,4,17.862686,0.247060,2534,3226,2534,100.00,78.55
20260630_211325_905015,terminate,1,terminate,2,53,5,18.580813,0.323108,2534,3226,2534,100.00,78.55
20260630_211325_905015,terminate,1,terminate,2,53,6,11.784232,0.209263,2534,3226,2534,100.00,78.55
20260630_211325_905015,terminate,1,terminate,2,53,7,18.166051,0.358904,2534,3226,2534,100.00,78.55
20260630_211325_905015,terminate,1,terminate,2,54,0,19.819095,0.059273,2534,3226,2534,100.00,78.55
20260630_211325_905015,terminate,1,terminate,2,54,1,12.781275,0.208055,2534,3226,2534,100.00,78.55
20260630_211325_905015,terminate,1,terminate,2,54,2,19.786376,0.161360,2534,3226,2534,100.00,78.55
20260630_211325_905015,terminate,1,terminate,2,54,3,16.075787,0.604867,2534,3226,2534,100.00,78.55
20260630_211325_905015,terminate,1,terminate,2,54,4,20.706650,0.133417,2534,3226,2534,100.00,78.55
20260630_211325_905015,terminate,1,terminate,2,54,5,18.401745,0.061705,2534,3226,2534,100.00,78.55
20260630_211325_905015,terminate,1,terminate,2,54,6,22.371791,0.120594,2534,3226,2534,100.00,78.55
20260630_211325_905015,terminate,1,terminate,2,54,7,26.015007,0.713496,2534,3226,2534,100.00,78.55
20260630_211325_905015,terminate,1,terminate,2,55,0,18.188647,0.213440,2534,3226,2534,100.00,78.55
20260630_211325_905015,terminate,1,terminate,2,55,1,20.309325,0.395684,2534,3226,2534,100.00,78.55
20260630_211325_905015,terminate,1,terminate,2,55,2,19.196040,0.204574,2534,3226,2534,100.00,78.55
20260630_211325_905015,terminate,1,terminate,2,55,3,16.049987,0.548654,2534,3226,2534,100.00,78.55
20260630_211325_905015,terminate,1,terminate,2,55,4,19.914779,0.359689,2534,3226,2534,100.00,78.55
20260630_211325_905015,terminate,1,terminate,2,55,5,22.319002,0.040471,2534,3226,2534,100.00,78.55
20260630_211325_905015,terminate,1,terminate,2,55,6,21.546462,0.250859,2534,3226,2534,100.00,78.55
20260630_211325_905015,terminate,1,terminate,2,55,7,19.694527,0.358259,2534,3226,2534,100.00,78.55
20260630_211325_905015,terminate,1,terminate,2,56,0,18.545010,0.377143,2534,3226,2534,100.00,78.55
20260630_211325_905015,terminate,1,terminate,2,56,1,21.837134,0.034270,2534,3226,2534,100.00,78.55
20260630_211325_905015,terminate,1,terminate,2,56,2,23.039553,-0.000080,2534,3226,2534,100.00,78.55
20260630_211325_905015,terminate,1,terminate,2,56,3,30.342631,0.045281,2534,3226,2534,100.00,78.55
20260630_211325_905015,terminate,1,terminate,2,56,4,29.258047,0.463304,2534,3226,2534,100.00,78.55
20260630_211325_905015,terminate,1,terminate,2,56,5,24.507772,0.133455,2534,3226,2534,100.00,78.55
20260630_211325_905015,terminate,1,terminate,2,56,6,26.009510,0.366542,2534,3226,2534,100.00,78.55
20260630_211325_905015,terminate,1,terminate,2,56,7,27.177517,0.520708,2534,3226,2534,100.00,78.55
20260630_211325_905015,terminate,1,terminate,2,57,0,33.790371,-0.100216,2534,3226,2534,100.00,78.55
20260630_211325_905015,terminate,1,terminate,2,57,1,25.224360,0.009720,2534,3226,2534,100.00,78.55
20260630_211325_905015,terminate,1,terminate,2,57,2,30.550146,0.137969,2534,3226,2534,100.00,78.55
20260630_211325_905015,terminate,1,terminate,2,57,3,25.017919,0.244658,2534,3226,2534,100.00,78.55
20260630_211325_905015,terminate,1,terminate,2,57,4,21.130418,0.190477,2534,3226,2534,100.00,78.55
20260630_211325_905015,terminate,1,terminate,2,57,5,30.100419,0.176305,2534,3226,2534,100.00,78.55
20260630_211325_905015,terminate,1,terminate,2,57,6,31.509857,0.108363,2534,3226,2534,100.00,78.55
20260630_211325_905015,terminate,1,terminate,2,57,7,23.833096,0.414371,2534,3226,2534,100.00,78.55
20260630_211325_905015,terminate,1,terminate,2,58,0,43.244317,0.178607,2534,3226,2534,100.00,78.55
20260630_211325_905015,terminate,1,terminate,2,58,1,33.362020,-0.021167,2534,3226,2534,100.00,78.55
20260630_211325_905015,terminate,1,terminate,2,58,2,38.082485,0.013943,2534,3226,2534,100.00,78.55
20260630_211325_905015,terminate,1,terminate,2,58,3,38.673651,0.010222,2534,3226,2534,100.00,78.55
20260630_211325_905015,terminate,1,terminate,2,58,4,51.128403,0.176263,2534,3226,2534,100.00,78.55
20260630_211325_905015,terminate,1,terminate,2,58,5,27.199524,0.617354,2534,3226,2534,100.00,78.55
20260630_211325_905015,terminate,1,terminate,2,58,6,38.714357,-0.044472,2534,3226,2534,100.00,78.55
20260630_211325_905015,terminate,1,terminate,2,58,7,35.408934,0.051874,2534,3226,2534,100.00,78.55
20260630_211325_905015,terminate,1,terminate,2,59,0,42.865170,0.034925,2534,3226,2534,100.00,78.55
20260630_211325_905015,terminate,1,terminate,2,59,1,46.695686,-0.085339,2534,3226,2534,100.00,78.55
20260630_211325_905015,terminate,1,terminate,2,59,2,44.017910,-0.083917,2534,3226,2534,100.00,78.55
20260630_211325_905015,terminate,1,terminate,2,59,3,36.273905,0.108110,2534,3226,2534,100.00,78.55
20260630_211325_905015,terminate,1,terminate,2,59,4,38.241406,0.134221,2534,3226,2534,100.00,78.55
20260630_211325_905015,terminate,1,terminate,2,59,5,32.425738,0.366664,2534,3226,2534,100.00,78.55
20260630_211325_905015,terminate,1,terminate,2,59,6,44.983792,-0.016685,2534,3226,2534,100.00,78.55
20260630_211325_905015,terminate,1,terminate,2,59,7,30.373241,0.210013,2534,3226,2534,100.00,78.55
20260630_211325_905015,terminate,1,terminate,2,60,0,29.664053,0.438135,2534,3226,2534,100.00,78.55
20260630_211325_905015,terminate,1,terminate,2,60,1,40.237459,0.632892,2534,3226,2534,100.00,78.55
20260630_211325_905015,terminate,1,terminate,2,60,2,29.439716,0.280352,2534,3226,2534,100.00,78.55
20260630_211325_905015,terminate,1,terminate,2,60,3,55.158193,0.221429,2534,3226,2534,100.00,78.55
20260630_211325_905015,terminate,1,terminate,2,60,4,29.495858,0.405941,2534,3226,2534,100.00,78.55
20260630_211325_905015,terminate,1,terminate,2,60,5,37.749244,0.081145,2534,3226,2534,100.00,78.55
20260630_211325_905015,terminate,1,terminate,2,60,6,40.074115,0.253900,2534,3226,2534,100.00,78.55
20260630_211325_905015,terminate,1,terminate,2,60,7,36.178947,0.318598,2534,3226,2534,100.00,78.55
20260630_211325_905015,terminate,1,terminate,2,61,0,48.753118,0.094196,2534,3226,2534,100.00,78.55
20260630_211325_905015,terminate,1,terminate,2,61,1,39.715379,0.177242,2534,3226,2534,100.00,78.55
20260630_211325_905015,terminate,1,terminate,2,61,2,48.008336,0.257772,2534,3226,2534,100.00,78.55
20260630_211325_905015,terminate,1,terminate,2,61,3,52.146734,0.002123,2534,3226,2534,100.00,78.55
20260630_211325_905015,terminate,1,terminate,2,61,4,50.957639,0.301979,2534,3226,2534,100.00,78.55
20260630_211325_905015,terminate,1,terminate,2,61,5,44.277729,0.079018,2534,3226,2534,100.00,78.55
20260630_211325_905015,terminate,1,terminate,2,61,6,47.065362,0.356264,2534,3226,2534,100.00,78.55
20260630_211325_905015,terminate,1,terminate,2,61,7,42.858681,0.584516,2534,3226,2534,100.00,78.55
20260630_211325_905015,terminate,1,terminate,2,62,0,45.726802,0.617446,2534,3226,2534,100.00,78.55
20260630_211325_905015,terminate,1,terminate,2,62,1,38.889111,0.181168,2534,3226,2534,100.00,78.55
20260630_211325_905015,terminate,1,terminate,2,62,2,42.610485,0.308429,2534,3226,2534,100.00,78.55
20260630_211325_905015,terminate,1,terminate,2,62,3,37.979018,0.464109,2534,3226,2534,100.00,78.55
20260630_211325_905015,terminate,1,terminate,2,62,4,31.052560,0.733933,2534,3226,2534,100.00,78.55
20260630_211325_905015,terminate,1,terminate,2,62,5,40.733834,0.313066,2534,3226,2534,100.00,78.55
20260630_211325_905015,terminate,1,terminate,2,62,6,51.360504,0.395036,2534,3226,2534,100.00,78.55
20260630_211325_905015,terminate,1,terminate,2,62,7,50.813246,0.125402,2534,3226,2534,100.00,78.55
20260630_211325_905015,terminate,1,terminate,2,63,0,24.355616,0.521670,2534,3226,2534,100.00,78.55
20260630_211325_905015,terminate,1,terminate,2,63,1,26.672480,0.442413,2534,3226,2534,100.00,78.55
20260630_211325_905015,terminate,1,terminate,2,63,2,34.726316,0.651422,2534,3226,2534,100.00,78.55
20260630_211325_905015,terminate,1,terminate,2,63,3,30.730062,0.186091,2534,3226,2534,100.00,78.55
20260630_211325_905015,terminate,1,terminate,2,63,4,24.503619,0.588720,2534,3226,2534,100.00,78.55
20260630_211325_905015,terminate,1,terminate,2,63,5,33.916442,0.692313,2534,3226,2534,100.00,78.55
20260630_211325_905015,terminate,1,terminate,2,63,6,27.173864,0.263881,2534,3226,2534,100.00,78.55
20260630_211325_905015,terminate,1,terminate,2,63,7,27.668151,0.572610,2534,3226,2534,100.00,78.55
