run_id,tool_a,call_a,tool_b,call_b,layer,head,l2,cosine
20260623_203232_300106,web_search,0,web_search,1,0,0,0.004373,0.996480
20260623_203232_300106,web_search,0,web_search,1,0,1,0.006094,0.998883
20260623_203232_300106,web_search,0,web_search,1,0,2,0.005863,0.998782
20260623_203232_300106,web_search,0,web_search,1,0,3,0.008325,0.995527
20260623_203232_300106,web_search,0,web_search,1,0,4,0.004390,0.999878
20260623_203232_300106,web_search,0,web_search,1,0,5,0.004966,0.993211
20260623_203232_300106,web_search,0,web_search,1,0,6,0.004169,0.997646
20260623_203232_300106,web_search,0,web_search,1,0,7,0.004714,0.999382
20260623_203232_300106,web_search,0,web_search,1,1,0,0.009281,0.999008
20260623_203232_300106,web_search,0,web_search,1,1,1,0.007982,0.999266
20260623_203232_300106,web_search,0,web_search,1,1,2,0.006422,0.994116
20260623_203232_300106,web_search,0,web_search,1,1,3,0.012124,0.996008
20260623_203232_300106,web_search,0,web_search,1,1,4,0.008296,0.996849
20260623_203232_300106,web_search,0,web_search,1,1,5,0.007176,0.998676
20260623_203232_300106,web_search,0,web_search,1,1,6,0.009592,0.990945
20260623_203232_300106,web_search,0,web_search,1,1,7,0.012971,0.999413
20260623_203232_300106,web_search,0,web_search,1,2,0,0.028536,0.978874
20260623_203232_300106,web_search,0,web_search,1,2,1,0.016429,0.990452
20260623_203232_300106,web_search,0,web_search,1,2,2,0.012384,0.983717
20260623_203232_300106,web_search,0,web_search,1,2,3,0.014858,0.987770
20260623_203232_300106,web_search,0,web_search,1,2,4,0.017639,0.996648
20260623_203232_300106,web_search,0,web_search,1,2,5,0.013770,0.989021
20260623_203232_300106,web_search,0,web_search,1,2,6,0.013856,0.984954
20260623_203232_300106,web_search,0,web_search,1,2,7,0.019043,0.987537
20260623_203232_300106,web_search,0,web_search,1,3,0,0.031749,0.983447
20260623_203232_300106,web_search,0,web_search,1,3,1,0.012889,0.996266
20260623_203232_300106,web_search,0,web_search,1,3,2,0.022240,0.977342
20260623_203232_300106,web_search,0,web_search,1,3,3,0.022054,0.984382
20260623_203232_300106,web_search,0,web_search,1,3,4,0.021908,0.974941
20260623_203232_300106,web_search,0,web_search,1,3,5,0.018263,0.991913
20260623_203232_300106,web_search,0,web_search,1,3,6,0.015713,0.987711
20260623_203232_300106,web_search,0,web_search,1,3,7,0.022597,0.980134
20260623_203232_300106,web_search,0,web_search,1,4,0,0.040378,0.975897
20260623_203232_300106,web_search,0,web_search,1,4,1,0.026784,0.987158
20260623_203232_300106,web_search,0,web_search,1,4,2,0.026904,0.998715
20260623_203232_300106,web_search,0,web_search,1,4,3,0.027216,0.982684
20260623_203232_300106,web_search,0,web_search,1,4,4,0.031140,0.979075
20260623_203232_300106,web_search,0,web_search,1,4,5,0.023752,0.991284
20260623_203232_300106,web_search,0,web_search,1,4,6,0.018552,0.986559
20260623_203232_300106,web_search,0,web_search,1,4,7,0.016959,0.991157
20260623_203232_300106,web_search,0,web_search,1,5,0,0.059291,0.994520
20260623_203232_300106,web_search,0,web_search,1,5,1,0.035209,0.989584
20260623_203232_300106,web_search,0,web_search,1,5,2,0.021556,0.988544
20260623_203232_300106,web_search,0,web_search,1,5,3,0.052146,0.995362
20260623_203232_300106,web_search,0,web_search,1,5,4,0.026296,0.998327
20260623_203232_300106,web_search,0,web_search,1,5,5,0.024054,0.991336
20260623_203232_300106,web_search,0,web_search,1,5,6,0.044427,0.987077
20260623_203232_300106,web_search,0,web_search,1,5,7,0.029350,0.990687
20260623_203232_300106,web_search,0,web_search,1,6,0,0.079365,0.957437
20260623_203232_300106,web_search,0,web_search,1,6,1,0.058976,0.983615
20260623_203232_300106,web_search,0,web_search,1,6,2,0.083463,0.904248
20260623_203232_300106,web_search,0,web_search,1,6,3,0.037825,0.950689
20260623_203232_300106,web_search,0,web_search,1,6,4,0.037494,0.988263
20260623_203232_300106,web_search,0,web_search,1,6,5,0.065626,0.979452
20260623_203232_300106,web_search,0,web_search,1,6,6,0.064728,0.970727
20260623_203232_300106,web_search,0,web_search,1,6,7,0.041403,0.980849
20260623_203232_300106,web_search,0,web_search,1,7,0,0.119173,0.988129
20260623_203232_300106,web_search,0,web_search,1,7,1,0.083438,0.982216
20260623_203232_300106,web_search,0,web_search,1,7,2,0.086447,0.994891
20260623_203232_300106,web_search,0,web_search,1,7,3,0.060863,0.974655
20260623_203232_300106,web_search,0,web_search,1,7,4,0.088680,0.990548
20260623_203232_300106,web_search,0,web_search,1,7,5,0.054018,0.982096
20260623_203232_300106,web_search,0,web_search,1,7,6,0.127372,0.975449
20260623_203232_300106,web_search,0,web_search,1,7,7,0.089575,0.992339
20260623_203232_300106,web_search,0,web_search,1,8,0,0.103110,0.991804
20260623_203232_300106,web_search,0,web_search,1,8,1,0.169622,0.956630
20260623_203232_300106,web_search,0,web_search,1,8,2,0.105197,0.992919
20260623_203232_300106,web_search,0,web_search,1,8,3,0.118286,0.982394
20260623_203232_300106,web_search,0,web_search,1,8,4,0.149868,0.975975
20260623_203232_300106,web_search,0,web_search,1,8,5,0.067911,0.993460
20260623_203232_300106,web_search,0,web_search,1,8,6,0.073674,0.992405
20260623_203232_300106,web_search,0,web_search,1,8,7,0.078883,0.993298
20260623_203232_300106,web_search,0,web_search,1,9,0,0.128781,0.984138
20260623_203232_300106,web_search,0,web_search,1,9,1,0.076390,0.995336
20260623_203232_300106,web_search,0,web_search,1,9,2,0.108913,0.986350
20260623_203232_300106,web_search,0,web_search,1,9,3,0.088208,0.991284
20260623_203232_300106,web_search,0,web_search,1,9,4,0.079183,0.990328
20260623_203232_300106,web_search,0,web_search,1,9,5,0.068563,0.981825
20260623_203232_300106,web_search,0,web_search,1,9,6,0.076882,0.986238
20260623_203232_300106,web_search,0,web_search,1,9,7,0.149768,0.982074
20260623_203232_300106,web_search,0,web_search,1,10,0,0.108292,0.993153
20260623_203232_300106,web_search,0,web_search,1,10,1,0.157802,0.944494
20260623_203232_300106,web_search,0,web_search,1,10,2,0.073372,0.988168
20260623_203232_300106,web_search,0,web_search,1,10,3,0.076644,0.968118
20260623_203232_300106,web_search,0,web_search,1,10,4,0.109766,0.989519
20260623_203232_300106,web_search,0,web_search,1,10,5,0.111939,0.993213
20260623_203232_300106,web_search,0,web_search,1,10,6,0.172389,0.918854
20260623_203232_300106,web_search,0,web_search,1,10,7,0.183338,0.965261
20260623_203232_300106,web_search,0,web_search,1,11,0,0.092010,0.981241
20260623_203232_300106,web_search,0,web_search,1,11,1,0.221208,0.945338
20260623_203232_300106,web_search,0,web_search,1,11,2,0.111645,0.983731
20260623_203232_300106,web_search,0,web_search,1,11,3,0.119127,0.980076
20260623_203232_300106,web_search,0,web_search,1,11,4,0.212026,0.957288
20260623_203232_300106,web_search,0,web_search,1,11,5,0.079014,0.979734
20260623_203232_300106,web_search,0,web_search,1,11,6,0.098534,0.986460
20260623_203232_300106,web_search,0,web_search,1,11,7,0.145070,0.963715
20260623_203232_300106,web_search,0,web_search,1,12,0,0.175100,0.975209
20260623_203232_300106,web_search,0,web_search,1,12,1,0.113052,0.980022
20260623_203232_300106,web_search,0,web_search,1,12,2,0.211132,0.990893
20260623_203232_300106,web_search,0,web_search,1,12,3,0.162811,0.979401
20260623_203232_300106,web_search,0,web_search,1,12,4,0.109833,0.990780
20260623_203232_300106,web_search,0,web_search,1,12,5,0.160504,0.972943
20260623_203232_300106,web_search,0,web_search,1,12,6,0.110565,0.986851
20260623_203232_300106,web_search,0,web_search,1,12,7,0.135857,0.980779
20260623_203232_300106,web_search,0,web_search,1,13,0,0.206622,0.988447
20260623_203232_300106,web_search,0,web_search,1,13,1,0.151008,0.992734
20260623_203232_300106,web_search,0,web_search,1,13,2,0.194077,0.991844
20260623_203232_300106,web_search,0,web_search,1,13,3,0.228995,0.979094
20260623_203232_300106,web_search,0,web_search,1,13,4,0.161494,0.976337
20260623_203232_300106,web_search,0,web_search,1,13,5,0.137754,0.972404
20260623_203232_300106,web_search,0,web_search,1,13,6,0.222860,0.991322
20260623_203232_300106,web_search,0,web_search,1,13,7,0.212408,0.966037
20260623_203232_300106,web_search,0,web_search,1,14,0,0.142923,0.977891
20260623_203232_300106,web_search,0,web_search,1,14,1,0.137479,0.971976
20260623_203232_300106,web_search,0,web_search,1,14,2,0.122774,0.994119
20260623_203232_300106,web_search,0,web_search,1,14,3,0.222214,0.983689
20260623_203232_300106,web_search,0,web_search,1,14,4,0.383811,0.987902
20260623_203232_300106,web_search,0,web_search,1,14,5,0.229606,0.976305
20260623_203232_300106,web_search,0,web_search,1,14,6,0.209702,0.990372
20260623_203232_300106,web_search,0,web_search,1,14,7,0.128825,0.991052
20260623_203232_300106,web_search,0,web_search,1,15,0,0.229398,0.983305
20260623_203232_300106,web_search,0,web_search,1,15,1,0.165746,0.991015
20260623_203232_300106,web_search,0,web_search,1,15,2,0.151824,0.989289
20260623_203232_300106,web_search,0,web_search,1,15,3,0.169236,0.988176
20260623_203232_300106,web_search,0,web_search,1,15,4,0.302846,0.981956
20260623_203232_300106,web_search,0,web_search,1,15,5,0.348807,0.966560
20260623_203232_300106,web_search,0,web_search,1,15,6,0.182689,0.988089
20260623_203232_300106,web_search,0,web_search,1,15,7,0.176908,0.987725
20260623_203232_300106,web_search,0,web_search,1,16,0,0.290308,0.966207
20260623_203232_300106,web_search,0,web_search,1,16,1,0.591351,0.917623
20260623_203232_300106,web_search,0,web_search,1,16,2,0.211379,0.984844
20260623_203232_300106,web_search,0,web_search,1,16,3,0.208932,0.971623
20260623_203232_300106,web_search,0,web_search,1,16,4,0.243832,0.984715
20260623_203232_300106,web_search,0,web_search,1,16,5,0.202936,0.987420
20260623_203232_300106,web_search,0,web_search,1,16,6,0.201303,0.986774
20260623_203232_300106,web_search,0,web_search,1,16,7,0.221350,0.990257
20260623_203232_300106,web_search,0,web_search,1,17,0,0.263026,0.984050
20260623_203232_300106,web_search,0,web_search,1,17,1,0.270132,0.974005
20260623_203232_300106,web_search,0,web_search,1,17,2,0.269151,0.973473
20260623_203232_300106,web_search,0,web_search,1,17,3,0.431280,0.968343
20260623_203232_300106,web_search,0,web_search,1,17,4,0.178820,0.987091
20260623_203232_300106,web_search,0,web_search,1,17,5,0.298192,0.972707
20260623_203232_300106,web_search,0,web_search,1,17,6,0.232401,0.989569
20260623_203232_300106,web_search,0,web_search,1,17,7,0.203289,0.986709
20260623_203232_300106,web_search,0,web_search,1,18,0,0.572143,0.973236
20260623_203232_300106,web_search,0,web_search,1,18,1,0.216991,0.975944
20260623_203232_300106,web_search,0,web_search,1,18,2,0.392826,0.971768
20260623_203232_300106,web_search,0,web_search,1,18,3,0.303477,0.984705
20260623_203232_300106,web_search,0,web_search,1,18,4,0.264923,0.975384
20260623_203232_300106,web_search,0,web_search,1,18,5,0.268970,0.986477
20260623_203232_300106,web_search,0,web_search,1,18,6,0.271920,0.967960
20260623_203232_300106,web_search,0,web_search,1,18,7,0.335409,0.971687
20260623_203232_300106,web_search,0,web_search,1,19,0,0.332546,0.964785
20260623_203232_300106,web_search,0,web_search,1,19,1,0.570730,0.935580
20260623_203232_300106,web_search,0,web_search,1,19,2,0.232050,0.970596
20260623_203232_300106,web_search,0,web_search,1,19,3,0.299699,0.982595
20260623_203232_300106,web_search,0,web_search,1,19,4,0.365028,0.981482
20260623_203232_300106,web_search,0,web_search,1,19,5,0.565376,0.930816
20260623_203232_300106,web_search,0,web_search,1,19,6,0.240571,0.974394
20260623_203232_300106,web_search,0,web_search,1,19,7,0.429944,0.974514
20260623_203232_300106,web_search,0,web_search,1,20,0,0.724078,0.919332
20260623_203232_300106,web_search,0,web_search,1,20,1,0.354263,0.979312
20260623_203232_300106,web_search,0,web_search,1,20,2,0.517801,0.965658
20260623_203232_300106,web_search,0,web_search,1,20,3,0.553954,0.933883
20260623_203232_300106,web_search,0,web_search,1,20,4,0.511286,0.956223
20260623_203232_300106,web_search,0,web_search,1,20,5,0.274190,0.986028
20260623_203232_300106,web_search,0,web_search,1,20,6,0.640071,0.970496
20260623_203232_300106,web_search,0,web_search,1,20,7,0.335189,0.986793
20260623_203232_300106,web_search,0,web_search,1,21,0,0.367331,0.990661
20260623_203232_300106,web_search,0,web_search,1,21,1,0.522692,0.989751
20260623_203232_300106,web_search,0,web_search,1,21,2,0.424148,0.984479
20260623_203232_300106,web_search,0,web_search,1,21,3,0.269249,0.980501
20260623_203232_300106,web_search,0,web_search,1,21,4,0.306931,0.979882
20260623_203232_300106,web_search,0,web_search,1,21,5,0.735072,0.965393
20260623_203232_300106,web_search,0,web_search,1,21,6,0.320017,0.977517
20260623_203232_300106,web_search,0,web_search,1,21,7,0.297009,0.977522
20260623_203232_300106,web_search,0,web_search,1,22,0,0.626153,0.913682
20260623_203232_300106,web_search,0,web_search,1,22,1,0.303781,0.961650
20260623_203232_300106,web_search,0,web_search,1,22,2,0.611640,0.950287
20260623_203232_300106,web_search,0,web_search,1,22,3,0.443022,0.982286
20260623_203232_300106,web_search,0,web_search,1,22,4,0.384712,0.982739
20260623_203232_300106,web_search,0,web_search,1,22,5,0.461194,0.982402
20260623_203232_300106,web_search,0,web_search,1,22,6,0.299179,0.980862
20260623_203232_300106,web_search,0,web_search,1,22,7,0.549764,0.979025
20260623_203232_300106,web_search,0,web_search,1,23,0,0.517177,0.965646
20260623_203232_300106,web_search,0,web_search,1,23,1,0.529765,0.978835
20260623_203232_300106,web_search,0,web_search,1,23,2,0.484047,0.972915
20260623_203232_300106,web_search,0,web_search,1,23,3,0.347148,0.982737
20260623_203232_300106,web_search,0,web_search,1,23,4,0.549939,0.943225
20260623_203232_300106,web_search,0,web_search,1,23,5,0.473321,0.967937
20260623_203232_300106,web_search,0,web_search,1,23,6,0.484537,0.976159
20260623_203232_300106,web_search,0,web_search,1,23,7,0.456794,0.965279
20260623_203232_300106,web_search,0,web_search,1,24,0,0.502641,0.989110
20260623_203232_300106,web_search,0,web_search,1,24,1,0.617793,0.975523
20260623_203232_300106,web_search,0,web_search,1,24,2,0.534456,0.978692
20260623_203232_300106,web_search,0,web_search,1,24,3,0.423331,0.979560
20260623_203232_300106,web_search,0,web_search,1,24,4,0.389728,0.990413
20260623_203232_300106,web_search,0,web_search,1,24,5,0.476391,0.965510
20260623_203232_300106,web_search,0,web_search,1,24,6,0.614205,0.963473
20260623_203232_300106,web_search,0,web_search,1,24,7,0.416805,0.978964
20260623_203232_300106,web_search,0,web_search,1,25,0,0.544360,0.964211
20260623_203232_300106,web_search,0,web_search,1,25,1,0.518939,0.986455
20260623_203232_300106,web_search,0,web_search,1,25,2,0.961893,0.951116
20260623_203232_300106,web_search,0,web_search,1,25,3,0.538035,0.940577
20260623_203232_300106,web_search,0,web_search,1,25,4,0.816365,0.970876
20260623_203232_300106,web_search,0,web_search,1,25,5,0.527357,0.975817
20260623_203232_300106,web_search,0,web_search,1,25,6,0.444358,0.982618
20260623_203232_300106,web_search,0,web_search,1,25,7,0.406726,0.982323
20260623_203232_300106,web_search,0,web_search,1,26,0,0.822276,0.940115
20260623_203232_300106,web_search,0,web_search,1,26,1,0.755668,0.982427
20260623_203232_300106,web_search,0,web_search,1,26,2,0.388708,0.990476
20260623_203232_300106,web_search,0,web_search,1,26,3,0.465437,0.986906
20260623_203232_300106,web_search,0,web_search,1,26,4,0.533557,0.983368
20260623_203232_300106,web_search,0,web_search,1,26,5,0.369503,0.979274
20260623_203232_300106,web_search,0,web_search,1,26,6,0.787525,0.979129
20260623_203232_300106,web_search,0,web_search,1,26,7,0.448295,0.985600
20260623_203232_300106,web_search,0,web_search,1,27,0,0.708947,0.985550
20260623_203232_300106,web_search,0,web_search,1,27,1,1.239047,0.961568
20260623_203232_300106,web_search,0,web_search,1,27,2,1.358963,0.927216
20260623_203232_300106,web_search,0,web_search,1,27,3,0.602744,0.980550
20260623_203232_300106,web_search,0,web_search,1,27,4,0.694528,0.977262
20260623_203232_300106,web_search,0,web_search,1,27,5,0.505739,0.975176
20260623_203232_300106,web_search,0,web_search,1,27,6,0.508517,0.986363
20260623_203232_300106,web_search,0,web_search,1,27,7,1.201732,0.947796
20260623_203232_300106,web_search,0,web_search,1,28,0,0.544008,0.985765
20260623_203232_300106,web_search,0,web_search,1,28,1,0.546093,0.986171
20260623_203232_300106,web_search,0,web_search,1,28,2,0.625644,0.981724
20260623_203232_300106,web_search,0,web_search,1,28,3,0.755253,0.948010
20260623_203232_300106,web_search,0,web_search,1,28,4,0.649760,0.983379
20260623_203232_300106,web_search,0,web_search,1,28,5,0.798139,0.985132
20260623_203232_300106,web_search,0,web_search,1,28,6,0.628572,0.985299
20260623_203232_300106,web_search,0,web_search,1,28,7,0.565743,0.976027
20260623_203232_300106,web_search,0,web_search,1,29,0,0.686392,0.980256
20260623_203232_300106,web_search,0,web_search,1,29,1,0.878024,0.975036
20260623_203232_300106,web_search,0,web_search,1,29,2,0.657782,0.963764
20260623_203232_300106,web_search,0,web_search,1,29,3,1.460941,0.988226
20260623_203232_300106,web_search,0,web_search,1,29,4,0.922098,0.981679
20260623_203232_300106,web_search,0,web_search,1,29,5,1.054825,0.983238
20260623_203232_300106,web_search,0,web_search,1,29,6,0.766881,0.979777
20260623_203232_300106,web_search,0,web_search,1,29,7,1.971162,0.975055
20260623_203232_300106,web_search,0,web_search,1,30,0,0.768941,0.976612
20260623_203232_300106,web_search,0,web_search,1,30,1,0.817446,0.989630
20260623_203232_300106,web_search,0,web_search,1,30,2,0.892901,0.976132
20260623_203232_300106,web_search,0,web_search,1,30,3,1.544732,0.988242
20260623_203232_300106,web_search,0,web_search,1,30,4,1.213639,0.987744
20260623_203232_300106,web_search,0,web_search,1,30,5,0.715831,0.984479
20260623_203232_300106,web_search,0,web_search,1,30,6,1.093004,0.966152
20260623_203232_300106,web_search,0,web_search,1,30,7,2.385810,0.957515
20260623_203232_300106,web_search,0,web_search,1,31,0,1.138885,0.986313
20260623_203232_300106,web_search,0,web_search,1,31,1,1.017878,0.988238
20260623_203232_300106,web_search,0,web_search,1,31,2,0.821679,0.982413
20260623_203232_300106,web_search,0,web_search,1,31,3,1.028142,0.990396
20260623_203232_300106,web_search,0,web_search,1,31,4,0.884812,0.990685
20260623_203232_300106,web_search,0,web_search,1,31,5,1.118719,0.964775
20260623_203232_300106,web_search,0,web_search,1,31,6,2.559902,0.949080
20260623_203232_300106,web_search,0,web_search,1,31,7,1.267119,0.976158
20260623_203232_300106,web_search,0,web_search,1,32,0,1.517568,0.983848
20260623_203232_300106,web_search,0,web_search,1,32,1,1.079130,0.977560
20260623_203232_300106,web_search,0,web_search,1,32,2,0.980813,0.977225
20260623_203232_300106,web_search,0,web_search,1,32,3,1.184981,0.986772
20260623_203232_300106,web_search,0,web_search,1,32,4,3.111242,0.979610
20260623_203232_300106,web_search,0,web_search,1,32,5,1.064227,0.983301
20260623_203232_300106,web_search,0,web_search,1,32,6,1.648013,0.986047
20260623_203232_300106,web_search,0,web_search,1,32,7,2.499581,0.966225
20260623_203232_300106,web_search,0,web_search,1,33,0,1.332124,0.979556
20260623_203232_300106,web_search,0,web_search,1,33,1,0.946677,0.986107
20260623_203232_300106,web_search,0,web_search,1,33,2,1.520580,0.975625
20260623_203232_300106,web_search,0,web_search,1,33,3,1.363184,0.986210
20260623_203232_300106,web_search,0,web_search,1,33,4,1.228973,0.981921
20260623_203232_300106,web_search,0,web_search,1,33,5,1.246861,0.988049
20260623_203232_300106,web_search,0,web_search,1,33,6,1.276161,0.979136
20260623_203232_300106,web_search,0,web_search,1,33,7,1.717521,0.979468
20260623_203232_300106,web_search,0,web_search,1,34,0,2.846888,0.981529
20260623_203232_300106,web_search,0,web_search,1,34,1,1.361834,0.978127
20260623_203232_300106,web_search,0,web_search,1,34,2,1.396309,0.987792
20260623_203232_300106,web_search,0,web_search,1,34,3,1.466863,0.988683
20260623_203232_300106,web_search,0,web_search,1,34,4,2.685603,0.971850
20260623_203232_300106,web_search,0,web_search,1,34,5,2.043347,0.964848
20260623_203232_300106,web_search,0,web_search,1,34,6,1.759722,0.974402
20260623_203232_300106,web_search,0,web_search,1,34,7,1.461830,0.985169
20260623_203232_300106,web_search,0,web_search,1,35,0,1.619925,0.990637
20260623_203232_300106,web_search,0,web_search,1,35,1,1.837238,0.973111
20260623_203232_300106,web_search,0,web_search,1,35,2,1.767436,0.982981
20260623_203232_300106,web_search,0,web_search,1,35,3,1.336917,0.986503
20260623_203232_300106,web_search,0,web_search,1,35,4,1.902319,0.987495
20260623_203232_300106,web_search,0,web_search,1,35,5,2.376595,0.983849
20260623_203232_300106,web_search,0,web_search,1,35,6,1.672431,0.989190
20260623_203232_300106,web_search,0,web_search,1,35,7,2.489903,0.975866
20260623_203232_300106,web_search,0,web_search,1,36,0,2.263728,0.985824
20260623_203232_300106,web_search,0,web_search,1,36,1,4.927966,0.986471
20260623_203232_300106,web_search,0,web_search,1,36,2,2.219230,0.971033
20260623_203232_300106,web_search,0,web_search,1,36,3,2.612824,0.969802
20260623_203232_300106,web_search,0,web_search,1,36,4,2.390333,0.980789
20260623_203232_300106,web_search,0,web_search,1,36,5,1.470416,0.989714
20260623_203232_300106,web_search,0,web_search,1,36,6,2.640045,0.987296
20260623_203232_300106,web_search,0,web_search,1,36,7,1.998479,0.986274
20260623_203232_300106,web_search,0,web_search,1,37,0,1.967933,0.983013
20260623_203232_300106,web_search,0,web_search,1,37,1,2.334163,0.979469
20260623_203232_300106,web_search,0,web_search,1,37,2,3.891465,0.973741
20260623_203232_300106,web_search,0,web_search,1,37,3,2.073194,0.983591
20260623_203232_300106,web_search,0,web_search,1,37,4,4.512650,0.981898
20260623_203232_300106,web_search,0,web_search,1,37,5,2.550590,0.980799
20260623_203232_300106,web_search,0,web_search,1,37,6,4.370999,0.951050
20260623_203232_300106,web_search,0,web_search,1,37,7,6.663586,0.979895
20260623_203232_300106,web_search,0,web_search,1,38,0,7.036907,0.986640
20260623_203232_300106,web_search,0,web_search,1,38,1,2.268762,0.982323
20260623_203232_300106,web_search,0,web_search,1,38,2,2.438834,0.970396
20260623_203232_300106,web_search,0,web_search,1,38,3,2.991318,0.978109
20260623_203232_300106,web_search,0,web_search,1,38,4,2.376944,0.978912
20260623_203232_300106,web_search,0,web_search,1,38,5,2.941194,0.958467
20260623_203232_300106,web_search,0,web_search,1,38,6,3.451699,0.992455
20260623_203232_300106,web_search,0,web_search,1,38,7,2.470886,0.984670
20260623_203232_300106,web_search,0,web_search,1,39,0,2.393967,0.984352
20260623_203232_300106,web_search,0,web_search,1,39,1,2.505100,0.967043
20260623_203232_300106,web_search,0,web_search,1,39,2,4.889209,0.949746
20260623_203232_300106,web_search,0,web_search,1,39,3,2.279448,0.964278
20260623_203232_300106,web_search,0,web_search,1,39,4,1.989044,0.985668
20260623_203232_300106,web_search,0,web_search,1,39,5,6.017793,0.978429
20260623_203232_300106,web_search,0,web_search,1,39,6,2.215772,0.940827
20260623_203232_300106,web_search,0,web_search,1,39,7,5.234240,0.973239
20260623_203232_300106,web_search,0,python_execute,2,0,0,0.006651,0.992100
20260623_203232_300106,web_search,0,python_execute,2,0,1,0.009467,0.997299
20260623_203232_300106,web_search,0,python_execute,2,0,2,0.008611,0.997333
20260623_203232_300106,web_search,0,python_execute,2,0,3,0.011866,0.991915
20260623_203232_300106,web_search,0,python_execute,2,0,4,0.006733,0.999713
20260623_203232_300106,web_search,0,python_execute,2,0,5,0.007542,0.984227
20260623_203232_300106,web_search,0,python_execute,2,0,6,0.005506,0.995848
20260623_203232_300106,web_search,0,python_execute,2,0,7,0.007509,0.998431
20260623_203232_300106,web_search,0,python_execute,2,1,0,0.014695,0.997527
20260623_203232_300106,web_search,0,python_execute,2,1,1,0.011841,0.998364
20260623_203232_300106,web_search,0,python_execute,2,1,2,0.010316,0.985118
20260623_203232_300106,web_search,0,python_execute,2,1,3,0.016675,0.992865
20260623_203232_300106,web_search,0,python_execute,2,1,4,0.013014,0.993132
20260623_203232_300106,web_search,0,python_execute,2,1,5,0.010826,0.996918
20260623_203232_300106,web_search,0,python_execute,2,1,6,0.014621,0.981347
20260623_203232_300106,web_search,0,python_execute,2,1,7,0.020442,0.998541
20260623_203232_300106,web_search,0,python_execute,2,2,0,0.053850,0.928700
20260623_203232_300106,web_search,0,python_execute,2,2,1,0.027018,0.974105
20260623_203232_300106,web_search,0,python_execute,2,2,2,0.019691,0.958478
20260623_203232_300106,web_search,0,python_execute,2,2,3,0.024559,0.966630
20260623_203232_300106,web_search,0,python_execute,2,2,4,0.030101,0.990226
20260623_203232_300106,web_search,0,python_execute,2,2,5,0.021477,0.973698
20260623_203232_300106,web_search,0,python_execute,2,2,6,0.021632,0.964090
20260623_203232_300106,web_search,0,python_execute,2,2,7,0.033179,0.961851
20260623_203232_300106,web_search,0,python_execute,2,3,0,0.051579,0.958648
20260623_203232_300106,web_search,0,python_execute,2,3,1,0.020972,0.990704
20260623_203232_300106,web_search,0,python_execute,2,3,2,0.037097,0.943905
20260623_203232_300106,web_search,0,python_execute,2,3,3,0.034392,0.964771
20260623_203232_300106,web_search,0,python_execute,2,3,4,0.034897,0.940495
20260623_203232_300106,web_search,0,python_execute,2,3,5,0.031300,0.977999
20260623_203232_300106,web_search,0,python_execute,2,3,6,0.024429,0.973353
20260623_203232_300106,web_search,0,python_execute,2,3,7,0.038729,0.945875
20260623_203232_300106,web_search,0,python_execute,2,4,0,0.065002,0.940897
20260623_203232_300106,web_search,0,python_execute,2,4,1,0.045356,0.961774
20260623_203232_300106,web_search,0,python_execute,2,4,2,0.050627,0.995442
20260623_203232_300106,web_search,0,python_execute,2,4,3,0.044884,0.948609
20260623_203232_300106,web_search,0,python_execute,2,4,4,0.055940,0.938502
20260623_203232_300106,web_search,0,python_execute,2,4,5,0.039095,0.977090
20260623_203232_300106,web_search,0,python_execute,2,4,6,0.029225,0.968227
20260623_203232_300106,web_search,0,python_execute,2,4,7,0.027525,0.978247
20260623_203232_300106,web_search,0,python_execute,2,5,0,0.101408,0.983024
20260623_203232_300106,web_search,0,python_execute,2,5,1,0.055418,0.975577
20260623_203232_300106,web_search,0,python_execute,2,5,2,0.032367,0.975595
20260623_203232_300106,web_search,0,python_execute,2,5,3,0.091304,0.985774
20260623_203232_300106,web_search,0,python_execute,2,5,4,0.042573,0.995712
20260623_203232_300106,web_search,0,python_execute,2,5,5,0.041492,0.974480
20260623_203232_300106,web_search,0,python_execute,2,5,6,0.073448,0.964735
20260623_203232_300106,web_search,0,python_execute,2,5,7,0.044957,0.979169
20260623_203232_300106,web_search,0,python_execute,2,6,0,0.132098,0.896211
20260623_203232_300106,web_search,0,python_execute,2,6,1,0.099163,0.957243
20260623_203232_300106,web_search,0,python_execute,2,6,2,0.140518,0.759377
20260623_203232_300106,web_search,0,python_execute,2,6,3,0.061763,0.880035
20260623_203232_300106,web_search,0,python_execute,2,6,4,0.063889,0.967904
20260623_203232_300106,web_search,0,python_execute,2,6,5,0.111084,0.944249
20260623_203232_300106,web_search,0,python_execute,2,6,6,0.112368,0.930674
20260623_203232_300106,web_search,0,python_execute,2,6,7,0.061206,0.959942
20260623_203232_300106,web_search,0,python_execute,2,7,0,0.212130,0.964697
20260623_203232_300106,web_search,0,python_execute,2,7,1,0.139243,0.948028
20260623_203232_300106,web_search,0,python_execute,2,7,2,0.147691,0.984742
20260623_203232_300106,web_search,0,python_execute,2,7,3,0.100109,0.931260
20260623_203232_300106,web_search,0,python_execute,2,7,4,0.144894,0.974845
20260623_203232_300106,web_search,0,python_execute,2,7,5,0.092908,0.948523
20260623_203232_300106,web_search,0,python_execute,2,7,6,0.219773,0.929004
20260623_203232_300106,web_search,0,python_execute,2,7,7,0.150705,0.976657
20260623_203232_300106,web_search,0,python_execute,2,8,0,0.189859,0.972687
20260623_203232_300106,web_search,0,python_execute,2,8,1,0.313757,0.860109
20260623_203232_300106,web_search,0,python_execute,2,8,2,0.188591,0.977147
20260623_203232_300106,web_search,0,python_execute,2,8,3,0.202484,0.947884
20260623_203232_300106,web_search,0,python_execute,2,8,4,0.263896,0.928057
20260623_203232_300106,web_search,0,python_execute,2,8,5,0.114119,0.980142
20260623_203232_300106,web_search,0,python_execute,2,8,6,0.124709,0.978383
20260623_203232_300106,web_search,0,python_execute,2,8,7,0.148574,0.975928
20260623_203232_300106,web_search,0,python_execute,2,9,0,0.214175,0.956891
20260623_203232_300106,web_search,0,python_execute,2,9,1,0.132569,0.985801
20260623_203232_300106,web_search,0,python_execute,2,9,2,0.178847,0.963112
20260623_203232_300106,web_search,0,python_execute,2,9,3,0.140101,0.977767
20260623_203232_300106,web_search,0,python_execute,2,9,4,0.129439,0.974563
20260623_203232_300106,web_search,0,python_execute,2,9,5,0.107473,0.955698
20260623_203232_300106,web_search,0,python_execute,2,9,6,0.128243,0.962823
20260623_203232_300106,web_search,0,python_execute,2,9,7,0.266812,0.941180
20260623_203232_300106,web_search,0,python_execute,2,10,0,0.176692,0.980811
20260623_203232_300106,web_search,0,python_execute,2,10,1,0.264541,0.857396
20260623_203232_300106,web_search,0,python_execute,2,10,2,0.117410,0.970201
20260623_203232_300106,web_search,0,python_execute,2,10,3,0.128209,0.916074
20260623_203232_300106,web_search,0,python_execute,2,10,4,0.173379,0.973641
20260623_203232_300106,web_search,0,python_execute,2,10,5,0.204123,0.978195
20260623_203232_300106,web_search,0,python_execute,2,10,6,0.295788,0.794310
20260623_203232_300106,web_search,0,python_execute,2,10,7,0.316457,0.904515
20260623_203232_300106,web_search,0,python_execute,2,11,0,0.156965,0.945863
20260623_203232_300106,web_search,0,python_execute,2,11,1,0.375013,0.867441
20260623_203232_300106,web_search,0,python_execute,2,11,2,0.192791,0.947562
20260623_203232_300106,web_search,0,python_execute,2,11,3,0.189105,0.948988
20260623_203232_300106,web_search,0,python_execute,2,11,4,0.363665,0.884827
20260623_203232_300106,web_search,0,python_execute,2,11,5,0.131409,0.943937
20260623_203232_300106,web_search,0,python_execute,2,11,6,0.162130,0.963972
20260623_203232_300106,web_search,0,python_execute,2,11,7,0.251775,0.901402
20260623_203232_300106,web_search,0,python_execute,2,12,0,0.295805,0.930188
20260623_203232_300106,web_search,0,python_execute,2,12,1,0.195235,0.944468
20260623_203232_300106,web_search,0,python_execute,2,12,2,0.368953,0.971560
20260623_203232_300106,web_search,0,python_execute,2,12,3,0.286208,0.937415
20260623_203232_300106,web_search,0,python_execute,2,12,4,0.190368,0.970282
20260623_203232_300106,web_search,0,python_execute,2,12,5,0.268258,0.920828
20260623_203232_300106,web_search,0,python_execute,2,12,6,0.183669,0.960598
20260623_203232_300106,web_search,0,python_execute,2,12,7,0.225886,0.942448
20260623_203232_300106,web_search,0,python_execute,2,13,0,0.365459,0.964228
20260623_203232_300106,web_search,0,python_execute,2,13,1,0.250853,0.975120
20260623_203232_300106,web_search,0,python_execute,2,13,2,0.325495,0.975672
20260623_203232_300106,web_search,0,python_execute,2,13,3,0.380538,0.938657
20260623_203232_300106,web_search,0,python_execute,2,13,4,0.246327,0.942691
20260623_203232_300106,web_search,0,python_execute,2,13,5,0.236138,0.913641
20260623_203232_300106,web_search,0,python_execute,2,13,6,0.373275,0.974999
20260623_203232_300106,web_search,0,python_execute,2,13,7,0.362294,0.908029
20260623_203232_300106,web_search,0,python_execute,2,14,0,0.225794,0.940632
20260623_203232_300106,web_search,0,python_execute,2,14,1,0.207725,0.931380
20260623_203232_300106,web_search,0,python_execute,2,14,2,0.222926,0.980834
20260623_203232_300106,web_search,0,python_execute,2,14,3,0.404136,0.945270
20260623_203232_300106,web_search,0,python_execute,2,14,4,0.673523,0.962064
20260623_203232_300106,web_search,0,python_execute,2,14,5,0.411841,0.926669
20260623_203232_300106,web_search,0,python_execute,2,14,6,0.323477,0.975674
20260623_203232_300106,web_search,0,python_execute,2,14,7,0.212326,0.974789
20260623_203232_300106,web_search,0,python_execute,2,15,0,0.406006,0.950996
20260623_203232_300106,web_search,0,python_execute,2,15,1,0.290393,0.974277
20260623_203232_300106,web_search,0,python_execute,2,15,2,0.254558,0.969991
20260623_203232_300106,web_search,0,python_execute,2,15,3,0.276148,0.966805
20260623_203232_300106,web_search,0,python_execute,2,15,4,0.511476,0.949949
20260623_203232_300106,web_search,0,python_execute,2,15,5,0.585431,0.915048
20260623_203232_300106,web_search,0,python_execute,2,15,6,0.315831,0.965370
20260623_203232_300106,web_search,0,python_execute,2,15,7,0.292033,0.966628
20260623_203232_300106,web_search,0,python_execute,2,16,0,0.510571,0.902591
20260623_203232_300106,web_search,0,python_execute,2,16,1,0.942606,0.810528
20260623_203232_300106,web_search,0,python_execute,2,16,2,0.351109,0.957785
20260623_203232_300106,web_search,0,python_execute,2,16,3,0.364840,0.919400
20260623_203232_300106,web_search,0,python_execute,2,16,4,0.440715,0.949066
20260623_203232_300106,web_search,0,python_execute,2,16,5,0.349579,0.961497
20260623_203232_300106,web_search,0,python_execute,2,16,6,0.346916,0.960043
20260623_203232_300106,web_search,0,python_execute,2,16,7,0.369516,0.973022
20260623_203232_300106,web_search,0,python_execute,2,17,0,0.488018,0.945511
20260623_203232_300106,web_search,0,python_execute,2,17,1,0.470905,0.925579
20260623_203232_300106,web_search,0,python_execute,2,17,2,0.499800,0.909451
20260623_203232_300106,web_search,0,python_execute,2,17,3,0.755528,0.908125
20260623_203232_300106,web_search,0,python_execute,2,17,4,0.343610,0.955932
20260623_203232_300106,web_search,0,python_execute,2,17,5,0.524250,0.921617
20260623_203232_300106,web_search,0,python_execute,2,17,6,0.389342,0.967586
20260623_203232_300106,web_search,0,python_execute,2,17,7,0.365528,0.958303
20260623_203232_300106,web_search,0,python_execute,2,18,0,0.915053,0.930313
20260623_203232_300106,web_search,0,python_execute,2,18,1,0.340778,0.942815
20260623_203232_300106,web_search,0,python_execute,2,18,2,0.695928,0.916011
20260623_203232_300106,web_search,0,python_execute,2,18,3,0.479903,0.963073
20260623_203232_300106,web_search,0,python_execute,2,18,4,0.451085,0.933298
20260623_203232_300106,web_search,0,python_execute,2,18,5,0.438909,0.963416
20260623_203232_300106,web_search,0,python_execute,2,18,6,0.489691,0.912082
20260623_203232_300106,web_search,0,python_execute,2,18,7,0.592581,0.917682
20260623_203232_300106,web_search,0,python_execute,2,19,0,0.586140,0.897593
20260623_203232_300106,web_search,0,python_execute,2,19,1,1.025173,0.852953
20260623_203232_300106,web_search,0,python_execute,2,19,2,0.391318,0.916970
20260623_203232_300106,web_search,0,python_execute,2,19,3,0.509475,0.950535
20260623_203232_300106,web_search,0,python_execute,2,19,4,0.624751,0.945784
20260623_203232_300106,web_search,0,python_execute,2,19,5,0.988473,0.835867
20260623_203232_300106,web_search,0,python_execute,2,19,6,0.410374,0.929835
20260623_203232_300106,web_search,0,python_execute,2,19,7,0.820908,0.906898
20260623_203232_300106,web_search,0,python_execute,2,20,0,1.184902,0.821419
20260623_203232_300106,web_search,0,python_execute,2,20,1,0.593263,0.943503
20260623_203232_300106,web_search,0,python_execute,2,20,2,0.846778,0.905768
20260623_203232_300106,web_search,0,python_execute,2,20,3,0.861451,0.869986
20260623_203232_300106,web_search,0,python_execute,2,20,4,0.885210,0.879936
20260623_203232_300106,web_search,0,python_execute,2,20,5,0.449542,0.959488
20260623_203232_300106,web_search,0,python_execute,2,20,6,1.131157,0.921507
20260623_203232_300106,web_search,0,python_execute,2,20,7,0.530579,0.964666
20260623_203232_300106,web_search,0,python_execute,2,21,0,0.533693,0.980187
20260623_203232_300106,web_search,0,python_execute,2,21,1,0.853264,0.972222
20260623_203232_300106,web_search,0,python_execute,2,21,2,0.574969,0.972415
20260623_203232_300106,web_search,0,python_execute,2,21,3,0.420756,0.951557
20260623_203232_300106,web_search,0,python_execute,2,21,4,0.533827,0.940498
20260623_203232_300106,web_search,0,python_execute,2,21,5,1.189782,0.910468
20260623_203232_300106,web_search,0,python_execute,2,21,6,0.519182,0.934874
20260623_203232_300106,web_search,0,python_execute,2,21,7,0.446129,0.947822
20260623_203232_300106,web_search,0,python_execute,2,22,0,0.950630,0.829216
20260623_203232_300106,web_search,0,python_execute,2,22,1,0.483929,0.904795
20260623_203232_300106,web_search,0,python_execute,2,22,2,1.024540,0.860317
20260623_203232_300106,web_search,0,python_execute,2,22,3,0.719039,0.953839
20260623_203232_300106,web_search,0,python_execute,2,22,4,0.605014,0.961412
20260623_203232_300106,web_search,0,python_execute,2,22,5,0.685562,0.958008
20260623_203232_300106,web_search,0,python_execute,2,22,6,0.425371,0.960155
20260623_203232_300106,web_search,0,python_execute,2,22,7,0.867925,0.950779
20260623_203232_300106,web_search,0,python_execute,2,23,0,0.831940,0.912904
20260623_203232_300106,web_search,0,python_execute,2,23,1,0.792595,0.954146
20260623_203232_300106,web_search,0,python_execute,2,23,2,0.797793,0.924770
20260623_203232_300106,web_search,0,python_execute,2,23,3,0.573234,0.950098
20260623_203232_300106,web_search,0,python_execute,2,23,4,0.892449,0.864510
20260623_203232_300106,web_search,0,python_execute,2,23,5,0.780820,0.913292
20260623_203232_300106,web_search,0,python_execute,2,23,6,0.748112,0.946019
20260623_203232_300106,web_search,0,python_execute,2,23,7,0.714317,0.923126
20260623_203232_300106,web_search,0,python_execute,2,24,0,0.745978,0.976198
20260623_203232_300106,web_search,0,python_execute,2,24,1,0.987588,0.938570
20260623_203232_300106,web_search,0,python_execute,2,24,2,0.823365,0.948592
20260623_203232_300106,web_search,0,python_execute,2,24,3,0.623105,0.955522
20260623_203232_300106,web_search,0,python_execute,2,24,4,0.605576,0.976081
20260623_203232_300106,web_search,0,python_execute,2,24,5,0.674322,0.932330
20260623_203232_300106,web_search,0,python_execute,2,24,6,1.035531,0.900368
20260623_203232_300106,web_search,0,python_execute,2,24,7,0.613879,0.956124
20260623_203232_300106,web_search,0,python_execute,2,25,0,0.809723,0.912171
20260623_203232_300106,web_search,0,python_execute,2,25,1,0.779009,0.967969
20260623_203232_300106,web_search,0,python_execute,2,25,2,1.473755,0.882855
20260623_203232_300106,web_search,0,python_execute,2,25,3,0.819416,0.873727
20260623_203232_300106,web_search,0,python_execute,2,25,4,1.247415,0.930425
20260623_203232_300106,web_search,0,python_execute,2,25,5,0.823371,0.941447
20260623_203232_300106,web_search,0,python_execute,2,25,6,0.643649,0.962765
20260623_203232_300106,web_search,0,python_execute,2,25,7,0.662110,0.956757
20260623_203232_300106,web_search,0,python_execute,2,26,0,1.320530,0.851652
20260623_203232_300106,web_search,0,python_execute,2,26,1,1.220388,0.952503
20260623_203232_300106,web_search,0,python_execute,2,26,2,0.593325,0.975983
20260623_203232_300106,web_search,0,python_execute,2,26,3,0.696421,0.971089
20260623_203232_300106,web_search,0,python_execute,2,26,4,0.865684,0.955992
20260623_203232_300106,web_search,0,python_execute,2,26,5,0.586220,0.947435
20260623_203232_300106,web_search,0,python_execute,2,26,6,1.214470,0.948180
20260623_203232_300106,web_search,0,python_execute,2,26,7,0.683355,0.967024
20260623_203232_300106,web_search,0,python_execute,2,27,0,1.093381,0.965556
20260623_203232_300106,web_search,0,python_execute,2,27,1,1.967579,0.900891
20260623_203232_300106,web_search,0,python_execute,2,27,2,1.953191,0.855276
20260623_203232_300106,web_search,0,python_execute,2,27,3,0.910403,0.954978
20260623_203232_300106,web_search,0,python_execute,2,27,4,0.981698,0.952713
20260623_203232_300106,web_search,0,python_execute,2,27,5,0.783916,0.939848
20260623_203232_300106,web_search,0,python_execute,2,27,6,0.796673,0.968682
20260623_203232_300106,web_search,0,python_execute,2,27,7,1.923767,0.884398
20260623_203232_300106,web_search,0,python_execute,2,28,0,0.828030,0.966061
20260623_203232_300106,web_search,0,python_execute,2,28,1,0.792735,0.970380
20260623_203232_300106,web_search,0,python_execute,2,28,2,1.026664,0.946020
20260623_203232_300106,web_search,0,python_execute,2,28,3,1.252384,0.857768
20260623_203232_300106,web_search,0,python_execute,2,28,4,0.990905,0.963786
20260623_203232_300106,web_search,0,python_execute,2,28,5,1.140921,0.968201
20260623_203232_300106,web_search,0,python_execute,2,28,6,1.077967,0.957832
20260623_203232_300106,web_search,0,python_execute,2,28,7,0.845531,0.945754
20260623_203232_300106,web_search,0,python_execute,2,29,0,1.007949,0.956760
20260623_203232_300106,web_search,0,python_execute,2,29,1,1.475824,0.926843
20260623_203232_300106,web_search,0,python_execute,2,29,2,0.903698,0.932404
20260623_203232_300106,web_search,0,python_execute,2,29,3,2.152847,0.972635
20260623_203232_300106,web_search,0,python_execute,2,29,4,1.404373,0.959479
20260623_203232_300106,web_search,0,python_execute,2,29,5,1.574221,0.959699
20260623_203232_300106,web_search,0,python_execute,2,29,6,1.104490,0.956309
20260623_203232_300106,web_search,0,python_execute,2,29,7,3.220865,0.930789
20260623_203232_300106,web_search,0,python_execute,2,30,0,1.257180,0.937428
20260623_203232_300106,web_search,0,python_execute,2,30,1,1.261926,0.974804
20260623_203232_300106,web_search,0,python_execute,2,30,2,1.677670,0.917191
20260623_203232_300106,web_search,0,python_execute,2,30,3,2.356993,0.971272
20260623_203232_300106,web_search,0,python_execute,2,30,4,1.845130,0.969957
20260623_203232_300106,web_search,0,python_execute,2,30,5,1.105038,0.961240
20260623_203232_300106,web_search,0,python_execute,2,30,6,1.707936,0.914217
20260623_203232_300106,web_search,0,python_execute,2,30,7,3.530798,0.913396
20260623_203232_300106,web_search,0,python_execute,2,31,0,1.721127,0.967379
20260623_203232_300106,web_search,0,python_execute,2,31,1,1.638707,0.970291
20260623_203232_300106,web_search,0,python_execute,2,31,2,1.320584,0.954954
20260623_203232_300106,web_search,0,python_execute,2,31,3,1.448290,0.981595
20260623_203232_300106,web_search,0,python_execute,2,31,4,1.403658,0.976867
20260623_203232_300106,web_search,0,python_execute,2,31,5,1.592302,0.925566
20260623_203232_300106,web_search,0,python_execute,2,31,6,3.962012,0.879933
20260623_203232_300106,web_search,0,python_execute,2,31,7,1.778218,0.950594
20260623_203232_300106,web_search,0,python_execute,2,32,0,2.180346,0.964693
20260623_203232_300106,web_search,0,python_execute,2,32,1,1.592114,0.949737
20260623_203232_300106,web_search,0,python_execute,2,32,2,1.570132,0.940077
20260623_203232_300106,web_search,0,python_execute,2,32,3,1.927793,0.964159
20260623_203232_300106,web_search,0,python_execute,2,32,4,5.197808,0.943704
20260623_203232_300106,web_search,0,python_execute,2,32,5,1.756729,0.954296
20260623_203232_300106,web_search,0,python_execute,2,32,6,2.631318,0.963461
20260623_203232_300106,web_search,0,python_execute,2,32,7,4.159540,0.913738
20260623_203232_300106,web_search,0,python_execute,2,33,0,2.191144,0.944389
20260623_203232_300106,web_search,0,python_execute,2,33,1,1.467266,0.966972
20260623_203232_300106,web_search,0,python_execute,2,33,2,2.224878,0.950866
20260623_203232_300106,web_search,0,python_execute,2,33,3,1.969101,0.970428
20260623_203232_300106,web_search,0,python_execute,2,33,4,1.824934,0.959035
20260623_203232_300106,web_search,0,python_execute,2,33,5,2.041870,0.968297
20260623_203232_300106,web_search,0,python_execute,2,33,6,2.037546,0.945189
20260623_203232_300106,web_search,0,python_execute,2,33,7,2.423976,0.955717
20260623_203232_300106,web_search,0,python_execute,2,34,0,4.257728,0.956273
20260623_203232_300106,web_search,0,python_execute,2,34,1,2.090315,0.948778
20260623_203232_300106,web_search,0,python_execute,2,34,2,2.344547,0.966048
20260623_203232_300106,web_search,0,python_execute,2,34,3,2.300126,0.972087
20260623_203232_300106,web_search,0,python_execute,2,34,4,4.204513,0.927638
20260623_203232_300106,web_search,0,python_execute,2,34,5,3.189650,0.913738
20260623_203232_300106,web_search,0,python_execute,2,34,6,2.616765,0.944441
20260623_203232_300106,web_search,0,python_execute,2,34,7,2.348548,0.960075
20260623_203232_300106,web_search,0,python_execute,2,35,0,2.577348,0.975030
20260623_203232_300106,web_search,0,python_execute,2,35,1,2.797192,0.937723
20260623_203232_300106,web_search,0,python_execute,2,35,2,2.737979,0.958678
20260623_203232_300106,web_search,0,python_execute,2,35,3,2.170330,0.964217
20260623_203232_300106,web_search,0,python_execute,2,35,4,3.090818,0.967310
20260623_203232_300106,web_search,0,python_execute,2,35,5,3.752705,0.956532
20260623_203232_300106,web_search,0,python_execute,2,35,6,2.470559,0.975899
20260623_203232_300106,web_search,0,python_execute,2,35,7,3.766763,0.943216
20260623_203232_300106,web_search,0,python_execute,2,36,0,3.229711,0.969146
20260623_203232_300106,web_search,0,python_execute,2,36,1,7.828387,0.964954
20260623_203232_300106,web_search,0,python_execute,2,36,2,3.286239,0.937406
20260623_203232_300106,web_search,0,python_execute,2,36,3,4.238068,0.920766
20260623_203232_300106,web_search,0,python_execute,2,36,4,3.701459,0.952067
20260623_203232_300106,web_search,0,python_execute,2,36,5,2.419819,0.971960
20260623_203232_300106,web_search,0,python_execute,2,36,6,3.745351,0.973957
20260623_203232_300106,web_search,0,python_execute,2,36,7,3.018803,0.967814
20260623_203232_300106,web_search,0,python_execute,2,37,0,3.056084,0.958386
20260623_203232_300106,web_search,0,python_execute,2,37,1,3.186297,0.961008
20260623_203232_300106,web_search,0,python_execute,2,37,2,5.922337,0.935127
20260623_203232_300106,web_search,0,python_execute,2,37,3,3.099736,0.962772
20260623_203232_300106,web_search,0,python_execute,2,37,4,6.989052,0.952218
20260623_203232_300106,web_search,0,python_execute,2,37,5,3.806420,0.959003
20260623_203232_300106,web_search,0,python_execute,2,37,6,7.325464,0.877869
20260623_203232_300106,web_search,0,python_execute,2,37,7,10.049482,0.955555
20260623_203232_300106,web_search,0,python_execute,2,38,0,11.326536,0.964087
20260623_203232_300106,web_search,0,python_execute,2,38,1,3.438543,0.957540
20260623_203232_300106,web_search,0,python_execute,2,38,2,3.808551,0.928216
20260623_203232_300106,web_search,0,python_execute,2,38,3,4.748044,0.939947
20260623_203232_300106,web_search,0,python_execute,2,38,4,3.893105,0.941392
20260623_203232_300106,web_search,0,python_execute,2,38,5,4.704554,0.897132
20260623_203232_300106,web_search,0,python_execute,2,38,6,5.519089,0.981996
20260623_203232_300106,web_search,0,python_execute,2,38,7,3.854074,0.962120
20260623_203232_300106,web_search,0,python_execute,2,39,0,3.672281,0.957651
20260623_203232_300106,web_search,0,python_execute,2,39,1,3.939288,0.907841
20260623_203232_300106,web_search,0,python_execute,2,39,2,8.142247,0.892486
20260623_203232_300106,web_search,0,python_execute,2,39,3,4.103583,0.907448
20260623_203232_300106,web_search,0,python_execute,2,39,4,3.157898,0.961702
20260623_203232_300106,web_search,0,python_execute,2,39,5,10.357002,0.942419
20260623_203232_300106,web_search,0,python_execute,2,39,6,3.745558,0.855797
20260623_203232_300106,web_search,0,python_execute,2,39,7,8.690542,0.937786
20260623_203232_300106,web_search,0,terminate,3,0,0,0.008213,0.987565
20260623_203232_300106,web_search,0,terminate,3,0,1,0.012509,0.995390
20260623_203232_300106,web_search,0,terminate,3,0,2,0.011276,0.995504
20260623_203232_300106,web_search,0,terminate,3,0,3,0.016733,0.982578
20260623_203232_300106,web_search,0,terminate,3,0,4,0.008949,0.999486
20260623_203232_300106,web_search,0,terminate,3,0,5,0.009733,0.973745
20260623_203232_300106,web_search,0,terminate,3,0,6,0.008107,0.991660
20260623_203232_300106,web_search,0,terminate,3,0,7,0.009215,0.997639
20260623_203232_300106,web_search,0,terminate,3,1,0,0.019110,0.995870
20260623_203232_300106,web_search,0,terminate,3,1,1,0.014371,0.997628
20260623_203232_300106,web_search,0,terminate,3,1,2,0.012950,0.975909
20260623_203232_300106,web_search,0,terminate,3,1,3,0.022310,0.986167
20260623_203232_300106,web_search,0,terminate,3,1,4,0.017064,0.986540
20260623_203232_300106,web_search,0,terminate,3,1,5,0.013313,0.994952
20260623_203232_300106,web_search,0,terminate,3,1,6,0.018392,0.966963
20260623_203232_300106,web_search,0,terminate,3,1,7,0.025833,0.997637
20260623_203232_300106,web_search,0,terminate,3,2,0,0.068139,0.885342
20260623_203232_300106,web_search,0,terminate,3,2,1,0.034346,0.957733
20260623_203232_300106,web_search,0,terminate,3,2,2,0.026160,0.926295
20260623_203232_300106,web_search,0,terminate,3,2,3,0.032637,0.939668
20260623_203232_300106,web_search,0,terminate,3,2,4,0.040722,0.982029
20260623_203232_300106,web_search,0,terminate,3,2,5,0.028370,0.952705
20260623_203232_300106,web_search,0,terminate,3,2,6,0.030337,0.932372
20260623_203232_300106,web_search,0,terminate,3,2,7,0.045738,0.925627
20260623_203232_300106,web_search,0,terminate,3,3,0,0.065783,0.932213
20260623_203232_300106,web_search,0,terminate,3,3,1,0.028051,0.982059
20260623_203232_300106,web_search,0,terminate,3,3,2,0.046981,0.906049
20260623_203232_300106,web_search,0,terminate,3,3,3,0.045767,0.933950
20260623_203232_300106,web_search,0,terminate,3,3,4,0.044974,0.901880
20260623_203232_300106,web_search,0,terminate,3,3,5,0.037409,0.966444
20260623_203232_300106,web_search,0,terminate,3,3,6,0.032820,0.949628
20260623_203232_300106,web_search,0,terminate,3,3,7,0.048478,0.911878
20260623_203232_300106,web_search,0,terminate,3,4,0,0.086820,0.893596
20260623_203232_300106,web_search,0,terminate,3,4,1,0.062185,0.927116
20260623_203232_300106,web_search,0,terminate,3,4,2,0.071930,0.990795
20260623_203232_300106,web_search,0,terminate,3,4,3,0.053944,0.925602
20260623_203232_300106,web_search,0,terminate,3,4,4,0.071546,0.904043
20260623_203232_300106,web_search,0,terminate,3,4,5,0.053390,0.957037
20260623_203232_300106,web_search,0,terminate,3,4,6,0.036930,0.946440
20260623_203232_300106,web_search,0,terminate,3,4,7,0.037831,0.956865
20260623_203232_300106,web_search,0,terminate,3,5,0,0.150218,0.961763
20260623_203232_300106,web_search,0,terminate,3,5,1,0.071739,0.956411
20260623_203232_300106,web_search,0,terminate,3,5,2,0.042868,0.955683
20260623_203232_300106,web_search,0,terminate,3,5,3,0.129900,0.971245
20260623_203232_300106,web_search,0,terminate,3,5,4,0.054781,0.992731
20260623_203232_300106,web_search,0,terminate,3,5,5,0.057733,0.949082
20260623_203232_300106,web_search,0,terminate,3,5,6,0.096562,0.938689
20260623_203232_300106,web_search,0,terminate,3,5,7,0.061014,0.960402
20260623_203232_300106,web_search,0,terminate,3,6,0,0.164433,0.831563
20260623_203232_300106,web_search,0,terminate,3,6,1,0.117848,0.935299
20260623_203232_300106,web_search,0,terminate,3,6,2,0.173137,0.641718
20260623_203232_300106,web_search,0,terminate,3,6,3,0.078191,0.811907
20260623_203232_300106,web_search,0,terminate,3,6,4,0.082534,0.943095
20260623_203232_300106,web_search,0,terminate,3,6,5,0.139079,0.909275
20260623_203232_300106,web_search,0,terminate,3,6,6,0.139691,0.887307
20260623_203232_300106,web_search,0,terminate,3,6,7,0.081464,0.926697
20260623_203232_300106,web_search,0,terminate,3,7,0,0.283198,0.934839
20260623_203232_300106,web_search,0,terminate,3,7,1,0.180267,0.911048
20260623_203232_300106,web_search,0,terminate,3,7,2,0.199390,0.971989
20260623_203232_300106,web_search,0,terminate,3,7,3,0.132656,0.877874
20260623_203232_300106,web_search,0,terminate,3,7,4,0.184283,0.958556
20260623_203232_300106,web_search,0,terminate,3,7,5,0.123340,0.907169
20260623_203232_300106,web_search,0,terminate,3,7,6,0.287644,0.877052
20260623_203232_300106,web_search,0,terminate,3,7,7,0.208123,0.955215
20260623_203232_300106,web_search,0,terminate,3,8,0,0.240925,0.955353
20260623_203232_300106,web_search,0,terminate,3,8,1,0.391256,0.782053
20260623_203232_300106,web_search,0,terminate,3,8,2,0.242851,0.961676
20260623_203232_300106,web_search,0,terminate,3,8,3,0.277339,0.901453
20260623_203232_300106,web_search,0,terminate,3,8,4,0.342649,0.873056
20260623_203232_300106,web_search,0,terminate,3,8,5,0.160210,0.960619
20260623_203232_300106,web_search,0,terminate,3,8,6,0.164508,0.962201
20260623_203232_300106,web_search,0,terminate,3,8,7,0.197408,0.957596
20260623_203232_300106,web_search,0,terminate,3,9,0,0.273079,0.928463
20260623_203232_300106,web_search,0,terminate,3,9,1,0.171935,0.976777
20260623_203232_300106,web_search,0,terminate,3,9,2,0.241982,0.931603
20260623_203232_300106,web_search,0,terminate,3,9,3,0.194320,0.956766
20260623_203232_300106,web_search,0,terminate,3,9,4,0.175750,0.951744
20260623_203232_300106,web_search,0,terminate,3,9,5,0.142277,0.921161
20260623_203232_300106,web_search,0,terminate,3,9,6,0.170697,0.933245
20260623_203232_300106,web_search,0,terminate,3,9,7,0.344805,0.900416
20260623_203232_300106,web_search,0,terminate,3,10,0,0.238969,0.964317
20260623_203232_300106,web_search,0,terminate,3,10,1,0.331118,0.773242
20260623_203232_300106,web_search,0,terminate,3,10,2,0.151825,0.948707
20260623_203232_300106,web_search,0,terminate,3,10,3,0.163814,0.859773
20260623_203232_300106,web_search,0,terminate,3,10,4,0.227491,0.954090
20260623_203232_300106,web_search,0,terminate,3,10,5,0.257617,0.965288
20260623_203232_300106,web_search,0,terminate,3,10,6,0.358704,0.693039
20260623_203232_300106,web_search,0,terminate,3,10,7,0.387182,0.852980
20260623_203232_300106,web_search,0,terminate,3,11,0,0.206478,0.903500
20260623_203232_300106,web_search,0,terminate,3,11,1,0.446813,0.814758
20260623_203232_300106,web_search,0,terminate,3,11,2,0.253949,0.907290
20260623_203232_300106,web_search,0,terminate,3,11,3,0.249568,0.907865
20260623_203232_300106,web_search,0,terminate,3,11,4,0.447412,0.809620
20260623_203232_300106,web_search,0,terminate,3,11,5,0.164501,0.911757
20260623_203232_300106,web_search,0,terminate,3,11,6,0.201954,0.942770
20260623_203232_300106,web_search,0,terminate,3,11,7,0.311623,0.851343
20260623_203232_300106,web_search,0,terminate,3,12,0,0.368105,0.888851
20260623_203232_300106,web_search,0,terminate,3,12,1,0.241134,0.911471
20260623_203232_300106,web_search,0,terminate,3,12,2,0.469643,0.953496
20260623_203232_300106,web_search,0,terminate,3,12,3,0.360078,0.896867
20260623_203232_300106,web_search,0,terminate,3,12,4,0.249624,0.949452
20260623_203232_300106,web_search,0,terminate,3,12,5,0.339954,0.869314
20260623_203232_300106,web_search,0,terminate,3,12,6,0.252057,0.925745
20260623_203232_300106,web_search,0,terminate,3,12,7,0.303320,0.893964
20260623_203232_300106,web_search,0,terminate,3,13,0,0.457018,0.943028
20260623_203232_300106,web_search,0,terminate,3,13,1,0.351909,0.950861
20260623_203232_300106,web_search,0,terminate,3,13,2,0.453672,0.952170
20260623_203232_300106,web_search,0,terminate,3,13,3,0.489503,0.896176
20260623_203232_300106,web_search,0,terminate,3,13,4,0.333258,0.891802
20260623_203232_300106,web_search,0,terminate,3,13,5,0.321845,0.832561
20260623_203232_300106,web_search,0,terminate,3,13,6,0.519621,0.951261
20260623_203232_300106,web_search,0,terminate,3,13,7,0.441975,0.861213
20260623_203232_300106,web_search,0,terminate,3,14,0,0.309402,0.885004
20260623_203232_300106,web_search,0,terminate,3,14,1,0.284436,0.866432
20260623_203232_300106,web_search,0,terminate,3,14,2,0.277077,0.969746
20260623_203232_300106,web_search,0,terminate,3,14,3,0.500836,0.914701
20260623_203232_300106,web_search,0,terminate,3,14,4,0.863835,0.937008
20260623_203232_300106,web_search,0,terminate,3,14,5,0.497073,0.888149
20260623_203232_300106,web_search,0,terminate,3,14,6,0.477703,0.947220
20260623_203232_300106,web_search,0,terminate,3,14,7,0.278395,0.958443
20260623_203232_300106,web_search,0,terminate,3,15,0,0.507764,0.917205
20260623_203232_300106,web_search,0,terminate,3,15,1,0.355710,0.958290
20260623_203232_300106,web_search,0,terminate,3,15,2,0.307980,0.954878
20260623_203232_300106,web_search,0,terminate,3,15,3,0.371203,0.941348
20260623_203232_300106,web_search,0,terminate,3,15,4,0.630917,0.922672
20260623_203232_300106,web_search,0,terminate,3,15,5,0.705705,0.868522
20260623_203232_300106,web_search,0,terminate,3,15,6,0.396752,0.945197
20260623_203232_300106,web_search,0,terminate,3,15,7,0.354566,0.949353
20260623_203232_300106,web_search,0,terminate,3,16,0,0.613118,0.858708
20260623_203232_300106,web_search,0,terminate,3,16,1,1.118336,0.726216
20260623_203232_300106,web_search,0,terminate,3,16,2,0.452448,0.928228
20260623_203232_300106,web_search,0,terminate,3,16,3,0.452182,0.872630
20260623_203232_300106,web_search,0,terminate,3,16,4,0.558443,0.916524
20260623_203232_300106,web_search,0,terminate,3,16,5,0.468940,0.929135
20260623_203232_300106,web_search,0,terminate,3,16,6,0.460055,0.928882
20260623_203232_300106,web_search,0,terminate,3,16,7,0.499642,0.948984
20260623_203232_300106,web_search,0,terminate,3,17,0,0.664941,0.893480
20260623_203232_300106,web_search,0,terminate,3,17,1,0.572377,0.886997
20260623_203232_300106,web_search,0,terminate,3,17,2,0.600192,0.867918
20260623_203232_300106,web_search,0,terminate,3,17,3,0.941478,0.852457
20260623_203232_300106,web_search,0,terminate,3,17,4,0.415418,0.930841
20260623_203232_300106,web_search,0,terminate,3,17,5,0.653639,0.870727
20260623_203232_300106,web_search,0,terminate,3,17,6,0.563648,0.931828
20260623_203232_300106,web_search,0,terminate,3,17,7,0.443927,0.934935
20260623_203232_300106,web_search,0,terminate,3,18,0,1.244423,0.867683
20260623_203232_300106,web_search,0,terminate,3,18,1,0.446303,0.899058
20260623_203232_300106,web_search,0,terminate,3,18,2,0.838953,0.874626
20260623_203232_300106,web_search,0,terminate,3,18,3,0.650200,0.927449
20260623_203232_300106,web_search,0,terminate,3,18,4,0.542606,0.901323
20260623_203232_300106,web_search,0,terminate,3,18,5,0.584836,0.934032
20260623_203232_300106,web_search,0,terminate,3,18,6,0.583163,0.874952
20260623_203232_300106,web_search,0,terminate,3,18,7,0.738521,0.867742
20260623_203232_300106,web_search,0,terminate,3,19,0,0.703379,0.852829
20260623_203232_300106,web_search,0,terminate,3,19,1,1.194394,0.811144
20260623_203232_300106,web_search,0,terminate,3,19,2,0.499026,0.861282
20260623_203232_300106,web_search,0,terminate,3,19,3,0.628119,0.921759
20260623_203232_300106,web_search,0,terminate,3,19,4,0.829281,0.900484
20260623_203232_300106,web_search,0,terminate,3,19,5,1.178267,0.772880
20260623_203232_300106,web_search,0,terminate,3,19,6,0.472025,0.899745
20260623_203232_300106,web_search,0,terminate,3,19,7,1.033359,0.847557
20260623_203232_300106,web_search,0,terminate,3,20,0,1.343356,0.764015
20260623_203232_300106,web_search,0,terminate,3,20,1,0.723991,0.912766
20260623_203232_300106,web_search,0,terminate,3,20,2,1.152931,0.818813
20260623_203232_300106,web_search,0,terminate,3,20,3,0.992772,0.819097
20260623_203232_300106,web_search,0,terminate,3,20,4,1.066914,0.819987
20260623_203232_300106,web_search,0,terminate,3,20,5,0.607447,0.926477
20260623_203232_300106,web_search,0,terminate,3,20,6,1.313747,0.895074
20260623_203232_300106,web_search,0,terminate,3,20,7,0.708811,0.939131
20260623_203232_300106,web_search,0,terminate,3,21,0,0.838288,0.950851
20260623_203232_300106,web_search,0,terminate,3,21,1,1.219716,0.942481
20260623_203232_300106,web_search,0,terminate,3,21,2,0.831306,0.938309
20260623_203232_300106,web_search,0,terminate,3,21,3,0.552583,0.915260
20260623_203232_300106,web_search,0,terminate,3,21,4,0.667855,0.905023
20260623_203232_300106,web_search,0,terminate,3,21,5,1.565841,0.838140
20260623_203232_300106,web_search,0,terminate,3,21,6,0.711549,0.873848
20260623_203232_300106,web_search,0,terminate,3,21,7,0.637918,0.891081
20260623_203232_300106,web_search,0,terminate,3,22,0,1.100041,0.769400
20260623_203232_300106,web_search,0,terminate,3,22,1,0.602025,0.856048
20260623_203232_300106,web_search,0,terminate,3,22,2,1.181483,0.808478
20260623_203232_300106,web_search,0,terminate,3,22,3,0.989463,0.908390
20260623_203232_300106,web_search,0,terminate,3,22,4,0.844968,0.913363
20260623_203232_300106,web_search,0,terminate,3,22,5,1.009787,0.902124
20260623_203232_300106,web_search,0,terminate,3,22,6,0.581417,0.925522
20260623_203232_300106,web_search,0,terminate,3,22,7,1.214233,0.894019
20260623_203232_300106,web_search,0,terminate,3,23,0,1.056335,0.858138
20260623_203232_300106,web_search,0,terminate,3,23,1,1.043993,0.916897
20260623_203232_300106,web_search,0,terminate,3,23,2,1.019913,0.873541
20260623_203232_300106,web_search,0,terminate,3,23,3,0.713312,0.922316
20260623_203232_300106,web_search,0,terminate,3,23,4,1.064075,0.805683
20260623_203232_300106,web_search,0,terminate,3,23,5,0.955862,0.864458
20260623_203232_300106,web_search,0,terminate,3,23,6,0.922660,0.914332
20260623_203232_300106,web_search,0,terminate,3,23,7,0.893840,0.871727
20260623_203232_300106,web_search,0,terminate,3,24,0,1.144594,0.942165
20260623_203232_300106,web_search,0,terminate,3,24,1,1.263144,0.900034
20260623_203232_300106,web_search,0,terminate,3,24,2,1.018972,0.920136
20260623_203232_300106,web_search,0,terminate,3,24,3,0.853462,0.913953
20260623_203232_300106,web_search,0,terminate,3,24,4,0.924273,0.943892
20260623_203232_300106,web_search,0,terminate,3,24,5,0.838648,0.890185
20260623_203232_300106,web_search,0,terminate,3,24,6,1.218883,0.859432
20260623_203232_300106,web_search,0,terminate,3,24,7,0.813552,0.914971
20260623_203232_300106,web_search,0,terminate,3,25,0,1.047652,0.845355
20260623_203232_300106,web_search,0,terminate,3,25,1,1.100977,0.936352
20260623_203232_300106,web_search,0,terminate,3,25,2,1.769117,0.826959
20260623_203232_300106,web_search,0,terminate,3,25,3,0.978026,0.812257
20260623_203232_300106,web_search,0,terminate,3,25,4,1.805361,0.848044
20260623_203232_300106,web_search,0,terminate,3,25,5,1.102731,0.890796
20260623_203232_300106,web_search,0,terminate,3,25,6,0.958009,0.915397
20260623_203232_300106,web_search,0,terminate,3,25,7,0.843948,0.923735
20260623_203232_300106,web_search,0,terminate,3,26,0,1.580261,0.790805
20260623_203232_300106,web_search,0,terminate,3,26,1,1.571349,0.918614
20260623_203232_300106,web_search,0,terminate,3,26,2,0.829287,0.954433
20260623_203232_300106,web_search,0,terminate,3,26,3,0.970326,0.941716
20260623_203232_300106,web_search,0,terminate,3,26,4,1.126955,0.924088
20260623_203232_300106,web_search,0,terminate,3,26,5,0.807750,0.900272
20260623_203232_300106,web_search,0,terminate,3,26,6,1.561832,0.912368
20260623_203232_300106,web_search,0,terminate,3,26,7,0.954809,0.932888
20260623_203232_300106,web_search,0,terminate,3,27,0,1.532988,0.930485
20260623_203232_300106,web_search,0,terminate,3,27,1,2.400657,0.848590
20260623_203232_300106,web_search,0,terminate,3,27,2,2.459910,0.776519
20260623_203232_300106,web_search,0,terminate,3,27,3,1.118823,0.931383
20260623_203232_300106,web_search,0,terminate,3,27,4,1.402295,0.900853
20260623_203232_300106,web_search,0,terminate,3,27,5,1.010317,0.897391
20260623_203232_300106,web_search,0,terminate,3,27,6,0.976529,0.950519
20260623_203232_300106,web_search,0,terminate,3,27,7,2.375435,0.828265
20260623_203232_300106,web_search,0,terminate,3,28,0,1.067512,0.943725
20260623_203232_300106,web_search,0,terminate,3,28,1,1.219157,0.925251
20260623_203232_300106,web_search,0,terminate,3,28,2,1.293369,0.911961
20260623_203232_300106,web_search,0,terminate,3,28,3,1.558049,0.783749
20260623_203232_300106,web_search,0,terminate,3,28,4,1.256018,0.937072
20260623_203232_300106,web_search,0,terminate,3,28,5,1.637245,0.933246
20260623_203232_300106,web_search,0,terminate,3,28,6,1.406120,0.928515
20260623_203232_300106,web_search,0,terminate,3,28,7,1.122289,0.902228
20260623_203232_300106,web_search,0,terminate,3,29,0,1.302010,0.926894
20260623_203232_300106,web_search,0,terminate,3,29,1,1.879130,0.878616
20260623_203232_300106,web_search,0,terminate,3,29,2,1.190889,0.883595
20260623_203232_300106,web_search,0,terminate,3,29,3,2.889819,0.948784
20260623_203232_300106,web_search,0,terminate,3,29,4,1.835335,0.928657
20260623_203232_300106,web_search,0,terminate,3,29,5,2.112717,0.924661
20260623_203232_300106,web_search,0,terminate,3,29,6,1.564936,0.910210
20260623_203232_300106,web_search,0,terminate,3,29,7,4.014354,0.890688
20260623_203232_300106,web_search,0,terminate,3,30,0,1.587673,0.898977
20260623_203232_300106,web_search,0,terminate,3,30,1,1.859843,0.944053
20260623_203232_300106,web_search,0,terminate,3,30,2,2.187327,0.862033
20260623_203232_300106,web_search,0,terminate,3,30,3,3.335340,0.935642
20260623_203232_300106,web_search,0,terminate,3,30,4,2.518339,0.941963
20260623_203232_300106,web_search,0,terminate,3,30,5,1.468304,0.931481
20260623_203232_300106,web_search,0,terminate,3,30,6,2.340128,0.836014
20260623_203232_300106,web_search,0,terminate,3,30,7,4.207311,0.879129
20260623_203232_300106,web_search,0,terminate,3,31,0,2.409585,0.932389
20260623_203232_300106,web_search,0,terminate,3,31,1,2.143613,0.947172
20260623_203232_300106,web_search,0,terminate,3,31,2,1.775768,0.916774
20260623_203232_300106,web_search,0,terminate,3,31,3,2.214930,0.950277
20260623_203232_300106,web_search,0,terminate,3,31,4,1.951916,0.954079
20260623_203232_300106,web_search,0,terminate,3,31,5,2.009169,0.877775
20260623_203232_300106,web_search,0,terminate,3,31,6,5.031626,0.805477
20260623_203232_300106,web_search,0,terminate,3,31,7,2.555567,0.892412
20260623_203232_300106,web_search,0,terminate,3,32,0,3.046991,0.927292
20260623_203232_300106,web_search,0,terminate,3,32,1,2.156050,0.902812
20260623_203232_300106,web_search,0,terminate,3,32,2,2.036682,0.898809
20260623_203232_300106,web_search,0,terminate,3,32,3,2.469717,0.940458
20260623_203232_300106,web_search,0,terminate,3,32,4,6.269330,0.918485
20260623_203232_300106,web_search,0,terminate,3,32,5,2.313583,0.920949
20260623_203232_300106,web_search,0,terminate,3,32,6,3.366886,0.939382
20260623_203232_300106,web_search,0,terminate,3,32,7,5.267188,0.862025
20260623_203232_300106,web_search,0,terminate,3,33,0,2.892234,0.904611
20260623_203232_300106,web_search,0,terminate,3,33,1,1.940629,0.941312
20260623_203232_300106,web_search,0,terminate,3,33,2,2.892856,0.919045
20260623_203232_300106,web_search,0,terminate,3,33,3,2.844389,0.933186
20260623_203232_300106,web_search,0,terminate,3,33,4,2.583343,0.914241
20260623_203232_300106,web_search,0,terminate,3,33,5,2.649938,0.945586
20260623_203232_300106,web_search,0,terminate,3,33,6,2.666583,0.904350
20260623_203232_300106,web_search,0,terminate,3,33,7,3.370856,0.910926
20260623_203232_300106,web_search,0,terminate,3,34,0,5.676696,0.920916
20260623_203232_300106,web_search,0,terminate,3,34,1,2.571948,0.921274
20260623_203232_300106,web_search,0,terminate,3,34,2,2.900448,0.947677
20260623_203232_300106,web_search,0,terminate,3,34,3,2.827053,0.958560
20260623_203232_300106,web_search,0,terminate,3,34,4,5.414533,0.876369
20260623_203232_300106,web_search,0,terminate,3,34,5,4.129899,0.856842
20260623_203232_300106,web_search,0,terminate,3,34,6,3.205592,0.914931
20260623_203232_300106,web_search,0,terminate,3,34,7,2.784751,0.943385
20260623_203232_300106,web_search,0,terminate,3,35,0,3.415671,0.955263
20260623_203232_300106,web_search,0,terminate,3,35,1,3.610962,0.896623
20260623_203232_300106,web_search,0,terminate,3,35,2,3.654205,0.926161
20260623_203232_300106,web_search,0,terminate,3,35,3,2.807421,0.940059
20260623_203232_300106,web_search,0,terminate,3,35,4,3.882280,0.948547
20260623_203232_300106,web_search,0,terminate,3,35,5,5.066226,0.917613
20260623_203232_300106,web_search,0,terminate,3,35,6,3.120352,0.961319
20260623_203232_300106,web_search,0,terminate,3,35,7,4.796440,0.906361
20260623_203232_300106,web_search,0,terminate,3,36,0,4.599460,0.931898
20260623_203232_300106,web_search,0,terminate,3,36,1,10.003119,0.941880
20260623_203232_300106,web_search,0,terminate,3,36,2,4.640388,0.879958
20260623_203232_300106,web_search,0,terminate,3,36,3,5.467918,0.866136
20260623_203232_300106,web_search,0,terminate,3,36,4,5.209929,0.901368
20260623_203232_300106,web_search,0,terminate,3,36,5,2.950479,0.958164
20260623_203232_300106,web_search,0,terminate,3,36,6,5.103488,0.949425
20260623_203232_300106,web_search,0,terminate,3,36,7,4.044019,0.941475
20260623_203232_300106,web_search,0,terminate,3,37,0,3.965715,0.929826
20260623_203232_300106,web_search,0,terminate,3,37,1,4.780327,0.910295
20260623_203232_300106,web_search,0,terminate,3,37,2,8.175143,0.868862
20260623_203232_300106,web_search,0,terminate,3,37,3,4.090120,0.934131
20260623_203232_300106,web_search,0,terminate,3,37,4,9.588875,0.904741
20260623_203232_300106,web_search,0,terminate,3,37,5,4.872653,0.933548
20260623_203232_300106,web_search,0,terminate,3,37,6,9.396956,0.804324
20260623_203232_300106,web_search,0,terminate,3,37,7,12.915856,0.927752
20260623_203232_300106,web_search,0,terminate,3,38,0,14.464769,0.939180
20260623_203232_300106,web_search,0,terminate,3,38,1,4.577331,0.923835
20260623_203232_300106,web_search,0,terminate,3,38,2,5.243251,0.863287
20260623_203232_300106,web_search,0,terminate,3,38,3,6.321192,0.888576
20260623_203232_300106,web_search,0,terminate,3,38,4,5.144353,0.895196
20260623_203232_300106,web_search,0,terminate,3,38,5,6.064395,0.830012
20260623_203232_300106,web_search,0,terminate,3,38,6,7.272401,0.969005
20260623_203232_300106,web_search,0,terminate,3,38,7,4.999000,0.935766
20260623_203232_300106,web_search,0,terminate,3,39,0,4.992803,0.918713
20260623_203232_300106,web_search,0,terminate,3,39,1,5.306737,0.823831
20260623_203232_300106,web_search,0,terminate,3,39,2,10.266415,0.857121
20260623_203232_300106,web_search,0,terminate,3,39,3,5.275993,0.853996
20260623_203232_300106,web_search,0,terminate,3,39,4,4.637051,0.913917
20260623_203232_300106,web_search,0,terminate,3,39,5,13.076657,0.910926
20260623_203232_300106,web_search,0,terminate,3,39,6,4.975144,0.751678
20260623_203232_300106,web_search,0,terminate,3,39,7,11.312257,0.903503
20260623_203232_300106,web_search,1,python_execute,2,0,0,0.003944,0.997258
20260623_203232_300106,web_search,1,python_execute,2,0,1,0.004959,0.999256
20260623_203232_300106,web_search,1,python_execute,2,0,2,0.004996,0.999109
20260623_203232_300106,web_search,1,python_execute,2,0,3,0.006578,0.997835
20260623_203232_300106,web_search,1,python_execute,2,0,4,0.003487,0.999922
20260623_203232_300106,web_search,1,python_execute,2,0,5,0.003763,0.996080
20260623_203232_300106,web_search,1,python_execute,2,0,6,0.003566,0.998282
20260623_203232_300106,web_search,1,python_execute,2,0,7,0.004034,0.999546
20260623_203232_300106,web_search,1,python_execute,2,1,0,0.008114,0.999250
20260623_203232_300106,web_search,1,python_execute,2,1,1,0.005812,0.999594
20260623_203232_300106,web_search,1,python_execute,2,1,2,0.005810,0.995321
20260623_203232_300106,web_search,1,python_execute,2,1,3,0.009259,0.997847
20260623_203232_300106,web_search,1,python_execute,2,1,4,0.007397,0.998042
20260623_203232_300106,web_search,1,python_execute,2,1,5,0.005805,0.999079
20260623_203232_300106,web_search,1,python_execute,2,1,6,0.008325,0.994596
20260623_203232_300106,web_search,1,python_execute,2,1,7,0.009201,0.999704
20260623_203232_300106,web_search,1,python_execute,2,2,0,0.028801,0.980271
20260623_203232_300106,web_search,1,python_execute,2,2,1,0.013871,0.993087
20260623_203232_300106,web_search,1,python_execute,2,2,2,0.011035,0.986592
20260623_203232_300106,web_search,1,python_execute,2,2,3,0.012524,0.991244
20260623_203232_300106,web_search,1,python_execute,2,2,4,0.015893,0.997262
20260623_203232_300106,web_search,1,python_execute,2,2,5,0.012196,0.991710
20260623_203232_300106,web_search,1,python_execute,2,2,6,0.010634,0.991467
20260623_203232_300106,web_search,1,python_execute,2,2,7,0.017359,0.989370
20260623_203232_300106,web_search,1,python_execute,2,3,0,0.026684,0.989309
20260623_203232_300106,web_search,1,python_execute,2,3,1,0.012321,0.996923
20260623_203232_300106,web_search,1,python_execute,2,3,2,0.019789,0.986055
20260623_203232_300106,web_search,1,python_execute,2,3,3,0.018709,0.990153
20260623_203232_300106,web_search,1,python_execute,2,3,4,0.016982,0.986651
20260623_203232_300106,web_search,1,python_execute,2,3,5,0.017663,0.993399
20260623_203232_300106,web_search,1,python_execute,2,3,6,0.013809,0.992123
20260623_203232_300106,web_search,1,python_execute,2,3,7,0.023932,0.980234
20260623_203232_300106,web_search,1,python_execute,2,4,0,0.031673,0.986728
20260623_203232_300106,web_search,1,python_execute,2,4,1,0.024473,0.988347
20260623_203232_300106,web_search,1,python_execute,2,4,2,0.027789,0.998641
20260623_203232_300106,web_search,1,python_execute,2,4,3,0.024592,0.982768
20260623_203232_300106,web_search,1,python_execute,2,4,4,0.029948,0.983661
20260623_203232_300106,web_search,1,python_execute,2,4,5,0.021140,0.993637
20260623_203232_300106,web_search,1,python_execute,2,4,6,0.016781,0.989814
20260623_203232_300106,web_search,1,python_execute,2,4,7,0.015440,0.993479
20260623_203232_300106,web_search,1,python_execute,2,5,0,0.046093,0.996160
20260623_203232_300106,web_search,1,python_execute,2,5,1,0.027728,0.994152
20260623_203232_300106,web_search,1,python_execute,2,5,2,0.017334,0.993245
20260623_203232_300106,web_search,1,python_execute,2,5,3,0.042580,0.996894
20260623_203232_300106,web_search,1,python_execute,2,5,4,0.022797,0.998834
20260623_203232_300106,web_search,1,python_execute,2,5,5,0.022931,0.992224
20260623_203232_300106,web_search,1,python_execute,2,5,6,0.040261,0.989293
20260623_203232_300106,web_search,1,python_execute,2,5,7,0.024718,0.993936
20260623_203232_300106,web_search,1,python_execute,2,6,0,0.060584,0.981002
20260623_203232_300106,web_search,1,python_execute,2,6,1,0.043502,0.992657
20260623_203232_300106,web_search,1,python_execute,2,6,2,0.062098,0.956998
20260623_203232_300106,web_search,1,python_execute,2,6,3,0.027403,0.978344
20260623_203232_300106,web_search,1,python_execute,2,6,4,0.033619,0.991551
20260623_203232_300106,web_search,1,python_execute,2,6,5,0.050849,0.988935
20260623_203232_300106,web_search,1,python_execute,2,6,6,0.054071,0.987582
20260623_203232_300106,web_search,1,python_execute,2,6,7,0.030104,0.991349
20260623_203232_300106,web_search,1,python_execute,2,7,0,0.105057,0.991939
20260623_203232_300106,web_search,1,python_execute,2,7,1,0.074552,0.984225
20260623_203232_300106,web_search,1,python_execute,2,7,2,0.070567,0.996482
20260623_203232_300106,web_search,1,python_execute,2,7,3,0.050092,0.982462
20260623_203232_300106,web_search,1,python_execute,2,7,4,0.068939,0.994283
20260623_203232_300106,web_search,1,python_execute,2,7,5,0.048240,0.986403
20260623_203232_300106,web_search,1,python_execute,2,7,6,0.105255,0.984378
20260623_203232_300106,web_search,1,python_execute,2,7,7,0.078339,0.993141
20260623_203232_300106,web_search,1,python_execute,2,8,0,0.094671,0.993282
20260623_203232_300106,web_search,1,python_execute,2,8,1,0.156983,0.966168
20260623_203232_300106,web_search,1,python_execute,2,8,2,0.095975,0.994089
20260623_203232_300106,web_search,1,python_execute,2,8,3,0.103856,0.985949
20260623_203232_300106,web_search,1,python_execute,2,8,4,0.133661,0.981957
20260623_203232_300106,web_search,1,python_execute,2,8,5,0.066842,0.992677
20260623_203232_300106,web_search,1,python_execute,2,8,6,0.065994,0.993961
20260623_203232_300106,web_search,1,python_execute,2,8,7,0.102423,0.987285
20260623_203232_300106,web_search,1,python_execute,2,9,0,0.097764,0.991098
20260623_203232_300106,web_search,1,python_execute,2,9,1,0.067308,0.996214
20260623_203232_300106,web_search,1,python_execute,2,9,2,0.083036,0.991930
20260623_203232_300106,web_search,1,python_execute,2,9,3,0.068492,0.994543
20260623_203232_300106,web_search,1,python_execute,2,9,4,0.063554,0.993971
20260623_203232_300106,web_search,1,python_execute,2,9,5,0.048442,0.990961
20260623_203232_300106,web_search,1,python_execute,2,9,6,0.060128,0.992053
20260623_203232_300106,web_search,1,python_execute,2,9,7,0.124207,0.986558
20260623_203232_300106,web_search,1,python_execute,2,10,0,0.080392,0.995655
20260623_203232_300106,web_search,1,python_execute,2,10,1,0.119806,0.972919
20260623_203232_300106,web_search,1,python_execute,2,10,2,0.059200,0.992491
20260623_203232_300106,web_search,1,python_execute,2,10,3,0.062411,0.981005
20260623_203232_300106,web_search,1,python_execute,2,10,4,0.087454,0.993145
20260623_203232_300106,web_search,1,python_execute,2,10,5,0.102274,0.994702
20260623_203232_300106,web_search,1,python_execute,2,10,6,0.133003,0.963860
20260623_203232_300106,web_search,1,python_execute,2,10,7,0.145319,0.981253
20260623_203232_300106,web_search,1,python_execute,2,11,0,0.079772,0.985908
20260623_203232_300106,web_search,1,python_execute,2,11,1,0.165080,0.978880
20260623_203232_300106,web_search,1,python_execute,2,11,2,0.103522,0.983110
20260623_203232_300106,web_search,1,python_execute,2,11,3,0.090712,0.988529
20260623_203232_300106,web_search,1,python_execute,2,11,4,0.168545,0.977664
20260623_203232_300106,web_search,1,python_execute,2,11,5,0.070145,0.983709
20260623_203232_300106,web_search,1,python_execute,2,11,6,0.079326,0.991501
20260623_203232_300106,web_search,1,python_execute,2,11,7,0.115244,0.981278
20260623_203232_300106,web_search,1,python_execute,2,12,0,0.140149,0.984341
20260623_203232_300106,web_search,1,python_execute,2,12,1,0.106836,0.984382
20260623_203232_300106,web_search,1,python_execute,2,12,2,0.173145,0.993497
20260623_203232_300106,web_search,1,python_execute,2,12,3,0.142254,0.984616
20260623_203232_300106,web_search,1,python_execute,2,12,4,0.101587,0.990639
20260623_203232_300106,web_search,1,python_execute,2,12,5,0.124228,0.981465
20260623_203232_300106,web_search,1,python_execute,2,12,6,0.101282,0.985794
20260623_203232_300106,web_search,1,python_execute,2,12,7,0.113136,0.983635
20260623_203232_300106,web_search,1,python_execute,2,13,0,0.179912,0.991339
20260623_203232_300106,web_search,1,python_execute,2,13,1,0.142001,0.990043
20260623_203232_300106,web_search,1,python_execute,2,13,2,0.170114,0.992620
20260623_203232_300106,web_search,1,python_execute,2,13,3,0.184784,0.984253
20260623_203232_300106,web_search,1,python_execute,2,13,4,0.125485,0.983426
20260623_203232_300106,web_search,1,python_execute,2,13,5,0.126926,0.972260
20260623_203232_300106,web_search,1,python_execute,2,13,6,0.183872,0.993670
20260623_203232_300106,web_search,1,python_execute,2,13,7,0.169655,0.981021
20260623_203232_300106,web_search,1,python_execute,2,14,0,0.108626,0.984055
20260623_203232_300106,web_search,1,python_execute,2,14,1,0.092749,0.984148
20260623_203232_300106,web_search,1,python_execute,2,14,2,0.114824,0.994947
20260623_203232_300106,web_search,1,python_execute,2,14,3,0.200006,0.986170
20260623_203232_300106,web_search,1,python_execute,2,14,4,0.310407,0.991661
20260623_203232_300106,web_search,1,python_execute,2,14,5,0.205182,0.982298
20260623_203232_300106,web_search,1,python_execute,2,14,6,0.173045,0.992114
20260623_203232_300106,web_search,1,python_execute,2,14,7,0.111855,0.992355
20260623_203232_300106,web_search,1,python_execute,2,15,0,0.216386,0.986706
20260623_203232_300106,web_search,1,python_execute,2,15,1,0.174493,0.991184
20260623_203232_300106,web_search,1,python_execute,2,15,2,0.130675,0.992136
20260623_203232_300106,web_search,1,python_execute,2,15,3,0.158882,0.987336
20260623_203232_300106,web_search,1,python_execute,2,15,4,0.247619,0.988479
20260623_203232_300106,web_search,1,python_execute,2,15,5,0.269853,0.983831
20260623_203232_300106,web_search,1,python_execute,2,15,6,0.157101,0.991607
20260623_203232_300106,web_search,1,python_execute,2,15,7,0.143278,0.991991
20260623_203232_300106,web_search,1,python_execute,2,16,0,0.234246,0.980693
20260623_203232_300106,web_search,1,python_execute,2,16,1,0.402222,0.968372
20260623_203232_300106,web_search,1,python_execute,2,16,2,0.194220,0.986791
20260623_203232_300106,web_search,1,python_execute,2,16,3,0.184563,0.980382
20260623_203232_300106,web_search,1,python_execute,2,16,4,0.238030,0.984562
20260623_203232_300106,web_search,1,python_execute,2,16,5,0.194949,0.987722
20260623_203232_300106,web_search,1,python_execute,2,16,6,0.184979,0.988296
20260623_203232_300106,web_search,1,python_execute,2,16,7,0.211653,0.991347
20260623_203232_300106,web_search,1,python_execute,2,17,0,0.291176,0.980433
20260623_203232_300106,web_search,1,python_execute,2,17,1,0.220973,0.984394
20260623_203232_300106,web_search,1,python_execute,2,17,2,0.260548,0.975139
20260623_203232_300106,web_search,1,python_execute,2,17,3,0.346579,0.981467
20260623_203232_300106,web_search,1,python_execute,2,17,4,0.195717,0.986384
20260623_203232_300106,web_search,1,python_execute,2,17,5,0.260154,0.981816
20260623_203232_300106,web_search,1,python_execute,2,17,6,0.210500,0.989186
20260623_203232_300106,web_search,1,python_execute,2,17,7,0.211901,0.986170
20260623_203232_300106,web_search,1,python_execute,2,18,0,0.398126,0.986126
20260623_203232_300106,web_search,1,python_execute,2,18,1,0.156051,0.988423
20260623_203232_300106,web_search,1,python_execute,2,18,2,0.331536,0.981705
20260623_203232_300106,web_search,1,python_execute,2,18,3,0.264173,0.989048
20260623_203232_300106,web_search,1,python_execute,2,18,4,0.207214,0.986792
20260623_203232_300106,web_search,1,python_execute,2,18,5,0.223201,0.990190
20260623_203232_300106,web_search,1,python_execute,2,18,6,0.254782,0.978898
20260623_203232_300106,web_search,1,python_execute,2,18,7,0.290106,0.981312
20260623_203232_300106,web_search,1,python_execute,2,19,0,0.280302,0.977768
20260623_203232_300106,web_search,1,python_execute,2,19,1,0.483148,0.978122
20260623_203232_300106,web_search,1,python_execute,2,19,2,0.227582,0.971645
20260623_203232_300106,web_search,1,python_execute,2,19,3,0.251932,0.987994
20260623_203232_300106,web_search,1,python_execute,2,19,4,0.326922,0.984910
20260623_203232_300106,web_search,1,python_execute,2,19,5,0.475312,0.970217
20260623_203232_300106,web_search,1,python_execute,2,19,6,0.235592,0.977608
20260623_203232_300106,web_search,1,python_execute,2,19,7,0.451972,0.970968
20260623_203232_300106,web_search,1,python_execute,2,20,0,0.533177,0.970274
20260623_203232_300106,web_search,1,python_execute,2,20,1,0.289071,0.986764
20260623_203232_300106,web_search,1,python_execute,2,20,2,0.399899,0.977489
20260623_203232_300106,web_search,1,python_execute,2,20,3,0.443083,0.969890
20260623_203232_300106,web_search,1,python_execute,2,20,4,0.452688,0.970360
20260623_203232_300106,web_search,1,python_execute,2,20,5,0.251608,0.985747
20260623_203232_300106,web_search,1,python_execute,2,20,6,0.526785,0.985446
20260623_203232_300106,web_search,1,python_execute,2,20,7,0.279977,0.989057
20260623_203232_300106,web_search,1,python_execute,2,21,0,0.300277,0.993614
20260623_203232_300106,web_search,1,python_execute,2,21,1,0.424671,0.992863
20260623_203232_300106,web_search,1,python_execute,2,21,2,0.298768,0.992737
20260623_203232_300106,web_search,1,python_execute,2,21,3,0.244888,0.982821
20260623_203232_300106,web_search,1,python_execute,2,21,4,0.271007,0.984821
20260623_203232_300106,web_search,1,python_execute,2,21,5,0.512086,0.983288
20260623_203232_300106,web_search,1,python_execute,2,21,6,0.279303,0.978421
20260623_203232_300106,web_search,1,python_execute,2,21,7,0.221006,0.986031
20260623_203232_300106,web_search,1,python_execute,2,22,0,0.412105,0.972485
20260623_203232_300106,web_search,1,python_execute,2,22,1,0.226625,0.979046
20260623_203232_300106,web_search,1,python_execute,2,22,2,0.458024,0.971037
20260623_203232_300106,web_search,1,python_execute,2,22,3,0.374037,0.987465
20260623_203232_300106,web_search,1,python_execute,2,22,4,0.362299,0.986802
20260623_203232_300106,web_search,1,python_execute,2,22,5,0.285505,0.990859
20260623_203232_300106,web_search,1,python_execute,2,22,6,0.233821,0.987108
20260623_203232_300106,web_search,1,python_execute,2,22,7,0.444987,0.987679
20260623_203232_300106,web_search,1,python_execute,2,23,0,0.426006,0.977202
20260623_203232_300106,web_search,1,python_execute,2,23,1,0.383782,0.989517
20260623_203232_300106,web_search,1,python_execute,2,23,2,0.370657,0.982864
20260623_203232_300106,web_search,1,python_execute,2,23,3,0.272691,0.987670
20260623_203232_300106,web_search,1,python_execute,2,23,4,0.408251,0.973955
20260623_203232_300106,web_search,1,python_execute,2,23,5,0.374067,0.979977
20260623_203232_300106,web_search,1,python_execute,2,23,6,0.379632,0.986583
20260623_203232_300106,web_search,1,python_execute,2,23,7,0.359099,0.981969
20260623_203232_300106,web_search,1,python_execute,2,24,0,0.402133,0.993084
20260623_203232_300106,web_search,1,python_execute,2,24,1,0.498462,0.984358
20260623_203232_300106,web_search,1,python_execute,2,24,2,0.393785,0.987697
20260623_203232_300106,web_search,1,python_execute,2,24,3,0.342280,0.986383
20260623_203232_300106,web_search,1,python_execute,2,24,4,0.309009,0.993056
20260623_203232_300106,web_search,1,python_execute,2,24,5,0.355502,0.981244
20260623_203232_300106,web_search,1,python_execute,2,24,6,0.492270,0.978055
20260623_203232_300106,web_search,1,python_execute,2,24,7,0.324837,0.988001
20260623_203232_300106,web_search,1,python_execute,2,25,0,0.324259,0.982037
20260623_203232_300106,web_search,1,python_execute,2,25,1,0.399256,0.990514
20260623_203232_300106,web_search,1,python_execute,2,25,2,0.581097,0.980403
20260623_203232_300106,web_search,1,python_execute,2,25,3,0.460260,0.961833
20260623_203232_300106,web_search,1,python_execute,2,25,4,0.589222,0.983448
20260623_203232_300106,web_search,1,python_execute,2,25,5,0.391633,0.986604
20260623_203232_300106,web_search,1,python_execute,2,25,6,0.367059,0.986957
20260623_203232_300106,web_search,1,python_execute,2,25,7,0.358360,0.987883
20260623_203232_300106,web_search,1,python_execute,2,26,0,0.597847,0.970173
20260623_203232_300106,web_search,1,python_execute,2,26,1,0.524586,0.990543
20260623_203232_300106,web_search,1,python_execute,2,26,2,0.309478,0.991872
20260623_203232_300106,web_search,1,python_execute,2,26,3,0.348195,0.992843
20260623_203232_300106,web_search,1,python_execute,2,26,4,0.413967,0.989726
20260623_203232_300106,web_search,1,python_execute,2,26,5,0.276216,0.987974
20260623_203232_300106,web_search,1,python_execute,2,26,6,0.502377,0.990210
20260623_203232_300106,web_search,1,python_execute,2,26,7,0.367347,0.990515
20260623_203232_300106,web_search,1,python_execute,2,27,0,0.531786,0.991717
20260623_203232_300106,web_search,1,python_execute,2,27,1,0.830901,0.981117
20260623_203232_300106,web_search,1,python_execute,2,27,2,0.745868,0.979570
20260623_203232_300106,web_search,1,python_execute,2,27,3,0.411047,0.990982
20260623_203232_300106,web_search,1,python_execute,2,27,4,0.471879,0.987479
20260623_203232_300106,web_search,1,python_execute,2,27,5,0.381364,0.985251
20260623_203232_300106,web_search,1,python_execute,2,27,6,0.392170,0.992815
20260623_203232_300106,web_search,1,python_execute,2,27,7,0.815888,0.982440
20260623_203232_300106,web_search,1,python_execute,2,28,0,0.472914,0.988189
20260623_203232_300106,web_search,1,python_execute,2,28,1,0.339244,0.993814
20260623_203232_300106,web_search,1,python_execute,2,28,2,0.496113,0.985361
20260623_203232_300106,web_search,1,python_execute,2,28,3,0.597035,0.966680
20260623_203232_300106,web_search,1,python_execute,2,28,4,0.472812,0.992226
20260623_203232_300106,web_search,1,python_execute,2,28,5,0.645221,0.989009
20260623_203232_300106,web_search,1,python_execute,2,28,6,0.528531,0.990039
20260623_203232_300106,web_search,1,python_execute,2,28,7,0.427618,0.985565
20260623_203232_300106,web_search,1,python_execute,2,29,0,0.532342,0.987298
20260623_203232_300106,web_search,1,python_execute,2,29,1,0.707005,0.981919
20260623_203232_300106,web_search,1,python_execute,2,29,2,0.435967,0.984169
20260623_203232_300106,web_search,1,python_execute,2,29,3,0.793891,0.995224
20260623_203232_300106,web_search,1,python_execute,2,29,4,0.623617,0.992387
20260623_203232_300106,web_search,1,python_execute,2,29,5,0.698760,0.990105
20260623_203232_300106,web_search,1,python_execute,2,29,6,0.527662,0.988825
20260623_203232_300106,web_search,1,python_execute,2,29,7,1.349574,0.986870
20260623_203232_300106,web_search,1,python_execute,2,30,0,0.630904,0.983893
20260623_203232_300106,web_search,1,python_execute,2,30,1,0.584482,0.993414
20260623_203232_300106,web_search,1,python_execute,2,30,2,0.885900,0.976846
20260623_203232_300106,web_search,1,python_execute,2,30,3,1.044986,0.993073
20260623_203232_300106,web_search,1,python_execute,2,30,4,0.820439,0.993038
20260623_203232_300106,web_search,1,python_execute,2,30,5,0.618456,0.986213
20260623_203232_300106,web_search,1,python_execute,2,30,6,0.818269,0.978519
20260623_203232_300106,web_search,1,python_execute,2,30,7,1.311746,0.989137
20260623_203232_300106,web_search,1,python_execute,2,31,0,0.748160,0.991917
20260623_203232_300106,web_search,1,python_execute,2,31,1,0.821918,0.992666
20260623_203232_300106,web_search,1,python_execute,2,31,2,0.697437,0.987415
20260623_203232_300106,web_search,1,python_execute,2,31,3,0.695609,0.994499
20260623_203232_300106,web_search,1,python_execute,2,31,4,0.713665,0.994063
20260623_203232_300106,web_search,1,python_execute,2,31,5,0.762684,0.980314
20260623_203232_300106,web_search,1,python_execute,2,31,6,1.506047,0.982409
20260623_203232_300106,web_search,1,python_execute,2,31,7,0.948369,0.983309
20260623_203232_300106,web_search,1,python_execute,2,32,0,0.872166,0.993228
20260623_203232_300106,web_search,1,python_execute,2,32,1,0.755570,0.986520
20260623_203232_300106,web_search,1,python_execute,2,32,2,0.779288,0.984305
20260623_203232_300106,web_search,1,python_execute,2,32,3,0.991515,0.989995
20260623_203232_300106,web_search,1,python_execute,2,32,4,2.218300,0.989740
20260623_203232_300106,web_search,1,python_execute,2,32,5,0.866045,0.988673
20260623_203232_300106,web_search,1,python_execute,2,32,6,1.174342,0.992285
20260623_203232_300106,web_search,1,python_execute,2,32,7,1.888639,0.983514
20260623_203232_300106,web_search,1,python_execute,2,33,0,1.094472,0.985794
20260623_203232_300106,web_search,1,python_execute,2,33,1,0.731308,0.991814
20260623_203232_300106,web_search,1,python_execute,2,33,2,1.039269,0.989809
20260623_203232_300106,web_search,1,python_execute,2,33,3,1.176617,0.987081
20260623_203232_300106,web_search,1,python_execute,2,33,4,0.975963,0.986865
20260623_203232_300106,web_search,1,python_execute,2,33,5,1.039952,0.991801
20260623_203232_300106,web_search,1,python_execute,2,33,6,1.035300,0.984840
20260623_203232_300106,web_search,1,python_execute,2,33,7,1.141190,0.987857
20260623_203232_300106,web_search,1,python_execute,2,34,0,1.780533,0.991440
20260623_203232_300106,web_search,1,python_execute,2,34,1,0.951529,0.989280
20260623_203232_300106,web_search,1,python_execute,2,34,2,1.230275,0.990686
20260623_203232_300106,web_search,1,python_execute,2,34,3,1.176615,0.992649
20260623_203232_300106,web_search,1,python_execute,2,34,4,1.782977,0.985495
20260623_203232_300106,web_search,1,python_execute,2,34,5,1.400949,0.982761
20260623_203232_300106,web_search,1,python_execute,2,34,6,1.197997,0.988462
20260623_203232_300106,web_search,1,python_execute,2,34,7,1.163284,0.989511
20260623_203232_300106,web_search,1,python_execute,2,35,0,1.322219,0.992824
20260623_203232_300106,web_search,1,python_execute,2,35,1,1.309394,0.986082
20260623_203232_300106,web_search,1,python_execute,2,35,2,1.334709,0.989854
20260623_203232_300106,web_search,1,python_execute,2,35,3,1.202275,0.988837
20260623_203232_300106,web_search,1,python_execute,2,35,4,1.467283,0.992685
20260623_203232_300106,web_search,1,python_execute,2,35,5,1.625042,0.990199
20260623_203232_300106,web_search,1,python_execute,2,35,6,1.247902,0.993564
20260623_203232_300106,web_search,1,python_execute,2,35,7,1.554887,0.989591
20260623_203232_300106,web_search,1,python_execute,2,36,0,1.536651,0.991274
20260623_203232_300106,web_search,1,python_execute,2,36,1,3.134934,0.994060
20260623_203232_300106,web_search,1,python_execute,2,36,2,1.508026,0.986842
20260623_203232_300106,web_search,1,python_execute,2,36,3,1.899858,0.983751
20260623_203232_300106,web_search,1,python_execute,2,36,4,1.651175,0.989449
20260623_203232_300106,web_search,1,python_execute,2,36,5,1.281032,0.992013
20260623_203232_300106,web_search,1,python_execute,2,36,6,1.734456,0.993516
20260623_203232_300106,web_search,1,python_execute,2,36,7,1.362217,0.992997
20260623_203232_300106,web_search,1,python_execute,2,37,0,1.589016,0.988438
20260623_203232_300106,web_search,1,python_execute,2,37,1,1.558855,0.989874
20260623_203232_300106,web_search,1,python_execute,2,37,2,2.376858,0.987716
20260623_203232_300106,web_search,1,python_execute,2,37,3,1.581730,0.989804
20260623_203232_300106,web_search,1,python_execute,2,37,4,2.760953,0.990811
20260623_203232_300106,web_search,1,python_execute,2,37,5,1.745991,0.991713
20260623_203232_300106,web_search,1,python_execute,2,37,6,3.286208,0.978223
20260623_203232_300106,web_search,1,python_execute,2,37,7,3.659358,0.994315
20260623_203232_300106,web_search,1,python_execute,2,38,0,4.536374,0.993817
20260623_203232_300106,web_search,1,python_execute,2,38,1,1.630349,0.989822
20260623_203232_300106,web_search,1,python_execute,2,38,2,1.760827,0.984517
20260623_203232_300106,web_search,1,python_execute,2,38,3,2.233600,0.984241
20260623_203232_300106,web_search,1,python_execute,2,38,4,1.818744,0.986503
20260623_203232_300106,web_search,1,python_execute,2,38,5,2.041613,0.980872
20260623_203232_300106,web_search,1,python_execute,2,38,6,2.474302,0.996633
20260623_203232_300106,web_search,1,python_execute,2,38,7,1.922902,0.990239
20260623_203232_300106,web_search,1,python_execute,2,39,0,1.577600,0.990013
20260623_203232_300106,web_search,1,python_execute,2,39,1,1.853772,0.974573
20260623_203232_300106,web_search,1,python_execute,2,39,2,3.519676,0.984830
20260623_203232_300106,web_search,1,python_execute,2,39,3,2.029562,0.981347
20260623_203232_300106,web_search,1,python_execute,2,39,4,1.636116,0.988222
20260623_203232_300106,web_search,1,python_execute,2,39,5,4.553576,0.990237
20260623_203232_300106,web_search,1,python_execute,2,39,6,1.786594,0.971957
20260623_203232_300106,web_search,1,python_execute,2,39,7,3.587748,0.991583
20260623_203232_300106,web_search,1,terminate,3,0,0,0.006242,0.993323
20260623_203232_300106,web_search,1,terminate,3,0,1,0.008194,0.998075
20260623_203232_300106,web_search,1,terminate,3,0,2,0.007933,0.997859
20260623_203232_300106,web_search,1,terminate,3,0,3,0.010467,0.993298
20260623_203232_300106,web_search,1,terminate,3,0,4,0.005669,0.999793
20260623_203232_300106,web_search,1,terminate,3,0,5,0.005979,0.990167
20260623_203232_300106,web_search,1,terminate,3,0,6,0.005294,0.996562
20260623_203232_300106,web_search,1,terminate,3,0,7,0.006843,0.998695
20260623_203232_300106,web_search,1,terminate,3,1,0,0.012661,0.998260
20260623_203232_300106,web_search,1,terminate,3,1,1,0.007669,0.999316
20260623_203232_300106,web_search,1,terminate,3,1,2,0.008321,0.990136
20260623_203232_300106,web_search,1,terminate,3,1,3,0.012348,0.995832
20260623_203232_300106,web_search,1,terminate,3,1,4,0.010864,0.994582
20260623_203232_300106,web_search,1,terminate,3,1,5,0.008032,0.998269
20260623_203232_300106,web_search,1,terminate,3,1,6,0.011721,0.986674
20260623_203232_300106,web_search,1,terminate,3,1,7,0.014429,0.999306
20260623_203232_300106,web_search,1,terminate,3,2,0,0.042996,0.954715
20260623_203232_300106,web_search,1,terminate,3,2,1,0.020561,0.984608
20260623_203232_300106,web_search,1,terminate,3,2,2,0.016831,0.968585
20260623_203232_300106,web_search,1,terminate,3,2,3,0.020509,0.975788
20260623_203232_300106,web_search,1,terminate,3,2,4,0.025928,0.992770
20260623_203232_300106,web_search,1,terminate,3,2,5,0.017563,0.981475
20260623_203232_300106,web_search,1,terminate,3,2,6,0.018805,0.974752
20260623_203232_300106,web_search,1,terminate,3,2,7,0.029111,0.969000
20260623_203232_300106,web_search,1,terminate,3,3,0,0.040082,0.975469
20260623_203232_300106,web_search,1,terminate,3,3,1,0.019088,0.991784
20260623_203232_300106,web_search,1,terminate,3,3,2,0.028863,0.965540
20260623_203232_300106,web_search,1,terminate,3,3,3,0.029747,0.972360
20260623_203232_300106,web_search,1,terminate,3,3,4,0.027891,0.963374
20260623_203232_300106,web_search,1,terminate,3,3,5,0.022786,0.987643
20260623_203232_300106,web_search,1,terminate,3,3,6,0.020607,0.980667
20260623_203232_300106,web_search,1,terminate,3,3,7,0.032216,0.961250
20260623_203232_300106,web_search,1,terminate,3,4,0,0.051386,0.963095
20260623_203232_300106,web_search,1,terminate,3,4,1,0.040072,0.968060
20260623_203232_300106,web_search,1,terminate,3,4,2,0.048905,0.995807
20260623_203232_300106,web_search,1,terminate,3,4,3,0.033103,0.968282
20260623_203232_300106,web_search,1,terminate,3,4,4,0.044975,0.964686
20260623_203232_300106,web_search,1,terminate,3,4,5,0.034765,0.981930
20260623_203232_300106,web_search,1,terminate,3,4,6,0.024424,0.976747
20260623_203232_300106,web_search,1,terminate,3,4,7,0.025447,0.980658
20260623_203232_300106,web_search,1,terminate,3,5,0,0.094044,0.984025
20260623_203232_300106,web_search,1,terminate,3,5,1,0.042917,0.984584
20260623_203232_300106,web_search,1,terminate,3,5,2,0.027461,0.982029
20260623_203232_300106,web_search,1,terminate,3,5,3,0.080173,0.988988
20260623_203232_300106,web_search,1,terminate,3,5,4,0.033988,0.997194
20260623_203232_300106,web_search,1,terminate,3,5,5,0.037424,0.978632
20260623_203232_300106,web_search,1,terminate,3,5,6,0.058438,0.977243
20260623_203232_300106,web_search,1,terminate,3,5,7,0.040035,0.983047
20260623_203232_300106,web_search,1,terminate,3,6,0,0.092220,0.948947
20260623_203232_300106,web_search,1,terminate,3,6,1,0.060688,0.982988
20260623_203232_300106,web_search,1,terminate,3,6,2,0.095074,0.896381
20260623_203232_300106,web_search,1,terminate,3,6,3,0.043706,0.944207
20260623_203232_300106,web_search,1,terminate,3,6,4,0.051606,0.977882
20260623_203232_300106,web_search,1,terminate,3,6,5,0.078923,0.970916
20260623_203232_300106,web_search,1,terminate,3,6,6,0.080280,0.966978
20260623_203232_300106,web_search,1,terminate,3,6,7,0.046594,0.975804
20260623_203232_300106,web_search,1,terminate,3,7,0,0.172152,0.976117
20260623_203232_300106,web_search,1,terminate,3,7,1,0.111565,0.963093
20260623_203232_300106,web_search,1,terminate,3,7,2,0.120915,0.989388
20260623_203232_300106,web_search,1,terminate,3,7,3,0.078641,0.955298
20260623_203232_300106,web_search,1,terminate,3,7,4,0.105983,0.986347
20260623_203232_300106,web_search,1,terminate,3,7,5,0.077335,0.962987
20260623_203232_300106,web_search,1,terminate,3,7,6,0.168542,0.957168
20260623_203232_300106,web_search,1,terminate,3,7,7,0.129754,0.981233
20260623_203232_300106,web_search,1,terminate,3,8,0,0.144442,0.983927
20260623_203232_300106,web_search,1,terminate,3,8,1,0.231123,0.923286
20260623_203232_300106,web_search,1,terminate,3,8,2,0.145739,0.985919
20260623_203232_300106,web_search,1,terminate,3,8,3,0.169781,0.961776
20260623_203232_300106,web_search,1,terminate,3,8,4,0.209455,0.951416
20260623_203232_300106,web_search,1,terminate,3,8,5,0.109406,0.980215
20260623_203232_300106,web_search,1,terminate,3,8,6,0.101504,0.985504
20260623_203232_300106,web_search,1,terminate,3,8,7,0.140634,0.977287
20260623_203232_300106,web_search,1,terminate,3,9,0,0.152872,0.977482
20260623_203232_300106,web_search,1,terminate,3,9,1,0.105357,0.991467
20260623_203232_300106,web_search,1,terminate,3,9,2,0.142439,0.975775
20260623_203232_300106,web_search,1,terminate,3,9,3,0.118602,0.983605
20260623_203232_300106,web_search,1,terminate,3,9,4,0.108716,0.981362
20260623_203232_300106,web_search,1,terminate,3,9,5,0.081909,0.973501
20260623_203232_300106,web_search,1,terminate,3,9,6,0.099515,0.977312
20260623_203232_300106,web_search,1,terminate,3,9,7,0.199024,0.964901
20260623_203232_300106,web_search,1,terminate,3,10,0,0.141074,0.986669
20260623_203232_300106,web_search,1,terminate,3,10,1,0.183590,0.931265
20260623_203232_300106,web_search,1,terminate,3,10,2,0.094848,0.979978
20260623_203232_300106,web_search,1,terminate,3,10,3,0.095555,0.952525
20260623_203232_300106,web_search,1,terminate,3,10,4,0.138249,0.982877
20260623_203232_300106,web_search,1,terminate,3,10,5,0.153933,0.987812
20260623_203232_300106,web_search,1,terminate,3,10,6,0.197107,0.911887
20260623_203232_300106,web_search,1,terminate,3,10,7,0.214473,0.955976
20260623_203232_300106,web_search,1,terminate,3,11,0,0.128396,0.961924
20260623_203232_300106,web_search,1,terminate,3,11,1,0.238011,0.953834
20260623_203232_300106,web_search,1,terminate,3,11,2,0.161925,0.958352
20260623_203232_300106,web_search,1,terminate,3,11,3,0.148513,0.965073
20260623_203232_300106,web_search,1,terminate,3,11,4,0.251666,0.938029
20260623_203232_300106,web_search,1,terminate,3,11,5,0.103243,0.964447
20260623_203232_300106,web_search,1,terminate,3,11,6,0.119125,0.979790
20260623_203232_300106,web_search,1,terminate,3,11,7,0.175327,0.956231
20260623_203232_300106,web_search,1,terminate,3,12,0,0.209523,0.962741
20260623_203232_300106,web_search,1,terminate,3,12,1,0.151325,0.965110
20260623_203232_300106,web_search,1,terminate,3,12,2,0.273426,0.983703
20260623_203232_300106,web_search,1,terminate,3,12,3,0.216572,0.961646
20260623_203232_300106,web_search,1,terminate,3,12,4,0.162547,0.976837
20260623_203232_300106,web_search,1,terminate,3,12,5,0.194367,0.953502
20260623_203232_300106,web_search,1,terminate,3,12,6,0.165353,0.964079
20260623_203232_300106,web_search,1,terminate,3,12,7,0.187722,0.954881
20260623_203232_300106,web_search,1,terminate,3,13,0,0.269044,0.980107
20260623_203232_300106,web_search,1,terminate,3,13,1,0.230843,0.974429
20260623_203232_300106,web_search,1,terminate,3,13,2,0.283048,0.980017
20260623_203232_300106,web_search,1,terminate,3,13,3,0.296764,0.957995
20260623_203232_300106,web_search,1,terminate,3,13,4,0.201582,0.956886
20260623_203232_300106,web_search,1,terminate,3,13,5,0.207545,0.923024
20260623_203232_300106,web_search,1,terminate,3,13,6,0.319585,0.981136
20260623_203232_300106,web_search,1,terminate,3,13,7,0.249708,0.956529
20260623_203232_300106,web_search,1,terminate,3,14,0,0.195130,0.948394
20260623_203232_300106,web_search,1,terminate,3,14,1,0.167078,0.947511
20260623_203232_300106,web_search,1,terminate,3,14,2,0.167156,0.989025
20260623_203232_300106,web_search,1,terminate,3,14,3,0.293916,0.969762
20260623_203232_300106,web_search,1,terminate,3,14,4,0.499319,0.978242
20260623_203232_300106,web_search,1,terminate,3,14,5,0.294432,0.959908
20260623_203232_300106,web_search,1,terminate,3,14,6,0.313311,0.975402
20260623_203232_300106,web_search,1,terminate,3,14,7,0.179361,0.982263
20260623_203232_300106,web_search,1,terminate,3,15,0,0.322851,0.966896
20260623_203232_300106,web_search,1,terminate,3,15,1,0.236187,0.981665
20260623_203232_300106,web_search,1,terminate,3,15,2,0.190845,0.983044
20260623_203232_300106,web_search,1,terminate,3,15,3,0.251815,0.970294
20260623_203232_300106,web_search,1,terminate,3,15,4,0.367317,0.973948
20260623_203232_300106,web_search,1,terminate,3,15,5,0.394712,0.959591
20260623_203232_300106,web_search,1,terminate,3,15,6,0.240031,0.980239
20260623_203232_300106,web_search,1,terminate,3,15,7,0.215055,0.981959
20260623_203232_300106,web_search,1,terminate,3,16,0,0.341330,0.957727
20260623_203232_300106,web_search,1,terminate,3,16,1,0.609064,0.921727
20260623_203232_300106,web_search,1,terminate,3,16,2,0.284715,0.970503
20260623_203232_300106,web_search,1,terminate,3,16,3,0.273734,0.954144
20260623_203232_300106,web_search,1,terminate,3,16,4,0.350800,0.965909
20260623_203232_300106,web_search,1,terminate,3,16,5,0.308573,0.967556
20260623_203232_300106,web_search,1,terminate,3,16,6,0.295894,0.969466
20260623_203232_300106,web_search,1,terminate,3,16,7,0.334225,0.976534
20260623_203232_300106,web_search,1,terminate,3,17,0,0.458130,0.948416
20260623_203232_300106,web_search,1,terminate,3,17,1,0.328400,0.963487
20260623_203232_300106,web_search,1,terminate,3,17,2,0.372830,0.948281
20260623_203232_300106,web_search,1,terminate,3,17,3,0.534562,0.952523
20260623_203232_300106,web_search,1,terminate,3,17,4,0.273130,0.970446
20260623_203232_300106,web_search,1,terminate,3,17,5,0.392631,0.953444
20260623_203232_300106,web_search,1,terminate,3,17,6,0.374666,0.966525
20260623_203232_300106,web_search,1,terminate,3,17,7,0.291978,0.972208
20260623_203232_300106,web_search,1,terminate,3,18,0,0.732207,0.951648
20260623_203232_300106,web_search,1,terminate,3,18,1,0.266340,0.963683
20260623_203232_300106,web_search,1,terminate,3,18,2,0.488493,0.958313
20260623_203232_300106,web_search,1,terminate,3,18,3,0.433922,0.968374
20260623_203232_300106,web_search,1,terminate,3,18,4,0.304802,0.970072
20260623_203232_300106,web_search,1,terminate,3,18,5,0.369902,0.972982
20260623_203232_300106,web_search,1,terminate,3,18,6,0.358031,0.956521
20260623_203232_300106,web_search,1,terminate,3,18,7,0.444193,0.953155
20260623_203232_300106,web_search,1,terminate,3,19,0,0.404741,0.953063
20260623_203232_300106,web_search,1,terminate,3,19,1,0.659378,0.958186
20260623_203232_300106,web_search,1,terminate,3,19,2,0.341566,0.934269
20260623_203232_300106,web_search,1,terminate,3,19,3,0.385209,0.970864
20260623_203232_300106,web_search,1,terminate,3,19,4,0.530690,0.958372
20260623_203232_300106,web_search,1,terminate,3,19,5,0.691306,0.933695
20260623_203232_300106,web_search,1,terminate,3,19,6,0.305862,0.959246
20260623_203232_300106,web_search,1,terminate,3,19,7,0.658038,0.935309
20260623_203232_300106,web_search,1,terminate,3,20,0,0.714620,0.939978
20260623_203232_300106,web_search,1,terminate,3,20,1,0.434479,0.968417
20260623_203232_300106,web_search,1,terminate,3,20,2,0.706393,0.927299
20260623_203232_300106,web_search,1,terminate,3,20,3,0.601103,0.938877
20260623_203232_300106,web_search,1,terminate,3,20,4,0.640188,0.936073
20260623_203232_300106,web_search,1,terminate,3,20,5,0.425454,0.959779
20260623_203232_300106,web_search,1,terminate,3,20,6,0.722250,0.971822
20260623_203232_300106,web_search,1,terminate,3,20,7,0.461560,0.972228
20260623_203232_300106,web_search,1,terminate,3,21,0,0.602389,0.974912
20260623_203232_300106,web_search,1,terminate,3,21,1,0.810488,0.974066
20260623_203232_300106,web_search,1,terminate,3,21,2,0.575243,0.971664
20260623_203232_300106,web_search,1,terminate,3,21,3,0.396803,0.954973
20260623_203232_300106,web_search,1,terminate,3,21,4,0.415402,0.962594
20260623_203232_300106,web_search,1,terminate,3,21,5,0.917061,0.943808
20260623_203232_300106,web_search,1,terminate,3,21,6,0.481502,0.933504
20260623_203232_300106,web_search,1,terminate,3,21,7,0.421887,0.950300
20260623_203232_300106,web_search,1,terminate,3,22,0,0.584544,0.941738
20260623_203232_300106,web_search,1,terminate,3,22,1,0.349496,0.951480
20260623_203232_300106,web_search,1,terminate,3,22,2,0.639821,0.941608
20260623_203232_300106,web_search,1,terminate,3,22,3,0.654757,0.959883
20260623_203232_300106,web_search,1,terminate,3,22,4,0.603560,0.957089
20260623_203232_300106,web_search,1,terminate,3,22,5,0.631820,0.954230
20260623_203232_300106,web_search,1,terminate,3,22,6,0.381727,0.966026
20260623_203232_300106,web_search,1,terminate,3,22,7,0.796549,0.955123
20260623_203232_300106,web_search,1,terminate,3,23,0,0.688419,0.939455
20260623_203232_300106,web_search,1,terminate,3,23,1,0.647771,0.967861
20260623_203232_300106,web_search,1,terminate,3,23,2,0.599738,0.953407
20260623_203232_300106,web_search,1,terminate,3,23,3,0.416866,0.971312
20260623_203232_300106,web_search,1,terminate,3,23,4,0.598105,0.941662
20260623_203232_300106,web_search,1,terminate,3,23,5,0.569722,0.952015
20260623_203232_300106,web_search,1,terminate,3,23,6,0.557306,0.969133
20260623_203232_300106,web_search,1,terminate,3,23,7,0.572548,0.948680
20260623_203232_300106,web_search,1,terminate,3,24,0,0.805979,0.971512
20260623_203232_300106,web_search,1,terminate,3,24,1,0.769427,0.962639
20260623_203232_300106,web_search,1,terminate,3,24,2,0.581879,0.972633
20260623_203232_300106,web_search,1,terminate,3,24,3,0.583998,0.960612
20260623_203232_300106,web_search,1,terminate,3,24,4,0.659750,0.969085
20260623_203232_300106,web_search,1,terminate,3,24,5,0.609112,0.941810
20260623_203232_300106,web_search,1,terminate,3,24,6,0.713920,0.952321
20260623_203232_300106,web_search,1,terminate,3,24,7,0.557058,0.963115
20260623_203232_300106,web_search,1,terminate,3,25,0,0.561852,0.945623
20260623_203232_300106,web_search,1,terminate,3,25,1,0.725022,0.970005
20260623_203232_300106,web_search,1,terminate,3,25,2,0.929980,0.948689
20260623_203232_300106,web_search,1,terminate,3,25,3,0.633952,0.922215
20260623_203232_300106,web_search,1,terminate,3,25,4,1.171303,0.932859
20260623_203232_300106,web_search,1,terminate,3,25,5,0.731248,0.951283
20260623_203232_300106,web_search,1,terminate,3,25,6,0.727290,0.947945
20260623_203232_300106,web_search,1,terminate,3,25,7,0.555760,0.967621
20260623_203232_300106,web_search,1,terminate,3,26,0,0.889046,0.934797
20260623_203232_300106,web_search,1,terminate,3,26,1,0.902091,0.970992
20260623_203232_300106,web_search,1,terminate,3,26,2,0.565170,0.974850
20260623_203232_300106,web_search,1,terminate,3,26,3,0.682471,0.971616
20260623_203232_300106,web_search,1,terminate,3,26,4,0.690019,0.970622
20260623_203232_300106,web_search,1,terminate,3,26,5,0.525150,0.956612
20260623_203232_300106,web_search,1,terminate,3,26,6,0.847159,0.971973
20260623_203232_300106,web_search,1,terminate,3,26,7,0.655791,0.968633
20260623_203232_300106,web_search,1,terminate,3,27,0,1.020391,0.969002
20260623_203232_300106,web_search,1,terminate,3,27,1,1.335060,0.950211
20260623_203232_300106,web_search,1,terminate,3,27,2,1.405319,0.928908
20260623_203232_300106,web_search,1,terminate,3,27,3,0.662352,0.975970
20260623_203232_300106,web_search,1,terminate,3,27,4,0.970268,0.946632
20260623_203232_300106,web_search,1,terminate,3,27,5,0.625259,0.958909
20260623_203232_300106,web_search,1,terminate,3,27,6,0.590800,0.982137
20260623_203232_300106,web_search,1,terminate,3,27,7,1.285908,0.955224
20260623_203232_300106,web_search,1,terminate,3,28,0,0.712499,0.973529
20260623_203232_300106,web_search,1,terminate,3,28,1,0.810796,0.962841
20260623_203232_300106,web_search,1,terminate,3,28,2,0.762052,0.965106
20260623_203232_300106,web_search,1,terminate,3,28,3,0.927629,0.921385
20260623_203232_300106,web_search,1,terminate,3,28,4,0.786514,0.975730
20260623_203232_300106,web_search,1,terminate,3,28,5,1.214599,0.960370
20260623_203232_300106,web_search,1,terminate,3,28,6,0.868863,0.973041
20260623_203232_300106,web_search,1,terminate,3,28,7,0.754635,0.954264
20260623_203232_300106,web_search,1,terminate,3,29,0,0.835212,0.968911
20260623_203232_300106,web_search,1,terminate,3,29,1,1.119285,0.953775
20260623_203232_300106,web_search,1,terminate,3,29,2,0.756997,0.952605
20260623_203232_300106,web_search,1,terminate,3,29,3,1.545972,0.982545
20260623_203232_300106,web_search,1,terminate,3,29,4,1.089522,0.975133
20260623_203232_300106,web_search,1,terminate,3,29,5,1.283292,0.966747
20260623_203232_300106,web_search,1,terminate,3,29,6,0.986153,0.961042
20260623_203232_300106,web_search,1,terminate,3,29,7,2.147914,0.966312
20260623_203232_300106,web_search,1,terminate,3,30,0,0.988416,0.959454
20260623_203232_300106,web_search,1,terminate,3,30,1,1.190914,0.974125
20260623_203232_300106,web_search,1,terminate,3,30,2,1.433242,0.940691
20260623_203232_300106,web_search,1,terminate,3,30,3,2.058268,0.970725
20260623_203232_300106,web_search,1,terminate,3,30,4,1.516406,0.976125
20260623_203232_300106,web_search,1,terminate,3,30,5,1.014002,0.963617
20260623_203232_300106,web_search,1,terminate,3,30,6,1.427778,0.933595
20260623_203232_300106,web_search,1,terminate,3,30,7,2.215020,0.968569
20260623_203232_300106,web_search,1,terminate,3,31,0,1.484299,0.968186
20260623_203232_300106,web_search,1,terminate,3,31,1,1.416160,0.977022
20260623_203232_300106,web_search,1,terminate,3,31,2,1.182966,0.962925
20260623_203232_300106,web_search,1,terminate,3,31,3,1.508521,0.971798
20260623_203232_300106,web_search,1,terminate,3,31,4,1.321968,0.978929
20260623_203232_300106,web_search,1,terminate,3,31,5,1.176286,0.952461
20260623_203232_300106,web_search,1,terminate,3,31,6,2.598552,0.946578
20260623_203232_300106,web_search,1,terminate,3,31,7,1.813843,0.938918
20260623_203232_300106,web_search,1,terminate,3,32,0,1.774603,0.971467
20260623_203232_300106,web_search,1,terminate,3,32,1,1.328705,0.957516
20260623_203232_300106,web_search,1,terminate,3,32,2,1.284378,0.957612
20260623_203232_300106,web_search,1,terminate,3,32,3,1.605247,0.973631
20260623_203232_300106,web_search,1,terminate,3,32,4,3.327765,0.976983
20260623_203232_300106,web_search,1,terminate,3,32,5,1.458141,0.968054
20260623_203232_300106,web_search,1,terminate,3,32,6,1.914807,0.979415
20260623_203232_300106,web_search,1,terminate,3,32,7,3.045807,0.955622
20260623_203232_300106,web_search,1,terminate,3,33,0,1.837036,0.960871
20260623_203232_300106,web_search,1,terminate,3,33,1,1.238089,0.976038
20260623_203232_300106,web_search,1,terminate,3,33,2,1.707866,0.972974
20260623_203232_300106,web_search,1,terminate,3,33,3,2.020358,0.960863
20260623_203232_300106,web_search,1,terminate,3,33,4,1.790861,0.954575
20260623_203232_300106,web_search,1,terminate,3,33,5,1.739995,0.976255
20260623_203232_300106,web_search,1,terminate,3,33,6,1.628766,0.962032
20260623_203232_300106,web_search,1,terminate,3,33,7,2.211874,0.953932
20260623_203232_300106,web_search,1,terminate,3,34,0,3.242988,0.971548
20260623_203232_300106,web_search,1,terminate,3,34,1,1.553907,0.970707
20260623_203232_300106,web_search,1,terminate,3,34,2,1.872759,0.978099
20260623_203232_300106,web_search,1,terminate,3,34,3,1.800797,0.983303
20260623_203232_300106,web_search,1,terminate,3,34,4,2.992470,0.958414
20260623_203232_300106,web_search,1,terminate,3,34,5,2.368556,0.951541
20260623_203232_300106,web_search,1,terminate,3,34,6,1.839349,0.972004
20260623_203232_300106,web_search,1,terminate,3,34,7,1.687471,0.977705
20260623_203232_300106,web_search,1,terminate,3,35,0,2.236930,0.979343
20260623_203232_300106,web_search,1,terminate,3,35,1,2.224566,0.960029
20260623_203232_300106,web_search,1,terminate,3,35,2,2.338742,0.968877
20260623_203232_300106,web_search,1,terminate,3,35,3,1.909041,0.971861
20260623_203232_300106,web_search,1,terminate,3,35,4,2.317724,0.981773
20260623_203232_300106,web_search,1,terminate,3,35,5,2.992024,0.966892
20260623_203232_300106,web_search,1,terminate,3,35,6,2.051713,0.982436
20260623_203232_300106,web_search,1,terminate,3,35,7,2.609068,0.970410
20260623_203232_300106,web_search,1,terminate,3,36,0,2.889012,0.968300
20260623_203232_300106,web_search,1,terminate,3,36,1,5.316402,0.982721
20260623_203232_300106,web_search,1,terminate,3,36,2,2.791705,0.957100
20260623_203232_300106,web_search,1,terminate,3,36,3,3.163865,0.953357
20260623_203232_300106,web_search,1,terminate,3,36,4,3.154495,0.960717
20260623_203232_300106,web_search,1,terminate,3,36,5,1.915594,0.982087
20260623_203232_300106,web_search,1,terminate,3,36,6,3.168285,0.977926
20260623_203232_300106,web_search,1,terminate,3,36,7,2.396767,0.978343
20260623_203232_300106,web_search,1,terminate,3,37,0,2.543014,0.970175
20260623_203232_300106,web_search,1,terminate,3,37,1,2.959295,0.963493
20260623_203232_300106,web_search,1,terminate,3,37,2,4.571222,0.953452
20260623_203232_300106,web_search,1,terminate,3,37,3,2.704670,0.969945
20260623_203232_300106,web_search,1,terminate,3,37,4,5.439404,0.963907
20260623_203232_300106,web_search,1,terminate,3,37,5,2.825058,0.978216
20260623_203232_300106,web_search,1,terminate,3,37,6,5.389624,0.940070
20260623_203232_300106,web_search,1,terminate,3,37,7,6.551453,0.981921
20260623_203232_300106,web_search,1,terminate,3,38,0,7.652392,0.981543
20260623_203232_300106,web_search,1,terminate,3,38,1,2.854668,0.968269
20260623_203232_300106,web_search,1,terminate,3,38,2,3.131467,0.949584
20260623_203232_300106,web_search,1,terminate,3,38,3,3.708901,0.955750
20260623_203232_300106,web_search,1,terminate,3,38,4,3.090840,0.959328
20260623_203232_300106,web_search,1,terminate,3,38,5,3.459448,0.944611
20260623_203232_300106,web_search,1,terminate,3,38,6,4.361528,0.989274
20260623_203232_300106,web_search,1,terminate,3,38,7,3.152254,0.973459
20260623_203232_300106,web_search,1,terminate,3,39,0,2.917052,0.966256
20260623_203232_300106,web_search,1,terminate,3,39,1,3.180012,0.923768
20260623_203232_300106,web_search,1,terminate,3,39,2,5.625272,0.969843
20260623_203232_300106,web_search,1,terminate,3,39,3,3.214741,0.953360
20260623_203232_300106,web_search,1,terminate,3,39,4,3.224553,0.953474
20260623_203232_300106,web_search,1,terminate,3,39,5,7.258921,0.974980
20260623_203232_300106,web_search,1,terminate,3,39,6,3.083347,0.911145
20260623_203232_300106,web_search,1,terminate,3,39,7,6.229012,0.976124
20260623_203232_300106,python_execute,2,terminate,3,0,0,0.006146,0.994237
20260623_203232_300106,python_execute,2,terminate,3,0,1,0.006639,0.998769
20260623_203232_300106,python_execute,2,terminate,3,0,2,0.007408,0.998092
20260623_203232_300106,python_execute,2,terminate,3,0,3,0.011160,0.992466
20260623_203232_300106,python_execute,2,terminate,3,0,4,0.004603,0.999864
20260623_203232_300106,python_execute,2,terminate,3,0,5,0.005581,0.991445
20260623_203232_300106,python_execute,2,terminate,3,0,6,0.005897,0.995784
20260623_203232_300106,python_execute,2,terminate,3,0,7,0.006380,0.998863
20260623_203232_300106,python_execute,2,terminate,3,1,0,0.008841,0.999289
20260623_203232_300106,python_execute,2,terminate,3,1,1,0.006604,0.999487
20260623_203232_300106,python_execute,2,terminate,3,1,2,0.006293,0.994493
20260623_203232_300106,python_execute,2,terminate,3,1,3,0.012643,0.995971
20260623_203232_300106,python_execute,2,terminate,3,1,4,0.009340,0.996674
20260623_203232_300106,python_execute,2,terminate,3,1,5,0.006139,0.999090
20260623_203232_300106,python_execute,2,terminate,3,1,6,0.010447,0.990619
20260623_203232_300106,python_execute,2,terminate,3,1,7,0.010413,0.999678
20260623_203232_300106,python_execute,2,terminate,3,2,0,0.025198,0.984807
20260623_203232_300106,python_execute,2,terminate,3,2,1,0.012517,0.994416
20260623_203232_300106,python_execute,2,terminate,3,2,2,0.011218,0.986155
20260623_203232_300106,python_execute,2,terminate,3,2,3,0.012417,0.991826
20260623_203232_300106,python_execute,2,terminate,3,2,4,0.016600,0.997219
20260623_203232_300106,python_execute,2,terminate,3,2,5,0.012674,0.991206
20260623_203232_300106,python_execute,2,terminate,3,2,6,0.011969,0.989962
20260623_203232_300106,python_execute,2,terminate,3,2,7,0.018025,0.989076
20260623_203232_300106,python_execute,2,terminate,3,3,0,0.027111,0.988833
20260623_203232_300106,python_execute,2,terminate,3,3,1,0.013782,0.996291
20260623_203232_300106,python_execute,2,terminate,3,3,2,0.017787,0.987377
20260623_203232_300106,python_execute,2,terminate,3,3,3,0.021892,0.985893
20260623_203232_300106,python_execute,2,terminate,3,3,4,0.017844,0.985128
20260623_203232_300106,python_execute,2,terminate,3,3,5,0.015825,0.994571
20260623_203232_300106,python_execute,2,terminate,3,3,6,0.014144,0.990959
20260623_203232_300106,python_execute,2,terminate,3,3,7,0.022907,0.981399
20260623_203232_300106,python_execute,2,terminate,3,4,0,0.033484,0.984666
20260623_203232_300106,python_execute,2,terminate,3,4,1,0.025262,0.987598
20260623_203232_300106,python_execute,2,terminate,3,4,2,0.030693,0.998331
20260623_203232_300106,python_execute,2,terminate,3,4,3,0.023758,0.984618
20260623_203232_300106,python_execute,2,terminate,3,4,4,0.025841,0.988218
20260623_203232_300106,python_execute,2,terminate,3,4,5,0.023794,0.991597
20260623_203232_300106,python_execute,2,terminate,3,4,6,0.015522,0.991432
20260623_203232_300106,python_execute,2,terminate,3,4,7,0.018042,0.990645
20260623_203232_300106,python_execute,2,terminate,3,5,0,0.055194,0.994456
20260623_203232_300106,python_execute,2,terminate,3,5,1,0.031616,0.992295
20260623_203232_300106,python_execute,2,terminate,3,5,2,0.018841,0.991744
20260623_203232_300106,python_execute,2,terminate,3,5,3,0.045277,0.996499
20260623_203232_300106,python_execute,2,terminate,3,5,4,0.024091,0.998681
20260623_203232_300106,python_execute,2,terminate,3,5,5,0.025002,0.991344
20260623_203232_300106,python_execute,2,terminate,3,5,6,0.040386,0.989228
20260623_203232_300106,python_execute,2,terminate,3,5,7,0.029777,0.990903
20260623_203232_300106,python_execute,2,terminate,3,6,0,0.051981,0.984644
20260623_203232_300106,python_execute,2,terminate,3,6,1,0.032387,0.996036
20260623_203232_300106,python_execute,2,terminate,3,6,2,0.043125,0.979560
20260623_203232_300106,python_execute,2,terminate,3,6,3,0.025061,0.981859
20260623_203232_300106,python_execute,2,terminate,3,6,4,0.033864,0.991401
20260623_203232_300106,python_execute,2,terminate,3,6,5,0.044140,0.991502
20260623_203232_300106,python_execute,2,terminate,3,6,6,0.044644,0.988879
20260623_203232_300106,python_execute,2,terminate,3,6,7,0.031469,0.989629
20260623_203232_300106,python_execute,2,terminate,3,7,0,0.097935,0.992616
20260623_203232_300106,python_execute,2,terminate,3,7,1,0.072502,0.985504
20260623_203232_300106,python_execute,2,terminate,3,7,2,0.068854,0.996816
20260623_203232_300106,python_execute,2,terminate,3,7,3,0.046821,0.984648
20260623_203232_300106,python_execute,2,terminate,3,7,4,0.066289,0.995014
20260623_203232_300106,python_execute,2,terminate,3,7,5,0.048074,0.986338
20260623_203232_300106,python_execute,2,terminate,3,7,6,0.089248,0.988396
20260623_203232_300106,python_execute,2,terminate,3,7,7,0.080026,0.993288
20260623_203232_300106,python_execute,2,terminate,3,8,0,0.072544,0.996076
20260623_203232_300106,python_execute,2,terminate,3,8,1,0.100376,0.986090
20260623_203232_300106,python_execute,2,terminate,3,8,2,0.077100,0.996226
20260623_203232_300106,python_execute,2,terminate,3,8,3,0.091424,0.989129
20260623_203232_300106,python_execute,2,terminate,3,8,4,0.122333,0.985126
20260623_203232_300106,python_execute,2,terminate,3,8,5,0.071564,0.991893
20260623_203232_300106,python_execute,2,terminate,3,8,6,0.061522,0.994739
20260623_203232_300106,python_execute,2,terminate,3,8,7,0.071641,0.993733
20260623_203232_300106,python_execute,2,terminate,3,9,0,0.085998,0.993172
20260623_203232_300106,python_execute,2,terminate,3,9,1,0.062155,0.997038
20260623_203232_300106,python_execute,2,terminate,3,9,2,0.085711,0.991430
20260623_203232_300106,python_execute,2,terminate,3,9,3,0.080749,0.992387
20260623_203232_300106,python_execute,2,terminate,3,9,4,0.074611,0.991860
20260623_203232_300106,python_execute,2,terminate,3,9,5,0.050627,0.990144
20260623_203232_300106,python_execute,2,terminate,3,9,6,0.057308,0.992659
20260623_203232_300106,python_execute,2,terminate,3,9,7,0.098789,0.991534
20260623_203232_300106,python_execute,2,terminate,3,10,0,0.077911,0.995932
20260623_203232_300106,python_execute,2,terminate,3,10,1,0.095727,0.982121
20260623_203232_300106,python_execute,2,terminate,3,10,2,0.060559,0.992354
20260623_203232_300106,python_execute,2,terminate,3,10,3,0.054855,0.985023
20260623_203232_300106,python_execute,2,terminate,3,10,4,0.095807,0.992169
20260623_203232_300106,python_execute,2,terminate,3,10,5,0.078955,0.996788
20260623_203232_300106,python_execute,2,terminate,3,10,6,0.092169,0.981597
20260623_203232_300106,python_execute,2,terminate,3,10,7,0.107692,0.989376
20260623_203232_300106,python_execute,2,terminate,3,11,0,0.080429,0.985925
20260623_203232_300106,python_execute,2,terminate,3,11,1,0.103264,0.991047
20260623_203232_300106,python_execute,2,terminate,3,11,2,0.092916,0.987125
20260623_203232_300106,python_execute,2,terminate,3,11,3,0.092347,0.988798
20260623_203232_300106,python_execute,2,terminate,3,11,4,0.147259,0.983357
20260623_203232_300106,python_execute,2,terminate,3,11,5,0.065159,0.985986
20260623_203232_300106,python_execute,2,terminate,3,11,6,0.080678,0.991227
20260623_203232_300106,python_execute,2,terminate,3,11,7,0.083694,0.990059
20260623_203232_300106,python_execute,2,terminate,3,12,0,0.110599,0.990447
20260623_203232_300106,python_execute,2,terminate,3,12,1,0.093996,0.987501
20260623_203232_300106,python_execute,2,terminate,3,12,2,0.140279,0.995773
20260623_203232_300106,python_execute,2,terminate,3,12,3,0.122758,0.989164
20260623_203232_300106,python_execute,2,terminate,3,12,4,0.107032,0.990336
20260623_203232_300106,python_execute,2,terminate,3,12,5,0.109200,0.986297
20260623_203232_300106,python_execute,2,terminate,3,12,6,0.103776,0.985965
20260623_203232_300106,python_execute,2,terminate,3,12,7,0.111075,0.985609
20260623_203232_300106,python_execute,2,terminate,3,13,0,0.140853,0.994802
20260623_203232_300106,python_execute,2,terminate,3,13,1,0.145839,0.990476
20260623_203232_300106,python_execute,2,terminate,3,13,2,0.166996,0.993153
20260623_203232_300106,python_execute,2,terminate,3,13,3,0.177301,0.986570
20260623_203232_300106,python_execute,2,terminate,3,13,4,0.125154,0.983092
20260623_203232_300106,python_execute,2,terminate,3,13,5,0.121984,0.975456
20260623_203232_300106,python_execute,2,terminate,3,13,6,0.208969,0.992561
20260623_203232_300106,python_execute,2,terminate,3,13,7,0.118111,0.990559
20260623_203232_300106,python_execute,2,terminate,3,14,0,0.124908,0.979222
20260623_203232_300106,python_execute,2,terminate,3,14,1,0.102528,0.980419
20260623_203232_300106,python_execute,2,terminate,3,14,2,0.093332,0.996859
20260623_203232_300106,python_execute,2,terminate,3,14,3,0.134578,0.993825
20260623_203232_300106,python_execute,2,terminate,3,14,4,0.235877,0.995194
20260623_203232_300106,python_execute,2,terminate,3,14,5,0.146614,0.991450
20260623_203232_300106,python_execute,2,terminate,3,14,6,0.204004,0.990349
20260623_203232_300106,python_execute,2,terminate,3,14,7,0.114837,0.993084
20260623_203232_300106,python_execute,2,terminate,3,15,0,0.181684,0.991218
20260623_203232_300106,python_execute,2,terminate,3,15,1,0.161599,0.992833
20260623_203232_300106,python_execute,2,terminate,3,15,2,0.116843,0.993972
20260623_203232_300106,python_execute,2,terminate,3,15,3,0.158778,0.988300
20260623_203232_300106,python_execute,2,terminate,3,15,4,0.179636,0.993935
20260623_203232_300106,python_execute,2,terminate,3,15,5,0.201757,0.990584
20260623_203232_300106,python_execute,2,terminate,3,15,6,0.134061,0.993885
20260623_203232_300106,python_execute,2,terminate,3,15,7,0.119465,0.995076
20260623_203232_300106,python_execute,2,terminate,3,16,0,0.145940,0.992416
20260623_203232_300106,python_execute,2,terminate,3,16,1,0.274108,0.985026
20260623_203232_300106,python_execute,2,terminate,3,16,2,0.178273,0.989451
20260623_203232_300106,python_execute,2,terminate,3,16,3,0.144652,0.987736
20260623_203232_300106,python_execute,2,terminate,3,16,4,0.191323,0.990521
20260623_203232_300106,python_execute,2,terminate,3,16,5,0.217045,0.985508
20260623_203232_300106,python_execute,2,terminate,3,16,6,0.175597,0.989473
20260623_203232_300106,python_execute,2,terminate,3,16,7,0.223063,0.991288
20260623_203232_300106,python_execute,2,terminate,3,17,0,0.282840,0.983532
20260623_203232_300106,python_execute,2,terminate,3,17,1,0.162788,0.991394
20260623_203232_300106,python_execute,2,terminate,3,17,2,0.186954,0.987247
20260623_203232_300106,python_execute,2,terminate,3,17,3,0.259907,0.989524
20260623_203232_300106,python_execute,2,terminate,3,17,4,0.166798,0.990083
20260623_203232_300106,python_execute,2,terminate,3,17,5,0.212930,0.987838
20260623_203232_300106,python_execute,2,terminate,3,17,6,0.241093,0.987382
20260623_203232_300106,python_execute,2,terminate,3,17,7,0.180182,0.991291
20260623_203232_300106,python_execute,2,terminate,3,18,0,0.432676,0.983771
20260623_203232_300106,python_execute,2,terminate,3,18,1,0.156284,0.988195
20260623_203232_300106,python_execute,2,terminate,3,18,2,0.228721,0.991247
20260623_203232_300106,python_execute,2,terminate,3,18,3,0.285702,0.989056
20260623_203232_300106,python_execute,2,terminate,3,18,4,0.149651,0.992866
20260623_203232_300106,python_execute,2,terminate,3,18,5,0.228959,0.990005
20260623_203232_300106,python_execute,2,terminate,3,18,6,0.166035,0.990401
20260623_203232_300106,python_execute,2,terminate,3,18,7,0.229746,0.988054
20260623_203232_300106,python_execute,2,terminate,3,19,0,0.172898,0.991597
20260623_203232_300106,python_execute,2,terminate,3,19,1,0.230094,0.994196
20260623_203232_300106,python_execute,2,terminate,3,19,2,0.188859,0.980491
20260623_203232_300106,python_execute,2,terminate,3,19,3,0.223673,0.991057
20260623_203232_300106,python_execute,2,terminate,3,19,4,0.311103,0.988060
20260623_203232_300106,python_execute,2,terminate,3,19,5,0.281718,0.988701
20260623_203232_300106,python_execute,2,terminate,3,19,6,0.175120,0.987808
20260623_203232_300106,python_execute,2,terminate,3,19,7,0.325144,0.985425
20260623_203232_300106,python_execute,2,terminate,3,20,0,0.314724,0.988490
20260623_203232_300106,python_execute,2,terminate,3,20,1,0.238919,0.991257
20260623_203232_300106,python_execute,2,terminate,3,20,2,0.411677,0.976241
20260623_203232_300106,python_execute,2,terminate,3,20,3,0.289372,0.986019
20260623_203232_300106,python_execute,2,terminate,3,20,4,0.321055,0.984867
20260623_203232_300106,python_execute,2,terminate,3,20,5,0.300262,0.981152
20260623_203232_300106,python_execute,2,terminate,3,20,6,0.278849,0.995473
20260623_203232_300106,python_execute,2,terminate,3,20,7,0.331454,0.987473
20260623_203232_300106,python_execute,2,terminate,3,21,0,0.459616,0.986516
20260623_203232_300106,python_execute,2,terminate,3,21,1,0.514436,0.989908
20260623_203232_300106,python_execute,2,terminate,3,21,2,0.454892,0.985121
20260623_203232_300106,python_execute,2,terminate,3,21,3,0.263741,0.979531
20260623_203232_300106,python_execute,2,terminate,3,21,4,0.234113,0.988635
20260623_203232_300106,python_execute,2,terminate,3,21,5,0.514422,0.983681
20260623_203232_300106,python_execute,2,terminate,3,21,6,0.308926,0.974809
20260623_203232_300106,python_execute,2,terminate,3,21,7,0.314062,0.972192
20260623_203232_300106,python_execute,2,terminate,3,22,0,0.335712,0.980805
20260623_203232_300106,python_execute,2,terminate,3,22,1,0.204240,0.983709
20260623_203232_300106,python_execute,2,terminate,3,22,2,0.297224,0.988182
20260623_203232_300106,python_execute,2,terminate,3,22,3,0.434033,0.984820
20260623_203232_300106,python_execute,2,terminate,3,22,4,0.466279,0.978313
20260623_203232_300106,python_execute,2,terminate,3,22,5,0.437827,0.976444
20260623_203232_300106,python_execute,2,terminate,3,22,6,0.272945,0.984966
20260623_203232_300106,python_execute,2,terminate,3,22,7,0.572960,0.980654
20260623_203232_300106,python_execute,2,terminate,3,23,0,0.437192,0.976080
20260623_203232_300106,python_execute,2,terminate,3,23,1,0.481969,0.983448
20260623_203232_300106,python_execute,2,terminate,3,23,2,0.353792,0.984834
20260623_203232_300106,python_execute,2,terminate,3,23,3,0.255844,0.990609
20260623_203232_300106,python_execute,2,terminate,3,23,4,0.296486,0.986037
20260623_203232_300106,python_execute,2,terminate,3,23,5,0.322988,0.985733
20260623_203232_300106,python_execute,2,terminate,3,23,6,0.342717,0.988996
20260623_203232_300106,python_execute,2,terminate,3,23,7,0.383436,0.978470
20260623_203232_300106,python_execute,2,terminate,3,24,0,0.631323,0.983985
20260623_203232_300106,python_execute,2,terminate,3,24,1,0.431181,0.988430
20260623_203232_300106,python_execute,2,terminate,3,24,2,0.322046,0.991882
20260623_203232_300106,python_execute,2,terminate,3,24,3,0.457364,0.976868
20260623_203232_300106,python_execute,2,terminate,3,24,4,0.438847,0.986410
20260623_203232_300106,python_execute,2,terminate,3,24,5,0.498915,0.962834
20260623_203232_300106,python_execute,2,terminate,3,24,6,0.383299,0.986719
20260623_203232_300106,python_execute,2,terminate,3,24,7,0.494574,0.975108
20260623_203232_300106,python_execute,2,terminate,3,25,0,0.304177,0.984168
20260623_203232_300106,python_execute,2,terminate,3,25,1,0.554276,0.982606
20260623_203232_300106,python_execute,2,terminate,3,25,2,0.506836,0.985154
20260623_203232_300106,python_execute,2,terminate,3,25,3,0.392968,0.972086
20260623_203232_300106,python_execute,2,terminate,3,25,4,0.796538,0.969683
20260623_203232_300106,python_execute,2,terminate,3,25,5,0.499155,0.978664
20260623_203232_300106,python_execute,2,terminate,3,25,6,0.490138,0.976415
20260623_203232_300106,python_execute,2,terminate,3,25,7,0.390566,0.985144
20260623_203232_300106,python_execute,2,terminate,3,26,0,0.527448,0.977532
20260623_203232_300106,python_execute,2,terminate,3,26,1,0.493998,0.990585
20260623_203232_300106,python_execute,2,terminate,3,26,2,0.356371,0.990375
20260623_203232_300106,python_execute,2,terminate,3,26,3,0.535852,0.983088
20260623_203232_300106,python_execute,2,terminate,3,26,4,0.415970,0.989741
20260623_203232_300106,python_execute,2,terminate,3,26,5,0.340237,0.981917
20260623_203232_300106,python_execute,2,terminate,3,26,6,0.458155,0.991764
20260623_203232_300106,python_execute,2,terminate,3,26,7,0.480913,0.984375
20260623_203232_300106,python_execute,2,terminate,3,27,0,0.725415,0.985654
20260623_203232_300106,python_execute,2,terminate,3,27,1,0.704921,0.986598
20260623_203232_300106,python_execute,2,terminate,3,27,2,0.871251,0.973238
20260623_203232_300106,python_execute,2,terminate,3,27,3,0.413941,0.990085
20260623_203232_300106,python_execute,2,terminate,3,27,4,0.711165,0.971141
20260623_203232_300106,python_execute,2,terminate,3,27,5,0.436718,0.980902
20260623_203232_300106,python_execute,2,terminate,3,27,6,0.398073,0.992275
20260623_203232_300106,python_execute,2,terminate,3,27,7,0.606660,0.989895
20260623_203232_300106,python_execute,2,terminate,3,28,0,0.519095,0.986560
20260623_203232_300106,python_execute,2,terminate,3,28,1,0.597125,0.978017
20260623_203232_300106,python_execute,2,terminate,3,28,2,0.442463,0.988037
20260623_203232_300106,python_execute,2,terminate,3,28,3,0.476615,0.979570
20260623_203232_300106,python_execute,2,terminate,3,28,4,0.597236,0.987351
20260623_203232_300106,python_execute,2,terminate,3,28,5,0.903554,0.978328
20260623_203232_300106,python_execute,2,terminate,3,28,6,0.498186,0.991222
20260623_203232_300106,python_execute,2,terminate,3,28,7,0.489098,0.980953
20260623_203232_300106,python_execute,2,terminate,3,29,0,0.629802,0.981650
20260623_203232_300106,python_execute,2,terminate,3,29,1,0.647408,0.984893
20260623_203232_300106,python_execute,2,terminate,3,29,2,0.540162,0.976111
20260623_203232_300106,python_execute,2,terminate,3,29,3,0.916017,0.993086
20260623_203232_300106,python_execute,2,terminate,3,29,4,0.740399,0.988910
20260623_203232_300106,python_execute,2,terminate,3,29,5,0.917868,0.981577
20260623_203232_300106,python_execute,2,terminate,3,29,6,0.696626,0.980921
20260623_203232_300106,python_execute,2,terminate,3,29,7,0.997859,0.992494
20260623_203232_300106,python_execute,2,terminate,3,30,0,0.524757,0.988889
20260623_203232_300106,python_execute,2,terminate,3,30,1,0.749001,0.988898
20260623_203232_300106,python_execute,2,terminate,3,30,2,0.689113,0.986553
20260623_203232_300106,python_execute,2,terminate,3,30,3,1.243681,0.988043
20260623_203232_300106,python_execute,2,terminate,3,30,4,1.038772,0.988133
20260623_203232_300106,python_execute,2,terminate,3,30,5,0.638940,0.985717
20260623_203232_300106,python_execute,2,terminate,3,30,6,0.885299,0.974768
20260623_203232_300106,python_execute,2,terminate,3,30,7,1.191851,0.990887
20260623_203232_300106,python_execute,2,terminate,3,31,0,0.880851,0.987427
20260623_203232_300106,python_execute,2,terminate,3,31,1,0.902507,0.991366
20260623_203232_300106,python_execute,2,terminate,3,31,2,0.752373,0.985369
20260623_203232_300106,python_execute,2,terminate,3,31,3,0.982094,0.986533
20260623_203232_300106,python_execute,2,terminate,3,31,4,0.898987,0.990714
20260623_203232_300106,python_execute,2,terminate,3,31,5,0.835150,0.975031
20260623_203232_300106,python_execute,2,terminate,3,31,6,1.321923,0.986487
20260623_203232_300106,python_execute,2,terminate,3,31,7,1.431371,0.961194
20260623_203232_300106,python_execute,2,terminate,3,32,0,1.105079,0.988500
20260623_203232_300106,python_execute,2,terminate,3,32,1,0.844503,0.980721
20260623_203232_300106,python_execute,2,terminate,3,32,2,0.776497,0.984507
20260623_203232_300106,python_execute,2,terminate,3,32,3,0.911900,0.991352
20260623_203232_300106,python_execute,2,terminate,3,32,4,1.461174,0.995600
20260623_203232_300106,python_execute,2,terminate,3,32,5,0.915205,0.987439
20260623_203232_300106,python_execute,2,terminate,3,32,6,1.103551,0.993155
20260623_203232_300106,python_execute,2,terminate,3,32,7,1.545025,0.988734
20260623_203232_300106,python_execute,2,terminate,3,33,0,1.092613,0.986338
20260623_203232_300106,python_execute,2,terminate,3,33,1,0.778187,0.990744
20260623_203232_300106,python_execute,2,terminate,3,33,2,1.018793,0.990383
20260623_203232_300106,python_execute,2,terminate,3,33,3,1.289432,0.982995
20260623_203232_300106,python_execute,2,terminate,3,33,4,1.381379,0.971417
20260623_203232_300106,python_execute,2,terminate,3,33,5,1.104218,0.990792
20260623_203232_300106,python_execute,2,terminate,3,33,6,0.948034,0.987062
20260623_203232_300106,python_execute,2,terminate,3,33,7,1.614654,0.975110
20260623_203232_300106,python_execute,2,terminate,3,34,0,2.037630,0.989382
20260623_203232_300106,python_execute,2,terminate,3,34,1,0.941088,0.989543
20260623_203232_300106,python_execute,2,terminate,3,34,2,1.043668,0.993299
20260623_203232_300106,python_execute,2,terminate,3,34,3,1.054975,0.994325
20260623_203232_300106,python_execute,2,terminate,3,34,4,1.603142,0.987660
20260623_203232_300106,python_execute,2,terminate,3,34,5,1.224962,0.987122
20260623_203232_300106,python_execute,2,terminate,3,34,6,1.035003,0.991433
20260623_203232_300106,python_execute,2,terminate,3,34,7,1.064375,0.991202
20260623_203232_300106,python_execute,2,terminate,3,35,0,1.329262,0.992647
20260623_203232_300106,python_execute,2,terminate,3,35,1,1.318776,0.986037
20260623_203232_300106,python_execute,2,terminate,3,35,2,1.454159,0.987900
20260623_203232_300106,python_execute,2,terminate,3,35,3,1.127051,0.990157
20260623_203232_300106,python_execute,2,terminate,3,35,4,1.163510,0.995433
20260623_203232_300106,python_execute,2,terminate,3,35,5,1.809681,0.986946
20260623_203232_300106,python_execute,2,terminate,3,35,6,1.327875,0.992811
20260623_203232_300106,python_execute,2,terminate,3,35,7,1.450301,0.990805
20260623_203232_300106,python_execute,2,terminate,3,36,0,2.052093,0.983236
20260623_203232_300106,python_execute,2,terminate,3,36,1,2.635074,0.995657
20260623_203232_300106,python_execute,2,terminate,3,36,2,1.890066,0.980648
20260623_203232_300106,python_execute,2,terminate,3,36,3,1.747746,0.986246
20260623_203232_300106,python_execute,2,terminate,3,36,4,1.925850,0.984845
20260623_203232_300106,python_execute,2,terminate,3,36,5,1.159195,0.993413
20260623_203232_300106,python_execute,2,terminate,3,36,6,2.271546,0.987722
20260623_203232_300106,python_execute,2,terminate,3,36,7,1.488112,0.991820
20260623_203232_300106,python_execute,2,terminate,3,37,0,1.571305,0.988749
20260623_203232_300106,python_execute,2,terminate,3,37,1,2.562546,0.972266
20260623_203232_300106,python_execute,2,terminate,3,37,2,2.815198,0.981138
20260623_203232_300106,python_execute,2,terminate,3,37,3,1.769033,0.986700
20260623_203232_300106,python_execute,2,terminate,3,37,4,3.359521,0.985195
20260623_203232_300106,python_execute,2,terminate,3,37,5,1.684149,0.992267
20260623_203232_300106,python_execute,2,terminate,3,37,6,2.905901,0.982725
20260623_203232_300106,python_execute,2,terminate,3,37,7,3.492351,0.994896
20260623_203232_300106,python_execute,2,terminate,3,38,0,3.658390,0.995422
20260623_203232_300106,python_execute,2,terminate,3,38,1,1.736046,0.988451
20260623_203232_300106,python_execute,2,terminate,3,38,2,2.032729,0.979281
20260623_203232_300106,python_execute,2,terminate,3,38,3,2.092763,0.985369
20260623_203232_300106,python_execute,2,terminate,3,38,4,1.808205,0.987010
20260623_203232_300106,python_execute,2,terminate,3,38,5,1.797854,0.985344
20260623_203232_300106,python_execute,2,terminate,3,38,6,2.385746,0.996707
20260623_203232_300106,python_execute,2,terminate,3,38,7,1.925146,0.990215
20260623_203232_300106,python_execute,2,terminate,3,39,0,1.900700,0.985635
20260623_203232_300106,python_execute,2,terminate,3,39,1,1.874120,0.973028
20260623_203232_300106,python_execute,2,terminate,3,39,2,2.725325,0.992261
20260623_203232_300106,python_execute,2,terminate,3,39,3,1.572579,0.988289
20260623_203232_300106,python_execute,2,terminate,3,39,4,1.979817,0.982167
20260623_203232_300106,python_execute,2,terminate,3,39,5,3.204712,0.995062
20260623_203232_300106,python_execute,2,terminate,3,39,6,1.762328,0.971581
20260623_203232_300106,python_execute,2,terminate,3,39,7,2.913403,0.994811
