run_id,tool_a,call_a,tool_b,call_b,layer,head,l2,cosine,input_tokens_a,input_tokens_b,overlap_tokens,overlap_pct_a,overlap_pct_b
20260630_204857_394528,,0,terminate,1,0,0,0.163199,0.339455,1900,2531,1900,100.00,75.07
20260630_204857_394528,,0,terminate,1,0,1,0.243398,0.443810,1900,2531,1900,100.00,75.07
20260630_204857_394528,,0,terminate,1,0,2,0.208246,0.675059,1900,2531,1900,100.00,75.07
20260630_204857_394528,,0,terminate,1,0,3,0.313887,0.210001,1900,2531,1900,100.00,75.07
20260630_204857_394528,,0,terminate,1,0,4,0.261470,0.744193,1900,2531,1900,100.00,75.07
20260630_204857_394528,,0,terminate,1,0,5,0.224737,0.251797,1900,2531,1900,100.00,75.07
20260630_204857_394528,,0,terminate,1,0,6,0.207345,0.456319,1900,2531,1900,100.00,75.07
20260630_204857_394528,,0,terminate,1,0,7,0.200113,0.686910,1900,2531,1900,100.00,75.07
20260630_204857_394528,,0,terminate,1,1,0,0.330171,0.332641,1900,2531,1900,100.00,75.07
20260630_204857_394528,,0,terminate,1,1,1,0.179393,0.218168,1900,2531,1900,100.00,75.07
20260630_204857_394528,,0,terminate,1,1,2,0.292025,-0.084387,1900,2531,1900,100.00,75.07
20260630_204857_394528,,0,terminate,1,1,3,0.342424,0.203647,1900,2531,1900,100.00,75.07
20260630_204857_394528,,0,terminate,1,1,4,0.285719,0.132368,1900,2531,1900,100.00,75.07
20260630_204857_394528,,0,terminate,1,1,5,0.228937,0.290180,1900,2531,1900,100.00,75.07
20260630_204857_394528,,0,terminate,1,1,6,0.230153,0.271776,1900,2531,1900,100.00,75.07
20260630_204857_394528,,0,terminate,1,1,7,0.306595,0.810645,1900,2531,1900,100.00,75.07
20260630_204857_394528,,0,terminate,1,2,0,0.536864,-0.102349,1900,2531,1900,100.00,75.07
20260630_204857_394528,,0,terminate,1,2,1,0.447820,-0.088424,1900,2531,1900,100.00,75.07
20260630_204857_394528,,0,terminate,1,2,2,0.286345,-0.010756,1900,2531,1900,100.00,75.07
20260630_204857_394528,,0,terminate,1,2,3,0.270595,0.273368,1900,2531,1900,100.00,75.07
20260630_204857_394528,,0,terminate,1,2,4,0.291188,0.455361,1900,2531,1900,100.00,75.07
20260630_204857_394528,,0,terminate,1,2,5,0.314607,0.102208,1900,2531,1900,100.00,75.07
20260630_204857_394528,,0,terminate,1,2,6,0.345827,0.036012,1900,2531,1900,100.00,75.07
20260630_204857_394528,,0,terminate,1,2,7,0.531124,0.017141,1900,2531,1900,100.00,75.07
20260630_204857_394528,,0,terminate,1,3,0,0.604572,-0.176668,1900,2531,1900,100.00,75.07
20260630_204857_394528,,0,terminate,1,3,1,0.336870,0.476758,1900,2531,1900,100.00,75.07
20260630_204857_394528,,0,terminate,1,3,2,0.532630,-0.024760,1900,2531,1900,100.00,75.07
20260630_204857_394528,,0,terminate,1,3,3,0.442892,-0.053961,1900,2531,1900,100.00,75.07
20260630_204857_394528,,0,terminate,1,3,4,0.503014,-0.116897,1900,2531,1900,100.00,75.07
20260630_204857_394528,,0,terminate,1,3,5,0.430624,-0.033754,1900,2531,1900,100.00,75.07
20260630_204857_394528,,0,terminate,1,3,6,0.356461,0.174982,1900,2531,1900,100.00,75.07
20260630_204857_394528,,0,terminate,1,3,7,0.594336,0.054015,1900,2531,1900,100.00,75.07
20260630_204857_394528,,0,terminate,1,4,0,0.554161,-0.170874,1900,2531,1900,100.00,75.07
20260630_204857_394528,,0,terminate,1,4,1,0.458671,0.030388,1900,2531,1900,100.00,75.07
20260630_204857_394528,,0,terminate,1,4,2,0.472169,0.682467,1900,2531,1900,100.00,75.07
20260630_204857_394528,,0,terminate,1,4,3,0.510796,-0.014945,1900,2531,1900,100.00,75.07
20260630_204857_394528,,0,terminate,1,4,4,0.551207,0.184587,1900,2531,1900,100.00,75.07
20260630_204857_394528,,0,terminate,1,4,5,0.467340,-0.027267,1900,2531,1900,100.00,75.07
20260630_204857_394528,,0,terminate,1,4,6,0.551322,0.220522,1900,2531,1900,100.00,75.07
20260630_204857_394528,,0,terminate,1,4,7,0.413728,0.196707,1900,2531,1900,100.00,75.07
20260630_204857_394528,,0,terminate,1,5,0,0.637821,0.565066,1900,2531,1900,100.00,75.07
20260630_204857_394528,,0,terminate,1,5,1,0.587217,0.026423,1900,2531,1900,100.00,75.07
20260630_204857_394528,,0,terminate,1,5,2,0.430682,0.261794,1900,2531,1900,100.00,75.07
20260630_204857_394528,,0,terminate,1,5,3,0.657673,0.626733,1900,2531,1900,100.00,75.07
20260630_204857_394528,,0,terminate,1,5,4,0.443792,0.672090,1900,2531,1900,100.00,75.07
20260630_204857_394528,,0,terminate,1,5,5,0.443328,0.176280,1900,2531,1900,100.00,75.07
20260630_204857_394528,,0,terminate,1,5,6,0.787947,-0.204602,1900,2531,1900,100.00,75.07
20260630_204857_394528,,0,terminate,1,5,7,0.477059,0.319590,1900,2531,1900,100.00,75.07
20260630_204857_394528,,0,terminate,1,6,0,0.816912,-0.075826,1900,2531,1900,100.00,75.07
20260630_204857_394528,,0,terminate,1,6,1,0.527241,0.367704,1900,2531,1900,100.00,75.07
20260630_204857_394528,,0,terminate,1,6,2,0.663062,0.068971,1900,2531,1900,100.00,75.07
20260630_204857_394528,,0,terminate,1,6,3,0.472642,0.141012,1900,2531,1900,100.00,75.07
20260630_204857_394528,,0,terminate,1,6,4,0.595353,0.084379,1900,2531,1900,100.00,75.07
20260630_204857_394528,,0,terminate,1,6,5,0.717091,0.292491,1900,2531,1900,100.00,75.07
20260630_204857_394528,,0,terminate,1,6,6,0.700094,0.017498,1900,2531,1900,100.00,75.07
20260630_204857_394528,,0,terminate,1,6,7,0.556377,0.312146,1900,2531,1900,100.00,75.07
20260630_204857_394528,,0,terminate,1,7,0,1.407950,0.327182,1900,2531,1900,100.00,75.07
20260630_204857_394528,,0,terminate,1,7,1,1.262566,0.154739,1900,2531,1900,100.00,75.07
20260630_204857_394528,,0,terminate,1,7,2,1.103804,0.569462,1900,2531,1900,100.00,75.07
20260630_204857_394528,,0,terminate,1,7,3,0.938736,0.242692,1900,2531,1900,100.00,75.07
20260630_204857_394528,,0,terminate,1,7,4,1.346842,0.213713,1900,2531,1900,100.00,75.07
20260630_204857_394528,,0,terminate,1,7,5,0.977541,0.164800,1900,2531,1900,100.00,75.07
20260630_204857_394528,,0,terminate,1,7,6,1.364015,0.247071,1900,2531,1900,100.00,75.07
20260630_204857_394528,,0,terminate,1,7,7,1.528311,0.505007,1900,2531,1900,100.00,75.07
20260630_204857_394528,,0,terminate,1,8,0,1.070594,0.247827,1900,2531,1900,100.00,75.07
20260630_204857_394528,,0,terminate,1,8,1,1.303073,0.224757,1900,2531,1900,100.00,75.07
20260630_204857_394528,,0,terminate,1,8,2,1.061680,0.416139,1900,2531,1900,100.00,75.07
20260630_204857_394528,,0,terminate,1,8,3,1.094771,0.382846,1900,2531,1900,100.00,75.07
20260630_204857_394528,,0,terminate,1,8,4,1.290000,0.215328,1900,2531,1900,100.00,75.07
20260630_204857_394528,,0,terminate,1,8,5,0.823125,0.464498,1900,2531,1900,100.00,75.07
20260630_204857_394528,,0,terminate,1,8,6,1.098541,0.118138,1900,2531,1900,100.00,75.07
20260630_204857_394528,,0,terminate,1,8,7,0.986692,0.453003,1900,2531,1900,100.00,75.07
20260630_204857_394528,,0,terminate,1,9,0,1.157098,0.318301,1900,2531,1900,100.00,75.07
20260630_204857_394528,,0,terminate,1,9,1,0.850118,0.407864,1900,2531,1900,100.00,75.07
20260630_204857_394528,,0,terminate,1,9,2,0.989876,0.103915,1900,2531,1900,100.00,75.07
20260630_204857_394528,,0,terminate,1,9,3,0.789745,0.382430,1900,2531,1900,100.00,75.07
20260630_204857_394528,,0,terminate,1,9,4,0.959757,0.272735,1900,2531,1900,100.00,75.07
20260630_204857_394528,,0,terminate,1,9,5,0.793448,0.296488,1900,2531,1900,100.00,75.07
20260630_204857_394528,,0,terminate,1,9,6,0.861151,0.221816,1900,2531,1900,100.00,75.07
20260630_204857_394528,,0,terminate,1,9,7,0.688311,0.491609,1900,2531,1900,100.00,75.07
20260630_204857_394528,,0,terminate,1,10,0,1.140423,0.475795,1900,2531,1900,100.00,75.07
20260630_204857_394528,,0,terminate,1,10,1,1.051565,0.020853,1900,2531,1900,100.00,75.07
20260630_204857_394528,,0,terminate,1,10,2,0.936878,0.429005,1900,2531,1900,100.00,75.07
20260630_204857_394528,,0,terminate,1,10,3,0.805092,0.148717,1900,2531,1900,100.00,75.07
20260630_204857_394528,,0,terminate,1,10,4,1.138821,0.289636,1900,2531,1900,100.00,75.07
20260630_204857_394528,,0,terminate,1,10,5,0.924453,0.521069,1900,2531,1900,100.00,75.07
20260630_204857_394528,,0,terminate,1,10,6,0.984806,0.171037,1900,2531,1900,100.00,75.07
20260630_204857_394528,,0,terminate,1,10,7,1.252547,0.105494,1900,2531,1900,100.00,75.07
20260630_204857_394528,,0,terminate,1,11,0,1.045476,0.229372,1900,2531,1900,100.00,75.07
20260630_204857_394528,,0,terminate,1,11,1,1.106561,0.284920,1900,2531,1900,100.00,75.07
20260630_204857_394528,,0,terminate,1,11,2,0.971322,0.249254,1900,2531,1900,100.00,75.07
20260630_204857_394528,,0,terminate,1,11,3,1.064227,0.266742,1900,2531,1900,100.00,75.07
20260630_204857_394528,,0,terminate,1,11,4,1.652615,0.184499,1900,2531,1900,100.00,75.07
20260630_204857_394528,,0,terminate,1,11,5,0.867170,0.315082,1900,2531,1900,100.00,75.07
20260630_204857_394528,,0,terminate,1,11,6,1.350295,0.391745,1900,2531,1900,100.00,75.07
20260630_204857_394528,,0,terminate,1,11,7,1.059628,0.153715,1900,2531,1900,100.00,75.07
20260630_204857_394528,,0,terminate,1,12,0,1.043894,0.304773,1900,2531,1900,100.00,75.07
20260630_204857_394528,,0,terminate,1,12,1,1.447429,0.174633,1900,2531,1900,100.00,75.07
20260630_204857_394528,,0,terminate,1,12,2,1.246329,0.625583,1900,2531,1900,100.00,75.07
20260630_204857_394528,,0,terminate,1,12,3,1.210812,0.186866,1900,2531,1900,100.00,75.07
20260630_204857_394528,,0,terminate,1,12,4,1.065015,0.314508,1900,2531,1900,100.00,75.07
20260630_204857_394528,,0,terminate,1,12,5,1.461894,-0.037750,1900,2531,1900,100.00,75.07
20260630_204857_394528,,0,terminate,1,12,6,1.105456,0.290085,1900,2531,1900,100.00,75.07
20260630_204857_394528,,0,terminate,1,12,7,1.268566,0.055731,1900,2531,1900,100.00,75.07
20260630_204857_394528,,0,terminate,1,13,0,1.821271,-0.138729,1900,2531,1900,100.00,75.07
20260630_204857_394528,,0,terminate,1,13,1,1.257901,0.401653,1900,2531,1900,100.00,75.07
20260630_204857_394528,,0,terminate,1,13,2,1.945939,0.387631,1900,2531,1900,100.00,75.07
20260630_204857_394528,,0,terminate,1,13,3,1.914129,0.260296,1900,2531,1900,100.00,75.07
20260630_204857_394528,,0,terminate,1,13,4,1.122932,0.252163,1900,2531,1900,100.00,75.07
20260630_204857_394528,,0,terminate,1,13,5,1.139665,0.167314,1900,2531,1900,100.00,75.07
20260630_204857_394528,,0,terminate,1,13,6,1.867049,0.281328,1900,2531,1900,100.00,75.07
20260630_204857_394528,,0,terminate,1,13,7,1.355862,0.233331,1900,2531,1900,100.00,75.07
20260630_204857_394528,,0,terminate,1,14,0,1.100824,0.245268,1900,2531,1900,100.00,75.07
20260630_204857_394528,,0,terminate,1,14,1,1.022752,0.364701,1900,2531,1900,100.00,75.07
20260630_204857_394528,,0,terminate,1,14,2,1.038449,0.122265,1900,2531,1900,100.00,75.07
20260630_204857_394528,,0,terminate,1,14,3,1.321411,-0.045255,1900,2531,1900,100.00,75.07
20260630_204857_394528,,0,terminate,1,14,4,1.471452,0.421853,1900,2531,1900,100.00,75.07
20260630_204857_394528,,0,terminate,1,14,5,1.177239,0.168579,1900,2531,1900,100.00,75.07
20260630_204857_394528,,0,terminate,1,14,6,1.688924,0.291935,1900,2531,1900,100.00,75.07
20260630_204857_394528,,0,terminate,1,14,7,0.988876,0.209094,1900,2531,1900,100.00,75.07
20260630_204857_394528,,0,terminate,1,15,0,1.331821,0.328354,1900,2531,1900,100.00,75.07
20260630_204857_394528,,0,terminate,1,15,1,1.371395,0.276208,1900,2531,1900,100.00,75.07
20260630_204857_394528,,0,terminate,1,15,2,1.088647,0.125257,1900,2531,1900,100.00,75.07
20260630_204857_394528,,0,terminate,1,15,3,1.119407,0.146768,1900,2531,1900,100.00,75.07
20260630_204857_394528,,0,terminate,1,15,4,1.519054,0.279463,1900,2531,1900,100.00,75.07
20260630_204857_394528,,0,terminate,1,15,5,1.679983,0.080422,1900,2531,1900,100.00,75.07
20260630_204857_394528,,0,terminate,1,15,6,1.018816,0.359810,1900,2531,1900,100.00,75.07
20260630_204857_394528,,0,terminate,1,15,7,1.153515,0.343763,1900,2531,1900,100.00,75.07
20260630_204857_394528,,0,terminate,1,16,0,1.167236,0.008647,1900,2531,1900,100.00,75.07
20260630_204857_394528,,0,terminate,1,16,1,1.045114,0.173116,1900,2531,1900,100.00,75.07
20260630_204857_394528,,0,terminate,1,16,2,1.461283,0.200965,1900,2531,1900,100.00,75.07
20260630_204857_394528,,0,terminate,1,16,3,1.110012,0.109948,1900,2531,1900,100.00,75.07
20260630_204857_394528,,0,terminate,1,16,4,1.611132,0.231525,1900,2531,1900,100.00,75.07
20260630_204857_394528,,0,terminate,1,16,5,1.569182,0.139520,1900,2531,1900,100.00,75.07
20260630_204857_394528,,0,terminate,1,16,6,1.286169,0.480996,1900,2531,1900,100.00,75.07
20260630_204857_394528,,0,terminate,1,16,7,1.303572,0.272916,1900,2531,1900,100.00,75.07
20260630_204857_394528,,0,terminate,1,17,0,1.494143,0.177048,1900,2531,1900,100.00,75.07
20260630_204857_394528,,0,terminate,1,17,1,0.816580,0.510647,1900,2531,1900,100.00,75.07
20260630_204857_394528,,0,terminate,1,17,2,1.695217,0.086179,1900,2531,1900,100.00,75.07
20260630_204857_394528,,0,terminate,1,17,3,1.308335,0.154939,1900,2531,1900,100.00,75.07
20260630_204857_394528,,0,terminate,1,17,4,1.308262,0.160883,1900,2531,1900,100.00,75.07
20260630_204857_394528,,0,terminate,1,17,5,1.467147,0.137693,1900,2531,1900,100.00,75.07
20260630_204857_394528,,0,terminate,1,17,6,1.491320,0.278908,1900,2531,1900,100.00,75.07
20260630_204857_394528,,0,terminate,1,17,7,1.685748,0.030834,1900,2531,1900,100.00,75.07
20260630_204857_394528,,0,terminate,1,18,0,2.480829,-0.057356,1900,2531,1900,100.00,75.07
20260630_204857_394528,,0,terminate,1,18,1,1.267599,0.186709,1900,2531,1900,100.00,75.07
20260630_204857_394528,,0,terminate,1,18,2,1.805937,0.028853,1900,2531,1900,100.00,75.07
20260630_204857_394528,,0,terminate,1,18,3,1.892137,0.247892,1900,2531,1900,100.00,75.07
20260630_204857_394528,,0,terminate,1,18,4,1.394477,0.240273,1900,2531,1900,100.00,75.07
20260630_204857_394528,,0,terminate,1,18,5,1.829493,0.039569,1900,2531,1900,100.00,75.07
20260630_204857_394528,,0,terminate,1,18,6,1.359482,0.123143,1900,2531,1900,100.00,75.07
20260630_204857_394528,,0,terminate,1,18,7,1.455295,0.185844,1900,2531,1900,100.00,75.07
20260630_204857_394528,,0,terminate,1,19,0,1.611681,0.282563,1900,2531,1900,100.00,75.07
20260630_204857_394528,,0,terminate,1,19,1,1.372963,0.398224,1900,2531,1900,100.00,75.07
20260630_204857_394528,,0,terminate,1,19,2,1.484099,0.215796,1900,2531,1900,100.00,75.07
20260630_204857_394528,,0,terminate,1,19,3,1.722771,0.344728,1900,2531,1900,100.00,75.07
20260630_204857_394528,,0,terminate,1,19,4,1.964863,0.139818,1900,2531,1900,100.00,75.07
20260630_204857_394528,,0,terminate,1,19,5,1.701617,0.146919,1900,2531,1900,100.00,75.07
20260630_204857_394528,,0,terminate,1,19,6,1.791653,0.160297,1900,2531,1900,100.00,75.07
20260630_204857_394528,,0,terminate,1,19,7,1.756219,0.128259,1900,2531,1900,100.00,75.07
20260630_204857_394528,,0,terminate,1,20,0,1.798679,0.252935,1900,2531,1900,100.00,75.07
20260630_204857_394528,,0,terminate,1,20,1,2.082721,0.199445,1900,2531,1900,100.00,75.07
20260630_204857_394528,,0,terminate,1,20,2,2.480545,0.306129,1900,2531,1900,100.00,75.07
20260630_204857_394528,,0,terminate,1,20,3,2.702568,0.245469,1900,2531,1900,100.00,75.07
20260630_204857_394528,,0,terminate,1,20,4,2.024565,0.084473,1900,2531,1900,100.00,75.07
20260630_204857_394528,,0,terminate,1,20,5,1.764517,0.275504,1900,2531,1900,100.00,75.07
20260630_204857_394528,,0,terminate,1,20,6,1.780899,0.171512,1900,2531,1900,100.00,75.07
20260630_204857_394528,,0,terminate,1,20,7,2.580123,0.282916,1900,2531,1900,100.00,75.07
20260630_204857_394528,,0,terminate,1,21,0,2.521655,0.320727,1900,2531,1900,100.00,75.07
20260630_204857_394528,,0,terminate,1,21,1,3.186290,0.267361,1900,2531,1900,100.00,75.07
20260630_204857_394528,,0,terminate,1,21,2,2.514218,0.279567,1900,2531,1900,100.00,75.07
20260630_204857_394528,,0,terminate,1,21,3,2.136538,0.342301,1900,2531,1900,100.00,75.07
20260630_204857_394528,,0,terminate,1,21,4,2.201523,0.245046,1900,2531,1900,100.00,75.07
20260630_204857_394528,,0,terminate,1,21,5,2.050958,0.126068,1900,2531,1900,100.00,75.07
20260630_204857_394528,,0,terminate,1,21,6,2.021037,0.223682,1900,2531,1900,100.00,75.07
20260630_204857_394528,,0,terminate,1,21,7,1.915779,0.247103,1900,2531,1900,100.00,75.07
20260630_204857_394528,,0,terminate,1,22,0,1.915168,0.249743,1900,2531,1900,100.00,75.07
20260630_204857_394528,,0,terminate,1,22,1,2.114232,0.307149,1900,2531,1900,100.00,75.07
20260630_204857_394528,,0,terminate,1,22,2,2.445553,0.139089,1900,2531,1900,100.00,75.07
20260630_204857_394528,,0,terminate,1,22,3,2.446173,0.459696,1900,2531,1900,100.00,75.07
20260630_204857_394528,,0,terminate,1,22,4,2.044484,0.348747,1900,2531,1900,100.00,75.07
20260630_204857_394528,,0,terminate,1,22,5,2.182802,0.270838,1900,2531,1900,100.00,75.07
20260630_204857_394528,,0,terminate,1,22,6,2.377770,0.039303,1900,2531,1900,100.00,75.07
20260630_204857_394528,,0,terminate,1,22,7,2.656560,0.158268,1900,2531,1900,100.00,75.07
20260630_204857_394528,,0,terminate,1,23,0,2.253932,0.161970,1900,2531,1900,100.00,75.07
20260630_204857_394528,,0,terminate,1,23,1,2.729338,0.200063,1900,2531,1900,100.00,75.07
20260630_204857_394528,,0,terminate,1,23,2,2.453346,0.136373,1900,2531,1900,100.00,75.07
20260630_204857_394528,,0,terminate,1,23,3,2.375601,0.174454,1900,2531,1900,100.00,75.07
20260630_204857_394528,,0,terminate,1,23,4,1.819865,0.273869,1900,2531,1900,100.00,75.07
20260630_204857_394528,,0,terminate,1,23,5,2.437300,0.186086,1900,2531,1900,100.00,75.07
20260630_204857_394528,,0,terminate,1,23,6,2.624691,0.259304,1900,2531,1900,100.00,75.07
20260630_204857_394528,,0,terminate,1,23,7,2.556941,0.173166,1900,2531,1900,100.00,75.07
20260630_204857_394528,,0,terminate,1,24,0,2.865016,0.161592,1900,2531,1900,100.00,75.07
20260630_204857_394528,,0,terminate,1,24,1,2.533349,0.152623,1900,2531,1900,100.00,75.07
20260630_204857_394528,,0,terminate,1,24,2,2.884286,0.251050,1900,2531,1900,100.00,75.07
20260630_204857_394528,,0,terminate,1,24,3,2.409848,0.256872,1900,2531,1900,100.00,75.07
20260630_204857_394528,,0,terminate,1,24,4,2.180579,0.256692,1900,2531,1900,100.00,75.07
20260630_204857_394528,,0,terminate,1,24,5,1.721316,0.316828,1900,2531,1900,100.00,75.07
20260630_204857_394528,,0,terminate,1,24,6,2.878586,0.174833,1900,2531,1900,100.00,75.07
20260630_204857_394528,,0,terminate,1,24,7,2.480341,0.183913,1900,2531,1900,100.00,75.07
20260630_204857_394528,,0,terminate,1,25,0,1.849157,0.236782,1900,2531,1900,100.00,75.07
20260630_204857_394528,,0,terminate,1,25,1,2.978957,0.289564,1900,2531,1900,100.00,75.07
20260630_204857_394528,,0,terminate,1,25,2,3.070359,-0.026955,1900,2531,1900,100.00,75.07
20260630_204857_394528,,0,terminate,1,25,3,2.107198,0.374069,1900,2531,1900,100.00,75.07
20260630_204857_394528,,0,terminate,1,25,4,2.778377,0.090711,1900,2531,1900,100.00,75.07
20260630_204857_394528,,0,terminate,1,25,5,2.482595,0.392679,1900,2531,1900,100.00,75.07
20260630_204857_394528,,0,terminate,1,25,6,2.961414,0.214559,1900,2531,1900,100.00,75.07
20260630_204857_394528,,0,terminate,1,25,7,2.947519,0.276365,1900,2531,1900,100.00,75.07
20260630_204857_394528,,0,terminate,1,26,0,3.024512,0.048995,1900,2531,1900,100.00,75.07
20260630_204857_394528,,0,terminate,1,26,1,3.003058,0.043025,1900,2531,1900,100.00,75.07
20260630_204857_394528,,0,terminate,1,26,2,1.794626,0.396272,1900,2531,1900,100.00,75.07
20260630_204857_394528,,0,terminate,1,26,3,2.661090,0.319047,1900,2531,1900,100.00,75.07
20260630_204857_394528,,0,terminate,1,26,4,3.080041,0.267475,1900,2531,1900,100.00,75.07
20260630_204857_394528,,0,terminate,1,26,5,2.199038,0.190108,1900,2531,1900,100.00,75.07
20260630_204857_394528,,0,terminate,1,26,6,2.671654,0.174804,1900,2531,1900,100.00,75.07
20260630_204857_394528,,0,terminate,1,26,7,2.767926,0.229507,1900,2531,1900,100.00,75.07
20260630_204857_394528,,0,terminate,1,27,0,3.259914,0.186838,1900,2531,1900,100.00,75.07
20260630_204857_394528,,0,terminate,1,27,1,3.353115,0.180472,1900,2531,1900,100.00,75.07
20260630_204857_394528,,0,terminate,1,27,2,2.874118,0.174473,1900,2531,1900,100.00,75.07
20260630_204857_394528,,0,terminate,1,27,3,1.950772,0.296460,1900,2531,1900,100.00,75.07
20260630_204857_394528,,0,terminate,1,27,4,2.558756,0.295310,1900,2531,1900,100.00,75.07
20260630_204857_394528,,0,terminate,1,27,5,2.717517,0.349745,1900,2531,1900,100.00,75.07
20260630_204857_394528,,0,terminate,1,27,6,3.056905,0.230512,1900,2531,1900,100.00,75.07
20260630_204857_394528,,0,terminate,1,27,7,2.448414,0.313819,1900,2531,1900,100.00,75.07
20260630_204857_394528,,0,terminate,1,28,0,2.793330,0.266183,1900,2531,1900,100.00,75.07
20260630_204857_394528,,0,terminate,1,28,1,2.242561,0.342405,1900,2531,1900,100.00,75.07
20260630_204857_394528,,0,terminate,1,28,2,2.833534,0.165879,1900,2531,1900,100.00,75.07
20260630_204857_394528,,0,terminate,1,28,3,3.016284,0.294899,1900,2531,1900,100.00,75.07
20260630_204857_394528,,0,terminate,1,28,4,2.856914,0.298699,1900,2531,1900,100.00,75.07
20260630_204857_394528,,0,terminate,1,28,5,3.390200,0.476355,1900,2531,1900,100.00,75.07
20260630_204857_394528,,0,terminate,1,28,6,3.246862,0.358762,1900,2531,1900,100.00,75.07
20260630_204857_394528,,0,terminate,1,28,7,3.334735,0.119447,1900,2531,1900,100.00,75.07
20260630_204857_394528,,0,terminate,1,29,0,3.457864,0.406346,1900,2531,1900,100.00,75.07
20260630_204857_394528,,0,terminate,1,29,1,3.241431,0.272828,1900,2531,1900,100.00,75.07
20260630_204857_394528,,0,terminate,1,29,2,2.686117,0.257660,1900,2531,1900,100.00,75.07
20260630_204857_394528,,0,terminate,1,29,3,3.565623,0.457291,1900,2531,1900,100.00,75.07
20260630_204857_394528,,0,terminate,1,29,4,4.202493,0.190710,1900,2531,1900,100.00,75.07
20260630_204857_394528,,0,terminate,1,29,5,3.739277,0.207084,1900,2531,1900,100.00,75.07
20260630_204857_394528,,0,terminate,1,29,6,3.018305,0.286227,1900,2531,1900,100.00,75.07
20260630_204857_394528,,0,terminate,1,29,7,4.029445,0.448572,1900,2531,1900,100.00,75.07
20260630_204857_394528,,0,terminate,1,30,0,5.068889,0.182442,1900,2531,1900,100.00,75.07
20260630_204857_394528,,0,terminate,1,30,1,3.103773,0.578888,1900,2531,1900,100.00,75.07
20260630_204857_394528,,0,terminate,1,30,2,5.288356,0.268504,1900,2531,1900,100.00,75.07
20260630_204857_394528,,0,terminate,1,30,3,4.122751,0.443318,1900,2531,1900,100.00,75.07
20260630_204857_394528,,0,terminate,1,30,4,5.085476,0.228742,1900,2531,1900,100.00,75.07
20260630_204857_394528,,0,terminate,1,30,5,4.736769,0.352009,1900,2531,1900,100.00,75.07
20260630_204857_394528,,0,terminate,1,30,6,5.038300,0.193513,1900,2531,1900,100.00,75.07
20260630_204857_394528,,0,terminate,1,30,7,5.567345,0.124175,1900,2531,1900,100.00,75.07
20260630_204857_394528,,0,terminate,1,31,0,3.458048,0.395011,1900,2531,1900,100.00,75.07
20260630_204857_394528,,0,terminate,1,31,1,4.999604,0.032456,1900,2531,1900,100.00,75.07
20260630_204857_394528,,0,terminate,1,31,2,4.698037,0.313269,1900,2531,1900,100.00,75.07
20260630_204857_394528,,0,terminate,1,31,3,4.939651,0.230600,1900,2531,1900,100.00,75.07
20260630_204857_394528,,0,terminate,1,31,4,4.814486,0.288145,1900,2531,1900,100.00,75.07
20260630_204857_394528,,0,terminate,1,31,5,4.338346,0.215376,1900,2531,1900,100.00,75.07
20260630_204857_394528,,0,terminate,1,31,6,4.593714,0.139761,1900,2531,1900,100.00,75.07
20260630_204857_394528,,0,terminate,1,31,7,3.815610,0.342524,1900,2531,1900,100.00,75.07
20260630_204857_394528,,0,terminate,1,32,0,2.838177,0.329682,1900,2531,1900,100.00,75.07
20260630_204857_394528,,0,terminate,1,32,1,3.561008,0.011079,1900,2531,1900,100.00,75.07
20260630_204857_394528,,0,terminate,1,32,2,2.569201,0.390079,1900,2531,1900,100.00,75.07
20260630_204857_394528,,0,terminate,1,32,3,2.524294,0.481033,1900,2531,1900,100.00,75.07
20260630_204857_394528,,0,terminate,1,32,4,3.025376,0.262840,1900,2531,1900,100.00,75.07
20260630_204857_394528,,0,terminate,1,32,5,2.397284,0.301250,1900,2531,1900,100.00,75.07
20260630_204857_394528,,0,terminate,1,32,6,3.174302,0.144775,1900,2531,1900,100.00,75.07
20260630_204857_394528,,0,terminate,1,32,7,2.104836,0.436390,1900,2531,1900,100.00,75.07
20260630_204857_394528,,0,terminate,1,33,0,3.239664,0.282656,1900,2531,1900,100.00,75.07
20260630_204857_394528,,0,terminate,1,33,1,2.491728,0.455142,1900,2531,1900,100.00,75.07
20260630_204857_394528,,0,terminate,1,33,2,3.151654,0.141465,1900,2531,1900,100.00,75.07
20260630_204857_394528,,0,terminate,1,33,3,2.459066,0.389085,1900,2531,1900,100.00,75.07
20260630_204857_394528,,0,terminate,1,33,4,2.878108,0.161837,1900,2531,1900,100.00,75.07
20260630_204857_394528,,0,terminate,1,33,5,2.140473,0.213638,1900,2531,1900,100.00,75.07
20260630_204857_394528,,0,terminate,1,33,6,2.423487,0.225949,1900,2531,1900,100.00,75.07
20260630_204857_394528,,0,terminate,1,33,7,3.124733,0.430036,1900,2531,1900,100.00,75.07
20260630_204857_394528,,0,terminate,1,34,0,2.949874,0.311025,1900,2531,1900,100.00,75.07
20260630_204857_394528,,0,terminate,1,34,1,3.374879,0.083206,1900,2531,1900,100.00,75.07
20260630_204857_394528,,0,terminate,1,34,2,2.573649,0.264400,1900,2531,1900,100.00,75.07
20260630_204857_394528,,0,terminate,1,34,3,2.267434,0.142031,1900,2531,1900,100.00,75.07
20260630_204857_394528,,0,terminate,1,34,4,3.926522,0.259569,1900,2531,1900,100.00,75.07
20260630_204857_394528,,0,terminate,1,34,5,2.810381,0.491144,1900,2531,1900,100.00,75.07
20260630_204857_394528,,0,terminate,1,34,6,2.811629,0.187453,1900,2531,1900,100.00,75.07
20260630_204857_394528,,0,terminate,1,34,7,3.588972,0.321386,1900,2531,1900,100.00,75.07
20260630_204857_394528,,0,terminate,1,35,0,3.124344,0.205461,1900,2531,1900,100.00,75.07
20260630_204857_394528,,0,terminate,1,35,1,2.684270,0.341520,1900,2531,1900,100.00,75.07
20260630_204857_394528,,0,terminate,1,35,2,3.338379,0.307758,1900,2531,1900,100.00,75.07
20260630_204857_394528,,0,terminate,1,35,3,3.386553,0.138164,1900,2531,1900,100.00,75.07
20260630_204857_394528,,0,terminate,1,35,4,4.668840,0.021726,1900,2531,1900,100.00,75.07
20260630_204857_394528,,0,terminate,1,35,5,2.473280,0.329389,1900,2531,1900,100.00,75.07
20260630_204857_394528,,0,terminate,1,35,6,2.981983,0.375463,1900,2531,1900,100.00,75.07
20260630_204857_394528,,0,terminate,1,35,7,2.845179,0.301586,1900,2531,1900,100.00,75.07
20260630_204857_394528,,0,terminate,1,36,0,3.031105,0.235467,1900,2531,1900,100.00,75.07
20260630_204857_394528,,0,terminate,1,36,1,3.526362,0.217630,1900,2531,1900,100.00,75.07
20260630_204857_394528,,0,terminate,1,36,2,3.358176,0.638704,1900,2531,1900,100.00,75.07
20260630_204857_394528,,0,terminate,1,36,3,3.425033,0.312056,1900,2531,1900,100.00,75.07
20260630_204857_394528,,0,terminate,1,36,4,2.640831,0.404784,1900,2531,1900,100.00,75.07
20260630_204857_394528,,0,terminate,1,36,5,3.087277,0.107431,1900,2531,1900,100.00,75.07
20260630_204857_394528,,0,terminate,1,36,6,3.189648,0.276258,1900,2531,1900,100.00,75.07
20260630_204857_394528,,0,terminate,1,36,7,2.774980,0.277984,1900,2531,1900,100.00,75.07
20260630_204857_394528,,0,terminate,1,37,0,4.626709,0.250146,1900,2531,1900,100.00,75.07
20260630_204857_394528,,0,terminate,1,37,1,2.870695,0.319777,1900,2531,1900,100.00,75.07
20260630_204857_394528,,0,terminate,1,37,2,4.397649,0.456830,1900,2531,1900,100.00,75.07
20260630_204857_394528,,0,terminate,1,37,3,4.298220,0.351116,1900,2531,1900,100.00,75.07
20260630_204857_394528,,0,terminate,1,37,4,3.287294,0.293068,1900,2531,1900,100.00,75.07
20260630_204857_394528,,0,terminate,1,37,5,2.854780,0.192101,1900,2531,1900,100.00,75.07
20260630_204857_394528,,0,terminate,1,37,6,5.525641,0.377584,1900,2531,1900,100.00,75.07
20260630_204857_394528,,0,terminate,1,37,7,4.048388,0.166018,1900,2531,1900,100.00,75.07
20260630_204857_394528,,0,terminate,1,38,0,3.661285,0.365641,1900,2531,1900,100.00,75.07
20260630_204857_394528,,0,terminate,1,38,1,2.223410,0.458808,1900,2531,1900,100.00,75.07
20260630_204857_394528,,0,terminate,1,38,2,2.848534,0.442798,1900,2531,1900,100.00,75.07
20260630_204857_394528,,0,terminate,1,38,3,3.753528,0.012816,1900,2531,1900,100.00,75.07
20260630_204857_394528,,0,terminate,1,38,4,4.962167,0.526851,1900,2531,1900,100.00,75.07
20260630_204857_394528,,0,terminate,1,38,5,3.913566,0.075906,1900,2531,1900,100.00,75.07
20260630_204857_394528,,0,terminate,1,38,6,3.446491,0.526658,1900,2531,1900,100.00,75.07
20260630_204857_394528,,0,terminate,1,38,7,3.590000,0.360303,1900,2531,1900,100.00,75.07
20260630_204857_394528,,0,terminate,1,39,0,4.045615,0.227077,1900,2531,1900,100.00,75.07
20260630_204857_394528,,0,terminate,1,39,1,3.909851,0.541531,1900,2531,1900,100.00,75.07
20260630_204857_394528,,0,terminate,1,39,2,3.139565,0.283568,1900,2531,1900,100.00,75.07
20260630_204857_394528,,0,terminate,1,39,3,3.347614,0.442243,1900,2531,1900,100.00,75.07
20260630_204857_394528,,0,terminate,1,39,4,4.208324,0.332124,1900,2531,1900,100.00,75.07
20260630_204857_394528,,0,terminate,1,39,5,4.683678,0.150171,1900,2531,1900,100.00,75.07
20260630_204857_394528,,0,terminate,1,39,6,3.415687,0.229601,1900,2531,1900,100.00,75.07
20260630_204857_394528,,0,terminate,1,39,7,3.899694,0.365422,1900,2531,1900,100.00,75.07
20260630_204857_394528,,0,terminate,1,40,0,3.939409,0.210223,1900,2531,1900,100.00,75.07
20260630_204857_394528,,0,terminate,1,40,1,5.802382,0.196055,1900,2531,1900,100.00,75.07
20260630_204857_394528,,0,terminate,1,40,2,4.859488,0.294126,1900,2531,1900,100.00,75.07
20260630_204857_394528,,0,terminate,1,40,3,4.694490,0.145894,1900,2531,1900,100.00,75.07
20260630_204857_394528,,0,terminate,1,40,4,5.425184,0.333680,1900,2531,1900,100.00,75.07
20260630_204857_394528,,0,terminate,1,40,5,5.464719,0.438643,1900,2531,1900,100.00,75.07
20260630_204857_394528,,0,terminate,1,40,6,4.213659,0.384995,1900,2531,1900,100.00,75.07
20260630_204857_394528,,0,terminate,1,40,7,4.701132,0.355950,1900,2531,1900,100.00,75.07
20260630_204857_394528,,0,terminate,1,41,0,6.002545,0.181345,1900,2531,1900,100.00,75.07
20260630_204857_394528,,0,terminate,1,41,1,3.990768,0.162162,1900,2531,1900,100.00,75.07
20260630_204857_394528,,0,terminate,1,41,2,4.878114,-0.023539,1900,2531,1900,100.00,75.07
20260630_204857_394528,,0,terminate,1,41,3,4.543864,0.144127,1900,2531,1900,100.00,75.07
20260630_204857_394528,,0,terminate,1,41,4,4.101679,0.283563,1900,2531,1900,100.00,75.07
20260630_204857_394528,,0,terminate,1,41,5,4.174747,0.250899,1900,2531,1900,100.00,75.07
20260630_204857_394528,,0,terminate,1,41,6,3.656260,0.494750,1900,2531,1900,100.00,75.07
20260630_204857_394528,,0,terminate,1,41,7,5.016831,0.333523,1900,2531,1900,100.00,75.07
20260630_204857_394528,,0,terminate,1,42,0,6.302742,0.216385,1900,2531,1900,100.00,75.07
20260630_204857_394528,,0,terminate,1,42,1,3.675001,0.224492,1900,2531,1900,100.00,75.07
20260630_204857_394528,,0,terminate,1,42,2,6.152226,0.059702,1900,2531,1900,100.00,75.07
20260630_204857_394528,,0,terminate,1,42,3,6.296445,0.349022,1900,2531,1900,100.00,75.07
20260630_204857_394528,,0,terminate,1,42,4,3.820978,0.344534,1900,2531,1900,100.00,75.07
20260630_204857_394528,,0,terminate,1,42,5,5.065847,0.281853,1900,2531,1900,100.00,75.07
20260630_204857_394528,,0,terminate,1,42,6,5.678940,0.221520,1900,2531,1900,100.00,75.07
20260630_204857_394528,,0,terminate,1,42,7,5.741456,0.229072,1900,2531,1900,100.00,75.07
20260630_204857_394528,,0,terminate,1,43,0,4.461212,0.036117,1900,2531,1900,100.00,75.07
20260630_204857_394528,,0,terminate,1,43,1,5.288413,0.178595,1900,2531,1900,100.00,75.07
20260630_204857_394528,,0,terminate,1,43,2,5.262906,0.163482,1900,2531,1900,100.00,75.07
20260630_204857_394528,,0,terminate,1,43,3,4.888203,0.224442,1900,2531,1900,100.00,75.07
20260630_204857_394528,,0,terminate,1,43,4,6.852385,0.114431,1900,2531,1900,100.00,75.07
20260630_204857_394528,,0,terminate,1,43,5,7.938733,0.187250,1900,2531,1900,100.00,75.07
20260630_204857_394528,,0,terminate,1,43,6,5.538132,0.273591,1900,2531,1900,100.00,75.07
20260630_204857_394528,,0,terminate,1,43,7,6.437726,0.199307,1900,2531,1900,100.00,75.07
20260630_204857_394528,,0,terminate,1,44,0,6.552459,0.219947,1900,2531,1900,100.00,75.07
20260630_204857_394528,,0,terminate,1,44,1,5.476905,0.321220,1900,2531,1900,100.00,75.07
20260630_204857_394528,,0,terminate,1,44,2,7.957591,-0.200988,1900,2531,1900,100.00,75.07
20260630_204857_394528,,0,terminate,1,44,3,8.772138,0.104466,1900,2531,1900,100.00,75.07
20260630_204857_394528,,0,terminate,1,44,4,6.831697,0.030227,1900,2531,1900,100.00,75.07
20260630_204857_394528,,0,terminate,1,44,5,4.527932,0.405570,1900,2531,1900,100.00,75.07
20260630_204857_394528,,0,terminate,1,44,6,7.315136,0.234842,1900,2531,1900,100.00,75.07
20260630_204857_394528,,0,terminate,1,44,7,6.697427,0.363698,1900,2531,1900,100.00,75.07
20260630_204857_394528,,0,terminate,1,45,0,5.354343,0.613684,1900,2531,1900,100.00,75.07
20260630_204857_394528,,0,terminate,1,45,1,7.746906,0.415563,1900,2531,1900,100.00,75.07
20260630_204857_394528,,0,terminate,1,45,2,5.573688,0.400561,1900,2531,1900,100.00,75.07
20260630_204857_394528,,0,terminate,1,45,3,5.260588,0.240355,1900,2531,1900,100.00,75.07
20260630_204857_394528,,0,terminate,1,45,4,5.425113,0.233618,1900,2531,1900,100.00,75.07
20260630_204857_394528,,0,terminate,1,45,5,6.852486,0.070751,1900,2531,1900,100.00,75.07
20260630_204857_394528,,0,terminate,1,45,6,5.329203,0.259562,1900,2531,1900,100.00,75.07
20260630_204857_394528,,0,terminate,1,45,7,4.892429,0.165702,1900,2531,1900,100.00,75.07
20260630_204857_394528,,0,terminate,1,46,0,7.670485,0.115346,1900,2531,1900,100.00,75.07
20260630_204857_394528,,0,terminate,1,46,1,6.176774,0.217981,1900,2531,1900,100.00,75.07
20260630_204857_394528,,0,terminate,1,46,2,8.276848,0.126772,1900,2531,1900,100.00,75.07
20260630_204857_394528,,0,terminate,1,46,3,6.533794,0.329074,1900,2531,1900,100.00,75.07
20260630_204857_394528,,0,terminate,1,46,4,6.458712,0.305299,1900,2531,1900,100.00,75.07
20260630_204857_394528,,0,terminate,1,46,5,5.947185,0.007357,1900,2531,1900,100.00,75.07
20260630_204857_394528,,0,terminate,1,46,6,5.020140,0.263428,1900,2531,1900,100.00,75.07
20260630_204857_394528,,0,terminate,1,46,7,8.295749,0.218341,1900,2531,1900,100.00,75.07
20260630_204857_394528,,0,terminate,1,47,0,6.359628,0.246596,1900,2531,1900,100.00,75.07
20260630_204857_394528,,0,terminate,1,47,1,8.287918,0.313054,1900,2531,1900,100.00,75.07
20260630_204857_394528,,0,terminate,1,47,2,7.230679,0.129489,1900,2531,1900,100.00,75.07
20260630_204857_394528,,0,terminate,1,47,3,7.442789,0.130428,1900,2531,1900,100.00,75.07
20260630_204857_394528,,0,terminate,1,47,4,6.392774,0.169900,1900,2531,1900,100.00,75.07
20260630_204857_394528,,0,terminate,1,47,5,7.241098,0.022733,1900,2531,1900,100.00,75.07
20260630_204857_394528,,0,terminate,1,47,6,8.298359,0.180762,1900,2531,1900,100.00,75.07
20260630_204857_394528,,0,terminate,1,47,7,6.873253,0.147648,1900,2531,1900,100.00,75.07
20260630_204857_394528,,0,terminate,1,48,0,7.406372,0.514486,1900,2531,1900,100.00,75.07
20260630_204857_394528,,0,terminate,1,48,1,7.635170,0.147899,1900,2531,1900,100.00,75.07
20260630_204857_394528,,0,terminate,1,48,2,8.196057,0.302863,1900,2531,1900,100.00,75.07
20260630_204857_394528,,0,terminate,1,48,3,5.746004,0.166362,1900,2531,1900,100.00,75.07
20260630_204857_394528,,0,terminate,1,48,4,4.325315,0.540598,1900,2531,1900,100.00,75.07
20260630_204857_394528,,0,terminate,1,48,5,5.535007,0.194674,1900,2531,1900,100.00,75.07
20260630_204857_394528,,0,terminate,1,48,6,8.461297,0.086239,1900,2531,1900,100.00,75.07
20260630_204857_394528,,0,terminate,1,48,7,6.350464,0.288930,1900,2531,1900,100.00,75.07
20260630_204857_394528,,0,terminate,1,49,0,4.333609,0.430724,1900,2531,1900,100.00,75.07
20260630_204857_394528,,0,terminate,1,49,1,8.131313,0.308925,1900,2531,1900,100.00,75.07
20260630_204857_394528,,0,terminate,1,49,2,9.685946,-0.012143,1900,2531,1900,100.00,75.07
20260630_204857_394528,,0,terminate,1,49,3,7.374419,0.135131,1900,2531,1900,100.00,75.07
20260630_204857_394528,,0,terminate,1,49,4,8.117867,0.237131,1900,2531,1900,100.00,75.07
20260630_204857_394528,,0,terminate,1,49,5,7.198190,0.192718,1900,2531,1900,100.00,75.07
20260630_204857_394528,,0,terminate,1,49,6,6.714811,0.357183,1900,2531,1900,100.00,75.07
20260630_204857_394528,,0,terminate,1,49,7,7.656532,0.384439,1900,2531,1900,100.00,75.07
20260630_204857_394528,,0,terminate,1,50,0,8.904308,0.231735,1900,2531,1900,100.00,75.07
20260630_204857_394528,,0,terminate,1,50,1,11.300078,0.257131,1900,2531,1900,100.00,75.07
20260630_204857_394528,,0,terminate,1,50,2,4.916134,0.450077,1900,2531,1900,100.00,75.07
20260630_204857_394528,,0,terminate,1,50,3,7.233300,0.446838,1900,2531,1900,100.00,75.07
20260630_204857_394528,,0,terminate,1,50,4,9.580235,0.210959,1900,2531,1900,100.00,75.07
20260630_204857_394528,,0,terminate,1,50,5,5.821519,0.184538,1900,2531,1900,100.00,75.07
20260630_204857_394528,,0,terminate,1,50,6,8.313274,0.205801,1900,2531,1900,100.00,75.07
20260630_204857_394528,,0,terminate,1,50,7,7.720096,0.332155,1900,2531,1900,100.00,75.07
20260630_204857_394528,,0,terminate,1,51,0,12.668594,0.361884,1900,2531,1900,100.00,75.07
20260630_204857_394528,,0,terminate,1,51,1,12.738516,0.094586,1900,2531,1900,100.00,75.07
20260630_204857_394528,,0,terminate,1,51,2,12.008190,0.300947,1900,2531,1900,100.00,75.07
20260630_204857_394528,,0,terminate,1,51,3,7.414877,0.496119,1900,2531,1900,100.00,75.07
20260630_204857_394528,,0,terminate,1,51,4,6.968466,0.327145,1900,2531,1900,100.00,75.07
20260630_204857_394528,,0,terminate,1,51,5,7.505556,0.363114,1900,2531,1900,100.00,75.07
20260630_204857_394528,,0,terminate,1,51,6,9.110651,0.342111,1900,2531,1900,100.00,75.07
20260630_204857_394528,,0,terminate,1,51,7,12.128174,0.207069,1900,2531,1900,100.00,75.07
20260630_204857_394528,,0,terminate,1,52,0,9.705615,0.119340,1900,2531,1900,100.00,75.07
20260630_204857_394528,,0,terminate,1,52,1,7.141532,0.374352,1900,2531,1900,100.00,75.07
20260630_204857_394528,,0,terminate,1,52,2,11.222064,0.198644,1900,2531,1900,100.00,75.07
20260630_204857_394528,,0,terminate,1,52,3,12.087285,0.225092,1900,2531,1900,100.00,75.07
20260630_204857_394528,,0,terminate,1,52,4,12.077852,0.361676,1900,2531,1900,100.00,75.07
20260630_204857_394528,,0,terminate,1,52,5,8.725115,0.354555,1900,2531,1900,100.00,75.07
20260630_204857_394528,,0,terminate,1,52,6,9.914217,0.485155,1900,2531,1900,100.00,75.07
20260630_204857_394528,,0,terminate,1,52,7,10.995771,0.261584,1900,2531,1900,100.00,75.07
20260630_204857_394528,,0,terminate,1,53,0,11.189335,0.184571,1900,2531,1900,100.00,75.07
20260630_204857_394528,,0,terminate,1,53,1,14.493717,0.217185,1900,2531,1900,100.00,75.07
20260630_204857_394528,,0,terminate,1,53,2,10.205514,0.207484,1900,2531,1900,100.00,75.07
20260630_204857_394528,,0,terminate,1,53,3,10.092033,0.485836,1900,2531,1900,100.00,75.07
20260630_204857_394528,,0,terminate,1,53,4,14.244218,0.376336,1900,2531,1900,100.00,75.07
20260630_204857_394528,,0,terminate,1,53,5,14.794483,0.255125,1900,2531,1900,100.00,75.07
20260630_204857_394528,,0,terminate,1,53,6,9.949558,0.434079,1900,2531,1900,100.00,75.07
20260630_204857_394528,,0,terminate,1,53,7,15.074690,0.395256,1900,2531,1900,100.00,75.07
20260630_204857_394528,,0,terminate,1,54,0,15.560123,0.097829,1900,2531,1900,100.00,75.07
20260630_204857_394528,,0,terminate,1,54,1,10.141419,0.395055,1900,2531,1900,100.00,75.07
20260630_204857_394528,,0,terminate,1,54,2,14.930140,0.175857,1900,2531,1900,100.00,75.07
20260630_204857_394528,,0,terminate,1,54,3,16.231807,0.387267,1900,2531,1900,100.00,75.07
20260630_204857_394528,,0,terminate,1,54,4,15.288058,0.208214,1900,2531,1900,100.00,75.07
20260630_204857_394528,,0,terminate,1,54,5,15.495821,0.228801,1900,2531,1900,100.00,75.07
20260630_204857_394528,,0,terminate,1,54,6,18.201363,-0.003371,1900,2531,1900,100.00,75.07
20260630_204857_394528,,0,terminate,1,54,7,29.579470,0.376736,1900,2531,1900,100.00,75.07
20260630_204857_394528,,0,terminate,1,55,0,14.118190,0.467029,1900,2531,1900,100.00,75.07
20260630_204857_394528,,0,terminate,1,55,1,17.786690,0.450576,1900,2531,1900,100.00,75.07
20260630_204857_394528,,0,terminate,1,55,2,15.835728,0.271271,1900,2531,1900,100.00,75.07
20260630_204857_394528,,0,terminate,1,55,3,15.681901,0.347923,1900,2531,1900,100.00,75.07
20260630_204857_394528,,0,terminate,1,55,4,16.153991,0.458512,1900,2531,1900,100.00,75.07
20260630_204857_394528,,0,terminate,1,55,5,12.529255,0.309197,1900,2531,1900,100.00,75.07
20260630_204857_394528,,0,terminate,1,55,6,16.431705,0.291667,1900,2531,1900,100.00,75.07
20260630_204857_394528,,0,terminate,1,55,7,15.543428,0.259622,1900,2531,1900,100.00,75.07
20260630_204857_394528,,0,terminate,1,56,0,15.408405,0.461140,1900,2531,1900,100.00,75.07
20260630_204857_394528,,0,terminate,1,56,1,18.008548,0.153720,1900,2531,1900,100.00,75.07
20260630_204857_394528,,0,terminate,1,56,2,18.338893,0.272734,1900,2531,1900,100.00,75.07
20260630_204857_394528,,0,terminate,1,56,3,20.887874,0.306865,1900,2531,1900,100.00,75.07
20260630_204857_394528,,0,terminate,1,56,4,25.421816,0.387133,1900,2531,1900,100.00,75.07
20260630_204857_394528,,0,terminate,1,56,5,19.612260,0.369148,1900,2531,1900,100.00,75.07
20260630_204857_394528,,0,terminate,1,56,6,21.181113,0.357043,1900,2531,1900,100.00,75.07
20260630_204857_394528,,0,terminate,1,56,7,26.995687,0.346457,1900,2531,1900,100.00,75.07
20260630_204857_394528,,0,terminate,1,57,0,25.972391,0.052561,1900,2531,1900,100.00,75.07
20260630_204857_394528,,0,terminate,1,57,1,16.975300,0.380695,1900,2531,1900,100.00,75.07
20260630_204857_394528,,0,terminate,1,57,2,23.209200,0.296288,1900,2531,1900,100.00,75.07
20260630_204857_394528,,0,terminate,1,57,3,18.541449,0.270530,1900,2531,1900,100.00,75.07
20260630_204857_394528,,0,terminate,1,57,4,16.681893,0.159665,1900,2531,1900,100.00,75.07
20260630_204857_394528,,0,terminate,1,57,5,24.277099,0.342174,1900,2531,1900,100.00,75.07
20260630_204857_394528,,0,terminate,1,57,6,21.948902,0.196577,1900,2531,1900,100.00,75.07
20260630_204857_394528,,0,terminate,1,57,7,20.831123,0.260126,1900,2531,1900,100.00,75.07
20260630_204857_394528,,0,terminate,1,58,0,29.391844,0.338395,1900,2531,1900,100.00,75.07
20260630_204857_394528,,0,terminate,1,58,1,22.969973,0.278666,1900,2531,1900,100.00,75.07
20260630_204857_394528,,0,terminate,1,58,2,25.571247,0.343097,1900,2531,1900,100.00,75.07
20260630_204857_394528,,0,terminate,1,58,3,28.620452,0.222573,1900,2531,1900,100.00,75.07
20260630_204857_394528,,0,terminate,1,58,4,45.051499,0.051892,1900,2531,1900,100.00,75.07
20260630_204857_394528,,0,terminate,1,58,5,31.585447,0.335580,1900,2531,1900,100.00,75.07
20260630_204857_394528,,0,terminate,1,58,6,27.074296,0.264582,1900,2531,1900,100.00,75.07
20260630_204857_394528,,0,terminate,1,58,7,25.550874,0.230777,1900,2531,1900,100.00,75.07
20260630_204857_394528,,0,terminate,1,59,0,32.242328,0.182651,1900,2531,1900,100.00,75.07
20260630_204857_394528,,0,terminate,1,59,1,32.680203,0.117323,1900,2531,1900,100.00,75.07
20260630_204857_394528,,0,terminate,1,59,2,32.071644,0.065447,1900,2531,1900,100.00,75.07
20260630_204857_394528,,0,terminate,1,59,3,28.544396,0.159882,1900,2531,1900,100.00,75.07
20260630_204857_394528,,0,terminate,1,59,4,29.545170,0.363533,1900,2531,1900,100.00,75.07
20260630_204857_394528,,0,terminate,1,59,5,24.998762,0.312502,1900,2531,1900,100.00,75.07
20260630_204857_394528,,0,terminate,1,59,6,33.003885,0.228219,1900,2531,1900,100.00,75.07
20260630_204857_394528,,0,terminate,1,59,7,22.799940,0.267040,1900,2531,1900,100.00,75.07
20260630_204857_394528,,0,terminate,1,60,0,24.442136,0.443076,1900,2531,1900,100.00,75.07
20260630_204857_394528,,0,terminate,1,60,1,35.647179,0.592890,1900,2531,1900,100.00,75.07
20260630_204857_394528,,0,terminate,1,60,2,25.459255,0.353434,1900,2531,1900,100.00,75.07
20260630_204857_394528,,0,terminate,1,60,3,48.839346,0.186477,1900,2531,1900,100.00,75.07
20260630_204857_394528,,0,terminate,1,60,4,25.820061,0.243740,1900,2531,1900,100.00,75.07
20260630_204857_394528,,0,terminate,1,60,5,27.393757,0.298262,1900,2531,1900,100.00,75.07
20260630_204857_394528,,0,terminate,1,60,6,28.044807,0.196499,1900,2531,1900,100.00,75.07
20260630_204857_394528,,0,terminate,1,60,7,29.775294,0.280019,1900,2531,1900,100.00,75.07
20260630_204857_394528,,0,terminate,1,61,0,36.556498,0.273550,1900,2531,1900,100.00,75.07
20260630_204857_394528,,0,terminate,1,61,1,29.881699,0.250265,1900,2531,1900,100.00,75.07
20260630_204857_394528,,0,terminate,1,61,2,44.352300,0.063519,1900,2531,1900,100.00,75.07
20260630_204857_394528,,0,terminate,1,61,3,39.137568,0.150953,1900,2531,1900,100.00,75.07
20260630_204857_394528,,0,terminate,1,61,4,34.830404,0.410932,1900,2531,1900,100.00,75.07
20260630_204857_394528,,0,terminate,1,61,5,29.486534,0.361760,1900,2531,1900,100.00,75.07
20260630_204857_394528,,0,terminate,1,61,6,38.274225,0.360374,1900,2531,1900,100.00,75.07
20260630_204857_394528,,0,terminate,1,61,7,39.876998,0.548998,1900,2531,1900,100.00,75.07
20260630_204857_394528,,0,terminate,1,62,0,46.318695,0.552781,1900,2531,1900,100.00,75.07
20260630_204857_394528,,0,terminate,1,62,1,35.126685,0.238900,1900,2531,1900,100.00,75.07
20260630_204857_394528,,0,terminate,1,62,2,36.576482,0.276197,1900,2531,1900,100.00,75.07
20260630_204857_394528,,0,terminate,1,62,3,42.613418,0.136876,1900,2531,1900,100.00,75.07
20260630_204857_394528,,0,terminate,1,62,4,51.270911,0.365727,1900,2531,1900,100.00,75.07
20260630_204857_394528,,0,terminate,1,62,5,37.323436,0.256271,1900,2531,1900,100.00,75.07
20260630_204857_394528,,0,terminate,1,62,6,39.291661,0.590318,1900,2531,1900,100.00,75.07
20260630_204857_394528,,0,terminate,1,62,7,33.864278,0.304800,1900,2531,1900,100.00,75.07
20260630_204857_394528,,0,terminate,1,63,0,24.587817,0.489865,1900,2531,1900,100.00,75.07
20260630_204857_394528,,0,terminate,1,63,1,25.427353,0.156617,1900,2531,1900,100.00,75.07
20260630_204857_394528,,0,terminate,1,63,2,40.929166,0.480909,1900,2531,1900,100.00,75.07
20260630_204857_394528,,0,terminate,1,63,3,24.323381,0.338670,1900,2531,1900,100.00,75.07
20260630_204857_394528,,0,terminate,1,63,4,24.765109,0.382362,1900,2531,1900,100.00,75.07
20260630_204857_394528,,0,terminate,1,63,5,34.814364,0.669636,1900,2531,1900,100.00,75.07
20260630_204857_394528,,0,terminate,1,63,6,23.790037,0.214583,1900,2531,1900,100.00,75.07
20260630_204857_394528,,0,terminate,1,63,7,25.699207,0.579228,1900,2531,1900,100.00,75.07
20260630_204857_394528,,0,terminate,2,0,0,0.143181,0.150713,1900,3260,1900,100.00,58.28
20260630_204857_394528,,0,terminate,2,0,1,0.182708,0.556529,1900,3260,1900,100.00,58.28
20260630_204857_394528,,0,terminate,2,0,2,0.213970,0.618098,1900,3260,1900,100.00,58.28
20260630_204857_394528,,0,terminate,2,0,3,0.253443,0.635291,1900,3260,1900,100.00,58.28
20260630_204857_394528,,0,terminate,2,0,4,0.172370,0.816816,1900,3260,1900,100.00,58.28
20260630_204857_394528,,0,terminate,2,0,5,0.154164,0.187615,1900,3260,1900,100.00,58.28
20260630_204857_394528,,0,terminate,2,0,6,0.140763,0.082405,1900,3260,1900,100.00,58.28
20260630_204857_394528,,0,terminate,2,0,7,0.147667,0.712775,1900,3260,1900,100.00,58.28
20260630_204857_394528,,0,terminate,2,1,0,0.306714,0.284772,1900,3260,1900,100.00,58.28
20260630_204857_394528,,0,terminate,2,1,1,0.143380,0.303659,1900,3260,1900,100.00,58.28
20260630_204857_394528,,0,terminate,2,1,2,0.230112,-0.016277,1900,3260,1900,100.00,58.28
20260630_204857_394528,,0,terminate,2,1,3,0.263534,0.200891,1900,3260,1900,100.00,58.28
20260630_204857_394528,,0,terminate,2,1,4,0.251275,0.515530,1900,3260,1900,100.00,58.28
20260630_204857_394528,,0,terminate,2,1,5,0.191712,0.419137,1900,3260,1900,100.00,58.28
20260630_204857_394528,,0,terminate,2,1,6,0.260498,0.272521,1900,3260,1900,100.00,58.28
20260630_204857_394528,,0,terminate,2,1,7,0.249968,0.859452,1900,3260,1900,100.00,58.28
20260630_204857_394528,,0,terminate,2,2,0,0.326963,0.383882,1900,3260,1900,100.00,58.28
20260630_204857_394528,,0,terminate,2,2,1,0.310843,0.339958,1900,3260,1900,100.00,58.28
20260630_204857_394528,,0,terminate,2,2,2,0.326688,0.108960,1900,3260,1900,100.00,58.28
20260630_204857_394528,,0,terminate,2,2,3,0.294686,0.377460,1900,3260,1900,100.00,58.28
20260630_204857_394528,,0,terminate,2,2,4,0.380226,0.118005,1900,3260,1900,100.00,58.28
20260630_204857_394528,,0,terminate,2,2,5,0.344682,0.272254,1900,3260,1900,100.00,58.28
20260630_204857_394528,,0,terminate,2,2,6,0.269482,0.345827,1900,3260,1900,100.00,58.28
20260630_204857_394528,,0,terminate,2,2,7,0.299511,0.477123,1900,3260,1900,100.00,58.28
20260630_204857_394528,,0,terminate,2,3,0,0.382659,0.279841,1900,3260,1900,100.00,58.28
20260630_204857_394528,,0,terminate,2,3,1,0.338358,0.364250,1900,3260,1900,100.00,58.28
20260630_204857_394528,,0,terminate,2,3,2,0.314830,0.300935,1900,3260,1900,100.00,58.28
20260630_204857_394528,,0,terminate,2,3,3,0.390033,0.086020,1900,3260,1900,100.00,58.28
20260630_204857_394528,,0,terminate,2,3,4,0.322711,0.215933,1900,3260,1900,100.00,58.28
20260630_204857_394528,,0,terminate,2,3,5,0.432187,0.499140,1900,3260,1900,100.00,58.28
20260630_204857_394528,,0,terminate,2,3,6,0.302738,0.354991,1900,3260,1900,100.00,58.28
20260630_204857_394528,,0,terminate,2,3,7,0.417789,0.145597,1900,3260,1900,100.00,58.28
20260630_204857_394528,,0,terminate,2,4,0,0.352562,0.270793,1900,3260,1900,100.00,58.28
20260630_204857_394528,,0,terminate,2,4,1,0.472884,0.048145,1900,3260,1900,100.00,58.28
20260630_204857_394528,,0,terminate,2,4,2,0.410845,0.660693,1900,3260,1900,100.00,58.28
20260630_204857_394528,,0,terminate,2,4,3,0.502390,0.181883,1900,3260,1900,100.00,58.28
20260630_204857_394528,,0,terminate,2,4,4,0.511482,0.173486,1900,3260,1900,100.00,58.28
20260630_204857_394528,,0,terminate,2,4,5,0.318019,0.227305,1900,3260,1900,100.00,58.28
20260630_204857_394528,,0,terminate,2,4,6,0.380203,0.250593,1900,3260,1900,100.00,58.28
20260630_204857_394528,,0,terminate,2,4,7,0.397948,0.323286,1900,3260,1900,100.00,58.28
20260630_204857_394528,,0,terminate,2,5,0,0.481275,0.476404,1900,3260,1900,100.00,58.28
20260630_204857_394528,,0,terminate,2,5,1,0.417916,0.283573,1900,3260,1900,100.00,58.28
20260630_204857_394528,,0,terminate,2,5,2,0.478943,0.421853,1900,3260,1900,100.00,58.28
20260630_204857_394528,,0,terminate,2,5,3,0.425683,0.726880,1900,3260,1900,100.00,58.28
20260630_204857_394528,,0,terminate,2,5,4,0.528655,0.460730,1900,3260,1900,100.00,58.28
20260630_204857_394528,,0,terminate,2,5,5,0.309172,0.392569,1900,3260,1900,100.00,58.28
20260630_204857_394528,,0,terminate,2,5,6,0.485641,0.035027,1900,3260,1900,100.00,58.28
20260630_204857_394528,,0,terminate,2,5,7,0.371474,0.172615,1900,3260,1900,100.00,58.28
20260630_204857_394528,,0,terminate,2,6,0,0.548727,0.041338,1900,3260,1900,100.00,58.28
20260630_204857_394528,,0,terminate,2,6,1,0.374192,0.611112,1900,3260,1900,100.00,58.28
20260630_204857_394528,,0,terminate,2,6,2,0.386946,0.345827,1900,3260,1900,100.00,58.28
20260630_204857_394528,,0,terminate,2,6,3,0.414323,0.300073,1900,3260,1900,100.00,58.28
20260630_204857_394528,,0,terminate,2,6,4,0.347826,0.476376,1900,3260,1900,100.00,58.28
20260630_204857_394528,,0,terminate,2,6,5,0.464313,0.046374,1900,3260,1900,100.00,58.28
20260630_204857_394528,,0,terminate,2,6,6,0.428315,0.377605,1900,3260,1900,100.00,58.28
20260630_204857_394528,,0,terminate,2,6,7,0.418027,0.331483,1900,3260,1900,100.00,58.28
20260630_204857_394528,,0,terminate,2,7,0,1.246050,0.362209,1900,3260,1900,100.00,58.28
20260630_204857_394528,,0,terminate,2,7,1,1.025188,0.154178,1900,3260,1900,100.00,58.28
20260630_204857_394528,,0,terminate,2,7,2,0.968693,0.578545,1900,3260,1900,100.00,58.28
20260630_204857_394528,,0,terminate,2,7,3,0.706163,0.181398,1900,3260,1900,100.00,58.28
20260630_204857_394528,,0,terminate,2,7,4,1.310137,0.214959,1900,3260,1900,100.00,58.28
20260630_204857_394528,,0,terminate,2,7,5,0.677297,0.143533,1900,3260,1900,100.00,58.28
20260630_204857_394528,,0,terminate,2,7,6,1.074502,0.400612,1900,3260,1900,100.00,58.28
20260630_204857_394528,,0,terminate,2,7,7,0.810740,0.472401,1900,3260,1900,100.00,58.28
20260630_204857_394528,,0,terminate,2,8,0,0.960016,0.547908,1900,3260,1900,100.00,58.28
20260630_204857_394528,,0,terminate,2,8,1,1.023550,0.243065,1900,3260,1900,100.00,58.28
20260630_204857_394528,,0,terminate,2,8,2,1.152387,0.146380,1900,3260,1900,100.00,58.28
20260630_204857_394528,,0,terminate,2,8,3,0.907481,0.265730,1900,3260,1900,100.00,58.28
20260630_204857_394528,,0,terminate,2,8,4,1.162501,0.144112,1900,3260,1900,100.00,58.28
20260630_204857_394528,,0,terminate,2,8,5,1.115972,0.241729,1900,3260,1900,100.00,58.28
20260630_204857_394528,,0,terminate,2,8,6,1.055422,0.174487,1900,3260,1900,100.00,58.28
20260630_204857_394528,,0,terminate,2,8,7,0.700600,0.385325,1900,3260,1900,100.00,58.28
20260630_204857_394528,,0,terminate,2,9,0,0.891948,0.525623,1900,3260,1900,100.00,58.28
20260630_204857_394528,,0,terminate,2,9,1,0.821667,0.206845,1900,3260,1900,100.00,58.28
20260630_204857_394528,,0,terminate,2,9,2,1.037855,0.164916,1900,3260,1900,100.00,58.28
20260630_204857_394528,,0,terminate,2,9,3,0.857862,0.176481,1900,3260,1900,100.00,58.28
20260630_204857_394528,,0,terminate,2,9,4,1.089286,0.120029,1900,3260,1900,100.00,58.28
20260630_204857_394528,,0,terminate,2,9,5,0.617896,0.311557,1900,3260,1900,100.00,58.28
20260630_204857_394528,,0,terminate,2,9,6,0.765743,0.572598,1900,3260,1900,100.00,58.28
20260630_204857_394528,,0,terminate,2,9,7,0.590970,0.611604,1900,3260,1900,100.00,58.28
20260630_204857_394528,,0,terminate,2,10,0,0.995013,0.389918,1900,3260,1900,100.00,58.28
20260630_204857_394528,,0,terminate,2,10,1,1.197756,0.118561,1900,3260,1900,100.00,58.28
20260630_204857_394528,,0,terminate,2,10,2,0.961788,0.209607,1900,3260,1900,100.00,58.28
20260630_204857_394528,,0,terminate,2,10,3,0.731652,0.153829,1900,3260,1900,100.00,58.28
20260630_204857_394528,,0,terminate,2,10,4,1.742711,-0.024004,1900,3260,1900,100.00,58.28
20260630_204857_394528,,0,terminate,2,10,5,0.875722,0.449173,1900,3260,1900,100.00,58.28
20260630_204857_394528,,0,terminate,2,10,6,0.742643,0.199193,1900,3260,1900,100.00,58.28
20260630_204857_394528,,0,terminate,2,10,7,1.176908,0.032769,1900,3260,1900,100.00,58.28
20260630_204857_394528,,0,terminate,2,11,0,1.269729,0.029930,1900,3260,1900,100.00,58.28
20260630_204857_394528,,0,terminate,2,11,1,1.074804,0.067878,1900,3260,1900,100.00,58.28
20260630_204857_394528,,0,terminate,2,11,2,0.711998,0.227451,1900,3260,1900,100.00,58.28
20260630_204857_394528,,0,terminate,2,11,3,1.325760,0.051702,1900,3260,1900,100.00,58.28
20260630_204857_394528,,0,terminate,2,11,4,1.499171,-0.100712,1900,3260,1900,100.00,58.28
20260630_204857_394528,,0,terminate,2,11,5,1.506941,-0.088745,1900,3260,1900,100.00,58.28
20260630_204857_394528,,0,terminate,2,11,6,0.956506,0.225861,1900,3260,1900,100.00,58.28
20260630_204857_394528,,0,terminate,2,11,7,1.305303,0.104072,1900,3260,1900,100.00,58.28
20260630_204857_394528,,0,terminate,2,12,0,1.373437,-0.018930,1900,3260,1900,100.00,58.28
20260630_204857_394528,,0,terminate,2,12,1,1.397952,0.128260,1900,3260,1900,100.00,58.28
20260630_204857_394528,,0,terminate,2,12,2,1.330482,0.169596,1900,3260,1900,100.00,58.28
20260630_204857_394528,,0,terminate,2,12,3,1.223350,0.302552,1900,3260,1900,100.00,58.28
20260630_204857_394528,,0,terminate,2,12,4,1.153786,0.111198,1900,3260,1900,100.00,58.28
20260630_204857_394528,,0,terminate,2,12,5,1.080710,0.239389,1900,3260,1900,100.00,58.28
20260630_204857_394528,,0,terminate,2,12,6,1.172194,0.305726,1900,3260,1900,100.00,58.28
20260630_204857_394528,,0,terminate,2,12,7,1.073252,0.273988,1900,3260,1900,100.00,58.28
20260630_204857_394528,,0,terminate,2,13,0,1.582938,0.193398,1900,3260,1900,100.00,58.28
20260630_204857_394528,,0,terminate,2,13,1,1.126560,0.239059,1900,3260,1900,100.00,58.28
20260630_204857_394528,,0,terminate,2,13,2,1.318283,0.518330,1900,3260,1900,100.00,58.28
20260630_204857_394528,,0,terminate,2,13,3,2.032685,0.097193,1900,3260,1900,100.00,58.28
20260630_204857_394528,,0,terminate,2,13,4,2.459710,0.215321,1900,3260,1900,100.00,58.28
20260630_204857_394528,,0,terminate,2,13,5,1.413315,0.178685,1900,3260,1900,100.00,58.28
20260630_204857_394528,,0,terminate,2,13,6,2.081866,0.243652,1900,3260,1900,100.00,58.28
20260630_204857_394528,,0,terminate,2,13,7,1.528596,0.233093,1900,3260,1900,100.00,58.28
20260630_204857_394528,,0,terminate,2,14,0,0.880875,0.213596,1900,3260,1900,100.00,58.28
20260630_204857_394528,,0,terminate,2,14,1,1.062655,0.406788,1900,3260,1900,100.00,58.28
20260630_204857_394528,,0,terminate,2,14,2,1.000504,0.272497,1900,3260,1900,100.00,58.28
20260630_204857_394528,,0,terminate,2,14,3,1.486494,-0.324871,1900,3260,1900,100.00,58.28
20260630_204857_394528,,0,terminate,2,14,4,1.162432,0.363330,1900,3260,1900,100.00,58.28
20260630_204857_394528,,0,terminate,2,14,5,1.407721,0.031434,1900,3260,1900,100.00,58.28
20260630_204857_394528,,0,terminate,2,14,6,1.421782,0.201362,1900,3260,1900,100.00,58.28
20260630_204857_394528,,0,terminate,2,14,7,1.153609,0.283657,1900,3260,1900,100.00,58.28
20260630_204857_394528,,0,terminate,2,15,0,0.814648,0.290697,1900,3260,1900,100.00,58.28
20260630_204857_394528,,0,terminate,2,15,1,1.250303,0.218116,1900,3260,1900,100.00,58.28
20260630_204857_394528,,0,terminate,2,15,2,1.605410,0.026732,1900,3260,1900,100.00,58.28
20260630_204857_394528,,0,terminate,2,15,3,1.070082,0.234111,1900,3260,1900,100.00,58.28
20260630_204857_394528,,0,terminate,2,15,4,1.156212,0.426834,1900,3260,1900,100.00,58.28
20260630_204857_394528,,0,terminate,2,15,5,1.582636,0.164859,1900,3260,1900,100.00,58.28
20260630_204857_394528,,0,terminate,2,15,6,1.295576,0.207857,1900,3260,1900,100.00,58.28
20260630_204857_394528,,0,terminate,2,15,7,1.425951,0.248051,1900,3260,1900,100.00,58.28
20260630_204857_394528,,0,terminate,2,16,0,1.174596,0.239601,1900,3260,1900,100.00,58.28
20260630_204857_394528,,0,terminate,2,16,1,0.903177,0.312606,1900,3260,1900,100.00,58.28
20260630_204857_394528,,0,terminate,2,16,2,1.943977,0.056802,1900,3260,1900,100.00,58.28
20260630_204857_394528,,0,terminate,2,16,3,1.248600,-0.012913,1900,3260,1900,100.00,58.28
20260630_204857_394528,,0,terminate,2,16,4,1.517267,-0.080424,1900,3260,1900,100.00,58.28
20260630_204857_394528,,0,terminate,2,16,5,1.716681,0.041224,1900,3260,1900,100.00,58.28
20260630_204857_394528,,0,terminate,2,16,6,1.751510,0.029876,1900,3260,1900,100.00,58.28
20260630_204857_394528,,0,terminate,2,16,7,1.180935,0.175210,1900,3260,1900,100.00,58.28
20260630_204857_394528,,0,terminate,2,17,0,1.321463,0.103551,1900,3260,1900,100.00,58.28
20260630_204857_394528,,0,terminate,2,17,1,0.935223,0.262987,1900,3260,1900,100.00,58.28
20260630_204857_394528,,0,terminate,2,17,2,1.434458,0.123452,1900,3260,1900,100.00,58.28
20260630_204857_394528,,0,terminate,2,17,3,1.258120,0.323449,1900,3260,1900,100.00,58.28
20260630_204857_394528,,0,terminate,2,17,4,1.234819,0.295776,1900,3260,1900,100.00,58.28
20260630_204857_394528,,0,terminate,2,17,5,1.498518,0.152715,1900,3260,1900,100.00,58.28
20260630_204857_394528,,0,terminate,2,17,6,1.406774,0.215077,1900,3260,1900,100.00,58.28
20260630_204857_394528,,0,terminate,2,17,7,1.708305,-0.068380,1900,3260,1900,100.00,58.28
20260630_204857_394528,,0,terminate,2,18,0,1.912745,-0.146500,1900,3260,1900,100.00,58.28
20260630_204857_394528,,0,terminate,2,18,1,1.342650,0.225463,1900,3260,1900,100.00,58.28
20260630_204857_394528,,0,terminate,2,18,2,1.843337,-0.019910,1900,3260,1900,100.00,58.28
20260630_204857_394528,,0,terminate,2,18,3,1.308472,0.386486,1900,3260,1900,100.00,58.28
20260630_204857_394528,,0,terminate,2,18,4,1.216686,0.208577,1900,3260,1900,100.00,58.28
20260630_204857_394528,,0,terminate,2,18,5,1.851148,0.000457,1900,3260,1900,100.00,58.28
20260630_204857_394528,,0,terminate,2,18,6,1.562634,0.269762,1900,3260,1900,100.00,58.28
20260630_204857_394528,,0,terminate,2,18,7,1.385166,0.044390,1900,3260,1900,100.00,58.28
20260630_204857_394528,,0,terminate,2,19,0,1.908315,-0.081466,1900,3260,1900,100.00,58.28
20260630_204857_394528,,0,terminate,2,19,1,1.464875,0.323657,1900,3260,1900,100.00,58.28
20260630_204857_394528,,0,terminate,2,19,2,1.527893,-0.092998,1900,3260,1900,100.00,58.28
20260630_204857_394528,,0,terminate,2,19,3,1.531656,0.050177,1900,3260,1900,100.00,58.28
20260630_204857_394528,,0,terminate,2,19,4,1.799024,0.241615,1900,3260,1900,100.00,58.28
20260630_204857_394528,,0,terminate,2,19,5,1.210293,0.314460,1900,3260,1900,100.00,58.28
20260630_204857_394528,,0,terminate,2,19,6,1.411230,0.163444,1900,3260,1900,100.00,58.28
20260630_204857_394528,,0,terminate,2,19,7,1.530570,0.115365,1900,3260,1900,100.00,58.28
20260630_204857_394528,,0,terminate,2,20,0,2.705991,0.046368,1900,3260,1900,100.00,58.28
20260630_204857_394528,,0,terminate,2,20,1,1.890427,0.372826,1900,3260,1900,100.00,58.28
20260630_204857_394528,,0,terminate,2,20,2,2.282054,0.178726,1900,3260,1900,100.00,58.28
20260630_204857_394528,,0,terminate,2,20,3,1.663578,0.248953,1900,3260,1900,100.00,58.28
20260630_204857_394528,,0,terminate,2,20,4,2.390887,0.050011,1900,3260,1900,100.00,58.28
20260630_204857_394528,,0,terminate,2,20,5,1.752573,0.297651,1900,3260,1900,100.00,58.28
20260630_204857_394528,,0,terminate,2,20,6,2.032531,0.226724,1900,3260,1900,100.00,58.28
20260630_204857_394528,,0,terminate,2,20,7,2.752683,0.124614,1900,3260,1900,100.00,58.28
20260630_204857_394528,,0,terminate,2,21,0,2.583655,0.119005,1900,3260,1900,100.00,58.28
20260630_204857_394528,,0,terminate,2,21,1,2.674317,0.180507,1900,3260,1900,100.00,58.28
20260630_204857_394528,,0,terminate,2,21,2,2.308617,0.250633,1900,3260,1900,100.00,58.28
20260630_204857_394528,,0,terminate,2,21,3,2.433653,0.138892,1900,3260,1900,100.00,58.28
20260630_204857_394528,,0,terminate,2,21,4,2.695406,0.386899,1900,3260,1900,100.00,58.28
20260630_204857_394528,,0,terminate,2,21,5,2.417994,-0.088842,1900,3260,1900,100.00,58.28
20260630_204857_394528,,0,terminate,2,21,6,2.255535,-0.051205,1900,3260,1900,100.00,58.28
20260630_204857_394528,,0,terminate,2,21,7,2.292289,0.036989,1900,3260,1900,100.00,58.28
20260630_204857_394528,,0,terminate,2,22,0,1.833790,0.115124,1900,3260,1900,100.00,58.28
20260630_204857_394528,,0,terminate,2,22,1,2.234490,0.258349,1900,3260,1900,100.00,58.28
20260630_204857_394528,,0,terminate,2,22,2,2.630320,0.111943,1900,3260,1900,100.00,58.28
20260630_204857_394528,,0,terminate,2,22,3,2.273960,0.113678,1900,3260,1900,100.00,58.28
20260630_204857_394528,,0,terminate,2,22,4,2.579219,0.157620,1900,3260,1900,100.00,58.28
20260630_204857_394528,,0,terminate,2,22,5,2.634801,0.064234,1900,3260,1900,100.00,58.28
20260630_204857_394528,,0,terminate,2,22,6,1.534612,0.189572,1900,3260,1900,100.00,58.28
20260630_204857_394528,,0,terminate,2,22,7,2.376690,0.039730,1900,3260,1900,100.00,58.28
20260630_204857_394528,,0,terminate,2,23,0,2.306002,0.085873,1900,3260,1900,100.00,58.28
20260630_204857_394528,,0,terminate,2,23,1,2.355770,0.107646,1900,3260,1900,100.00,58.28
20260630_204857_394528,,0,terminate,2,23,2,2.310642,0.105266,1900,3260,1900,100.00,58.28
20260630_204857_394528,,0,terminate,2,23,3,2.198015,0.161195,1900,3260,1900,100.00,58.28
20260630_204857_394528,,0,terminate,2,23,4,2.318480,0.153357,1900,3260,1900,100.00,58.28
20260630_204857_394528,,0,terminate,2,23,5,2.623788,0.080844,1900,3260,1900,100.00,58.28
20260630_204857_394528,,0,terminate,2,23,6,2.544881,0.119980,1900,3260,1900,100.00,58.28
20260630_204857_394528,,0,terminate,2,23,7,2.360662,0.192739,1900,3260,1900,100.00,58.28
20260630_204857_394528,,0,terminate,2,24,0,2.843621,0.068262,1900,3260,1900,100.00,58.28
20260630_204857_394528,,0,terminate,2,24,1,3.617754,-0.089429,1900,3260,1900,100.00,58.28
20260630_204857_394528,,0,terminate,2,24,2,3.770458,0.048841,1900,3260,1900,100.00,58.28
20260630_204857_394528,,0,terminate,2,24,3,3.285809,0.149764,1900,3260,1900,100.00,58.28
20260630_204857_394528,,0,terminate,2,24,4,2.247550,0.202652,1900,3260,1900,100.00,58.28
20260630_204857_394528,,0,terminate,2,24,5,2.768737,0.137309,1900,3260,1900,100.00,58.28
20260630_204857_394528,,0,terminate,2,24,6,3.471643,0.143391,1900,3260,1900,100.00,58.28
20260630_204857_394528,,0,terminate,2,24,7,3.450364,0.173208,1900,3260,1900,100.00,58.28
20260630_204857_394528,,0,terminate,2,25,0,2.370700,0.175155,1900,3260,1900,100.00,58.28
20260630_204857_394528,,0,terminate,2,25,1,4.429136,0.064391,1900,3260,1900,100.00,58.28
20260630_204857_394528,,0,terminate,2,25,2,3.541234,0.057749,1900,3260,1900,100.00,58.28
20260630_204857_394528,,0,terminate,2,25,3,2.881640,0.192851,1900,3260,1900,100.00,58.28
20260630_204857_394528,,0,terminate,2,25,4,3.634016,0.004354,1900,3260,1900,100.00,58.28
20260630_204857_394528,,0,terminate,2,25,5,3.735099,0.076948,1900,3260,1900,100.00,58.28
20260630_204857_394528,,0,terminate,2,25,6,2.801941,0.152301,1900,3260,1900,100.00,58.28
20260630_204857_394528,,0,terminate,2,25,7,2.513420,0.160327,1900,3260,1900,100.00,58.28
20260630_204857_394528,,0,terminate,2,26,0,3.298152,0.095311,1900,3260,1900,100.00,58.28
20260630_204857_394528,,0,terminate,2,26,1,3.066611,0.071480,1900,3260,1900,100.00,58.28
20260630_204857_394528,,0,terminate,2,26,2,2.204576,0.323876,1900,3260,1900,100.00,58.28
20260630_204857_394528,,0,terminate,2,26,3,2.524693,0.239468,1900,3260,1900,100.00,58.28
20260630_204857_394528,,0,terminate,2,26,4,3.370593,0.154905,1900,3260,1900,100.00,58.28
20260630_204857_394528,,0,terminate,2,26,5,2.372200,0.284199,1900,3260,1900,100.00,58.28
20260630_204857_394528,,0,terminate,2,26,6,3.357003,0.237604,1900,3260,1900,100.00,58.28
20260630_204857_394528,,0,terminate,2,26,7,3.100704,0.117547,1900,3260,1900,100.00,58.28
20260630_204857_394528,,0,terminate,2,27,0,3.376384,0.175018,1900,3260,1900,100.00,58.28
20260630_204857_394528,,0,terminate,2,27,1,3.695927,0.108568,1900,3260,1900,100.00,58.28
20260630_204857_394528,,0,terminate,2,27,2,3.770227,0.050337,1900,3260,1900,100.00,58.28
20260630_204857_394528,,0,terminate,2,27,3,2.553682,0.174354,1900,3260,1900,100.00,58.28
20260630_204857_394528,,0,terminate,2,27,4,4.212709,0.023613,1900,3260,1900,100.00,58.28
20260630_204857_394528,,0,terminate,2,27,5,3.147909,0.242408,1900,3260,1900,100.00,58.28
20260630_204857_394528,,0,terminate,2,27,6,2.931871,0.378157,1900,3260,1900,100.00,58.28
20260630_204857_394528,,0,terminate,2,27,7,3.279635,0.139236,1900,3260,1900,100.00,58.28
20260630_204857_394528,,0,terminate,2,28,0,3.159324,0.194032,1900,3260,1900,100.00,58.28
20260630_204857_394528,,0,terminate,2,28,1,2.477613,0.312906,1900,3260,1900,100.00,58.28
20260630_204857_394528,,0,terminate,2,28,2,4.165735,0.105950,1900,3260,1900,100.00,58.28
20260630_204857_394528,,0,terminate,2,28,3,3.314469,0.219737,1900,3260,1900,100.00,58.28
20260630_204857_394528,,0,terminate,2,28,4,3.516648,0.265809,1900,3260,1900,100.00,58.28
20260630_204857_394528,,0,terminate,2,28,5,3.788697,0.362714,1900,3260,1900,100.00,58.28
20260630_204857_394528,,0,terminate,2,28,6,4.919011,0.238349,1900,3260,1900,100.00,58.28
20260630_204857_394528,,0,terminate,2,28,7,3.063428,0.020627,1900,3260,1900,100.00,58.28
20260630_204857_394528,,0,terminate,2,29,0,5.218948,0.095755,1900,3260,1900,100.00,58.28
20260630_204857_394528,,0,terminate,2,29,1,4.532435,0.124345,1900,3260,1900,100.00,58.28
20260630_204857_394528,,0,terminate,2,29,2,3.872460,0.201328,1900,3260,1900,100.00,58.28
20260630_204857_394528,,0,terminate,2,29,3,4.497549,0.219388,1900,3260,1900,100.00,58.28
20260630_204857_394528,,0,terminate,2,29,4,4.280204,0.271442,1900,3260,1900,100.00,58.28
20260630_204857_394528,,0,terminate,2,29,5,5.365887,0.120612,1900,3260,1900,100.00,58.28
20260630_204857_394528,,0,terminate,2,29,6,3.636211,0.348372,1900,3260,1900,100.00,58.28
20260630_204857_394528,,0,terminate,2,29,7,4.845559,0.460660,1900,3260,1900,100.00,58.28
20260630_204857_394528,,0,terminate,2,30,0,5.623526,0.023976,1900,3260,1900,100.00,58.28
20260630_204857_394528,,0,terminate,2,30,1,4.370078,0.448313,1900,3260,1900,100.00,58.28
20260630_204857_394528,,0,terminate,2,30,2,6.635130,0.305847,1900,3260,1900,100.00,58.28
20260630_204857_394528,,0,terminate,2,30,3,5.833642,0.439355,1900,3260,1900,100.00,58.28
20260630_204857_394528,,0,terminate,2,30,4,8.833931,-0.008686,1900,3260,1900,100.00,58.28
20260630_204857_394528,,0,terminate,2,30,5,5.522572,0.164668,1900,3260,1900,100.00,58.28
20260630_204857_394528,,0,terminate,2,30,6,6.182299,0.202561,1900,3260,1900,100.00,58.28
20260630_204857_394528,,0,terminate,2,30,7,7.080693,0.202741,1900,3260,1900,100.00,58.28
20260630_204857_394528,,0,terminate,2,31,0,4.234282,0.404353,1900,3260,1900,100.00,58.28
20260630_204857_394528,,0,terminate,2,31,1,6.905929,0.167913,1900,3260,1900,100.00,58.28
20260630_204857_394528,,0,terminate,2,31,2,5.146476,0.327625,1900,3260,1900,100.00,58.28
20260630_204857_394528,,0,terminate,2,31,3,4.325978,0.339545,1900,3260,1900,100.00,58.28
20260630_204857_394528,,0,terminate,2,31,4,6.253145,0.346688,1900,3260,1900,100.00,58.28
20260630_204857_394528,,0,terminate,2,31,5,7.974643,-0.009765,1900,3260,1900,100.00,58.28
20260630_204857_394528,,0,terminate,2,31,6,5.726437,0.180546,1900,3260,1900,100.00,58.28
20260630_204857_394528,,0,terminate,2,31,7,5.579662,0.392722,1900,3260,1900,100.00,58.28
20260630_204857_394528,,0,terminate,2,32,0,2.853430,0.570738,1900,3260,1900,100.00,58.28
20260630_204857_394528,,0,terminate,2,32,1,3.389581,0.223409,1900,3260,1900,100.00,58.28
20260630_204857_394528,,0,terminate,2,32,2,3.136235,0.400565,1900,3260,1900,100.00,58.28
20260630_204857_394528,,0,terminate,2,32,3,2.623545,0.289857,1900,3260,1900,100.00,58.28
20260630_204857_394528,,0,terminate,2,32,4,2.567473,0.371995,1900,3260,1900,100.00,58.28
20260630_204857_394528,,0,terminate,2,32,5,2.949208,0.074884,1900,3260,1900,100.00,58.28
20260630_204857_394528,,0,terminate,2,32,6,3.102317,0.251413,1900,3260,1900,100.00,58.28
20260630_204857_394528,,0,terminate,2,32,7,2.131175,0.479466,1900,3260,1900,100.00,58.28
20260630_204857_394528,,0,terminate,2,33,0,2.864298,0.382358,1900,3260,1900,100.00,58.28
20260630_204857_394528,,0,terminate,2,33,1,2.344792,0.448034,1900,3260,1900,100.00,58.28
20260630_204857_394528,,0,terminate,2,33,2,3.110213,0.252144,1900,3260,1900,100.00,58.28
20260630_204857_394528,,0,terminate,2,33,3,2.717424,0.152567,1900,3260,1900,100.00,58.28
20260630_204857_394528,,0,terminate,2,33,4,2.779125,0.154462,1900,3260,1900,100.00,58.28
20260630_204857_394528,,0,terminate,2,33,5,2.330191,0.134815,1900,3260,1900,100.00,58.28
20260630_204857_394528,,0,terminate,2,33,6,1.901727,0.503242,1900,3260,1900,100.00,58.28
20260630_204857_394528,,0,terminate,2,33,7,2.646119,0.595421,1900,3260,1900,100.00,58.28
20260630_204857_394528,,0,terminate,2,34,0,2.603685,0.394212,1900,3260,1900,100.00,58.28
20260630_204857_394528,,0,terminate,2,34,1,3.367531,0.073474,1900,3260,1900,100.00,58.28
20260630_204857_394528,,0,terminate,2,34,2,2.681112,0.218647,1900,3260,1900,100.00,58.28
20260630_204857_394528,,0,terminate,2,34,3,2.314166,0.086238,1900,3260,1900,100.00,58.28
20260630_204857_394528,,0,terminate,2,34,4,4.225239,0.183409,1900,3260,1900,100.00,58.28
20260630_204857_394528,,0,terminate,2,34,5,2.762313,0.476235,1900,3260,1900,100.00,58.28
20260630_204857_394528,,0,terminate,2,34,6,2.449397,0.137375,1900,3260,1900,100.00,58.28
20260630_204857_394528,,0,terminate,2,34,7,3.462478,0.230987,1900,3260,1900,100.00,58.28
20260630_204857_394528,,0,terminate,2,35,0,3.031665,0.103651,1900,3260,1900,100.00,58.28
20260630_204857_394528,,0,terminate,2,35,1,3.275946,0.178168,1900,3260,1900,100.00,58.28
20260630_204857_394528,,0,terminate,2,35,2,2.118352,0.345470,1900,3260,1900,100.00,58.28
20260630_204857_394528,,0,terminate,2,35,3,3.368401,0.035768,1900,3260,1900,100.00,58.28
20260630_204857_394528,,0,terminate,2,35,4,4.356074,-0.022593,1900,3260,1900,100.00,58.28
20260630_204857_394528,,0,terminate,2,35,5,3.869991,0.112679,1900,3260,1900,100.00,58.28
20260630_204857_394528,,0,terminate,2,35,6,2.568700,0.075026,1900,3260,1900,100.00,58.28
20260630_204857_394528,,0,terminate,2,35,7,2.971258,0.090529,1900,3260,1900,100.00,58.28
20260630_204857_394528,,0,terminate,2,36,0,3.490857,-0.141610,1900,3260,1900,100.00,58.28
20260630_204857_394528,,0,terminate,2,36,1,2.862165,0.148655,1900,3260,1900,100.00,58.28
20260630_204857_394528,,0,terminate,2,36,2,3.207571,0.654154,1900,3260,1900,100.00,58.28
20260630_204857_394528,,0,terminate,2,36,3,2.949912,0.194311,1900,3260,1900,100.00,58.28
20260630_204857_394528,,0,terminate,2,36,4,2.735984,0.237213,1900,3260,1900,100.00,58.28
20260630_204857_394528,,0,terminate,2,36,5,2.584033,-0.084402,1900,3260,1900,100.00,58.28
20260630_204857_394528,,0,terminate,2,36,6,2.739506,0.289485,1900,3260,1900,100.00,58.28
20260630_204857_394528,,0,terminate,2,36,7,2.547046,0.197873,1900,3260,1900,100.00,58.28
20260630_204857_394528,,0,terminate,2,37,0,4.198641,0.196699,1900,3260,1900,100.00,58.28
20260630_204857_394528,,0,terminate,2,37,1,3.121981,0.343347,1900,3260,1900,100.00,58.28
20260630_204857_394528,,0,terminate,2,37,2,3.153048,0.511984,1900,3260,1900,100.00,58.28
20260630_204857_394528,,0,terminate,2,37,3,4.647803,0.138253,1900,3260,1900,100.00,58.28
20260630_204857_394528,,0,terminate,2,37,4,4.576051,0.057493,1900,3260,1900,100.00,58.28
20260630_204857_394528,,0,terminate,2,37,5,3.210627,0.090193,1900,3260,1900,100.00,58.28
20260630_204857_394528,,0,terminate,2,37,6,4.491909,0.431484,1900,3260,1900,100.00,58.28
20260630_204857_394528,,0,terminate,2,37,7,3.262306,0.167952,1900,3260,1900,100.00,58.28
20260630_204857_394528,,0,terminate,2,38,0,2.652908,0.243086,1900,3260,1900,100.00,58.28
20260630_204857_394528,,0,terminate,2,38,1,2.049401,0.258094,1900,3260,1900,100.00,58.28
20260630_204857_394528,,0,terminate,2,38,2,2.536241,0.465205,1900,3260,1900,100.00,58.28
20260630_204857_394528,,0,terminate,2,38,3,3.719466,-0.096732,1900,3260,1900,100.00,58.28
20260630_204857_394528,,0,terminate,2,38,4,4.716591,0.555652,1900,3260,1900,100.00,58.28
20260630_204857_394528,,0,terminate,2,38,5,3.741845,0.039777,1900,3260,1900,100.00,58.28
20260630_204857_394528,,0,terminate,2,38,6,3.414718,0.409253,1900,3260,1900,100.00,58.28
20260630_204857_394528,,0,terminate,2,38,7,2.865476,0.254044,1900,3260,1900,100.00,58.28
20260630_204857_394528,,0,terminate,2,39,0,3.277376,0.163908,1900,3260,1900,100.00,58.28
20260630_204857_394528,,0,terminate,2,39,1,2.838817,0.378216,1900,3260,1900,100.00,58.28
20260630_204857_394528,,0,terminate,2,39,2,4.199335,0.071556,1900,3260,1900,100.00,58.28
20260630_204857_394528,,0,terminate,2,39,3,3.283714,0.324732,1900,3260,1900,100.00,58.28
20260630_204857_394528,,0,terminate,2,39,4,3.607337,0.267937,1900,3260,1900,100.00,58.28
20260630_204857_394528,,0,terminate,2,39,5,4.522497,0.011237,1900,3260,1900,100.00,58.28
20260630_204857_394528,,0,terminate,2,39,6,3.424987,0.117009,1900,3260,1900,100.00,58.28
20260630_204857_394528,,0,terminate,2,39,7,3.173674,0.387354,1900,3260,1900,100.00,58.28
20260630_204857_394528,,0,terminate,2,40,0,3.371125,0.293883,1900,3260,1900,100.00,58.28
20260630_204857_394528,,0,terminate,2,40,1,4.188543,0.137316,1900,3260,1900,100.00,58.28
20260630_204857_394528,,0,terminate,2,40,2,4.605813,0.195207,1900,3260,1900,100.00,58.28
20260630_204857_394528,,0,terminate,2,40,3,4.468356,-0.043021,1900,3260,1900,100.00,58.28
20260630_204857_394528,,0,terminate,2,40,4,4.180975,0.202300,1900,3260,1900,100.00,58.28
20260630_204857_394528,,0,terminate,2,40,5,4.915012,0.194633,1900,3260,1900,100.00,58.28
20260630_204857_394528,,0,terminate,2,40,6,4.451507,0.130350,1900,3260,1900,100.00,58.28
20260630_204857_394528,,0,terminate,2,40,7,4.343493,0.050777,1900,3260,1900,100.00,58.28
20260630_204857_394528,,0,terminate,2,41,0,5.372163,0.034279,1900,3260,1900,100.00,58.28
20260630_204857_394528,,0,terminate,2,41,1,3.452990,0.137175,1900,3260,1900,100.00,58.28
20260630_204857_394528,,0,terminate,2,41,2,4.563488,0.066139,1900,3260,1900,100.00,58.28
20260630_204857_394528,,0,terminate,2,41,3,3.683510,0.262497,1900,3260,1900,100.00,58.28
20260630_204857_394528,,0,terminate,2,41,4,2.999707,0.281528,1900,3260,1900,100.00,58.28
20260630_204857_394528,,0,terminate,2,41,5,3.474398,0.076288,1900,3260,1900,100.00,58.28
20260630_204857_394528,,0,terminate,2,41,6,2.992752,0.368407,1900,3260,1900,100.00,58.28
20260630_204857_394528,,0,terminate,2,41,7,4.376747,0.036134,1900,3260,1900,100.00,58.28
20260630_204857_394528,,0,terminate,2,42,0,6.271410,0.084578,1900,3260,1900,100.00,58.28
20260630_204857_394528,,0,terminate,2,42,1,3.533283,-0.018971,1900,3260,1900,100.00,58.28
20260630_204857_394528,,0,terminate,2,42,2,5.463425,0.133107,1900,3260,1900,100.00,58.28
20260630_204857_394528,,0,terminate,2,42,3,5.632440,0.121542,1900,3260,1900,100.00,58.28
20260630_204857_394528,,0,terminate,2,42,4,3.722770,0.090445,1900,3260,1900,100.00,58.28
20260630_204857_394528,,0,terminate,2,42,5,4.834386,0.055822,1900,3260,1900,100.00,58.28
20260630_204857_394528,,0,terminate,2,42,6,4.687826,0.063383,1900,3260,1900,100.00,58.28
20260630_204857_394528,,0,terminate,2,42,7,4.708864,0.166697,1900,3260,1900,100.00,58.28
20260630_204857_394528,,0,terminate,2,43,0,5.464494,-0.104816,1900,3260,1900,100.00,58.28
20260630_204857_394528,,0,terminate,2,43,1,4.108278,0.193009,1900,3260,1900,100.00,58.28
20260630_204857_394528,,0,terminate,2,43,2,5.165695,0.101932,1900,3260,1900,100.00,58.28
20260630_204857_394528,,0,terminate,2,43,3,5.179743,0.024330,1900,3260,1900,100.00,58.28
20260630_204857_394528,,0,terminate,2,43,4,5.673563,0.031715,1900,3260,1900,100.00,58.28
20260630_204857_394528,,0,terminate,2,43,5,7.599010,0.120603,1900,3260,1900,100.00,58.28
20260630_204857_394528,,0,terminate,2,43,6,5.090898,0.272469,1900,3260,1900,100.00,58.28
20260630_204857_394528,,0,terminate,2,43,7,6.300047,0.193204,1900,3260,1900,100.00,58.28
20260630_204857_394528,,0,terminate,2,44,0,6.923647,0.039656,1900,3260,1900,100.00,58.28
20260630_204857_394528,,0,terminate,2,44,1,4.680286,0.142827,1900,3260,1900,100.00,58.28
20260630_204857_394528,,0,terminate,2,44,2,6.667822,0.056500,1900,3260,1900,100.00,58.28
20260630_204857_394528,,0,terminate,2,44,3,8.132985,0.127761,1900,3260,1900,100.00,58.28
20260630_204857_394528,,0,terminate,2,44,4,5.885399,0.139506,1900,3260,1900,100.00,58.28
20260630_204857_394528,,0,terminate,2,44,5,4.453039,0.147189,1900,3260,1900,100.00,58.28
20260630_204857_394528,,0,terminate,2,44,6,6.125210,0.134480,1900,3260,1900,100.00,58.28
20260630_204857_394528,,0,terminate,2,44,7,5.802397,0.214854,1900,3260,1900,100.00,58.28
20260630_204857_394528,,0,terminate,2,45,0,5.637957,0.329677,1900,3260,1900,100.00,58.28
20260630_204857_394528,,0,terminate,2,45,1,6.749781,0.262004,1900,3260,1900,100.00,58.28
20260630_204857_394528,,0,terminate,2,45,2,5.616172,0.223475,1900,3260,1900,100.00,58.28
20260630_204857_394528,,0,terminate,2,45,3,6.245120,0.124562,1900,3260,1900,100.00,58.28
20260630_204857_394528,,0,terminate,2,45,4,5.254911,0.247244,1900,3260,1900,100.00,58.28
20260630_204857_394528,,0,terminate,2,45,5,6.800164,0.048900,1900,3260,1900,100.00,58.28
20260630_204857_394528,,0,terminate,2,45,6,5.820460,-0.000880,1900,3260,1900,100.00,58.28
20260630_204857_394528,,0,terminate,2,45,7,5.341276,-0.050919,1900,3260,1900,100.00,58.28
20260630_204857_394528,,0,terminate,2,46,0,8.512538,0.166989,1900,3260,1900,100.00,58.28
20260630_204857_394528,,0,terminate,2,46,1,5.883635,0.100974,1900,3260,1900,100.00,58.28
20260630_204857_394528,,0,terminate,2,46,2,6.968123,0.127061,1900,3260,1900,100.00,58.28
20260630_204857_394528,,0,terminate,2,46,3,7.168222,0.048796,1900,3260,1900,100.00,58.28
20260630_204857_394528,,0,terminate,2,46,4,6.623547,0.087628,1900,3260,1900,100.00,58.28
20260630_204857_394528,,0,terminate,2,46,5,6.938256,0.097426,1900,3260,1900,100.00,58.28
20260630_204857_394528,,0,terminate,2,46,6,4.587144,0.113616,1900,3260,1900,100.00,58.28
20260630_204857_394528,,0,terminate,2,46,7,8.465699,-0.029728,1900,3260,1900,100.00,58.28
20260630_204857_394528,,0,terminate,2,47,0,7.876077,0.155547,1900,3260,1900,100.00,58.28
20260630_204857_394528,,0,terminate,2,47,1,7.123304,0.209030,1900,3260,1900,100.00,58.28
20260630_204857_394528,,0,terminate,2,47,2,6.630973,0.237715,1900,3260,1900,100.00,58.28
20260630_204857_394528,,0,terminate,2,47,3,5.324192,0.191485,1900,3260,1900,100.00,58.28
20260630_204857_394528,,0,terminate,2,47,4,6.397193,0.066222,1900,3260,1900,100.00,58.28
20260630_204857_394528,,0,terminate,2,47,5,8.057464,0.014489,1900,3260,1900,100.00,58.28
20260630_204857_394528,,0,terminate,2,47,6,7.296018,0.180524,1900,3260,1900,100.00,58.28
20260630_204857_394528,,0,terminate,2,47,7,9.474932,0.187610,1900,3260,1900,100.00,58.28
20260630_204857_394528,,0,terminate,2,48,0,6.802499,0.357697,1900,3260,1900,100.00,58.28
20260630_204857_394528,,0,terminate,2,48,1,7.734802,0.124921,1900,3260,1900,100.00,58.28
20260630_204857_394528,,0,terminate,2,48,2,8.434169,0.101523,1900,3260,1900,100.00,58.28
20260630_204857_394528,,0,terminate,2,48,3,7.203845,0.106082,1900,3260,1900,100.00,58.28
20260630_204857_394528,,0,terminate,2,48,4,5.344668,0.253122,1900,3260,1900,100.00,58.28
20260630_204857_394528,,0,terminate,2,48,5,5.798842,0.114418,1900,3260,1900,100.00,58.28
20260630_204857_394528,,0,terminate,2,48,6,9.152100,-0.073209,1900,3260,1900,100.00,58.28
20260630_204857_394528,,0,terminate,2,48,7,8.264817,0.141164,1900,3260,1900,100.00,58.28
20260630_204857_394528,,0,terminate,2,49,0,4.702932,0.234755,1900,3260,1900,100.00,58.28
20260630_204857_394528,,0,terminate,2,49,1,11.217755,0.135603,1900,3260,1900,100.00,58.28
20260630_204857_394528,,0,terminate,2,49,2,10.300747,-0.029838,1900,3260,1900,100.00,58.28
20260630_204857_394528,,0,terminate,2,49,3,10.314492,0.209618,1900,3260,1900,100.00,58.28
20260630_204857_394528,,0,terminate,2,49,4,12.619451,0.160227,1900,3260,1900,100.00,58.28
20260630_204857_394528,,0,terminate,2,49,5,9.685828,-0.127534,1900,3260,1900,100.00,58.28
20260630_204857_394528,,0,terminate,2,49,6,9.060002,0.279328,1900,3260,1900,100.00,58.28
20260630_204857_394528,,0,terminate,2,49,7,6.212897,0.244470,1900,3260,1900,100.00,58.28
20260630_204857_394528,,0,terminate,2,50,0,13.590417,0.135596,1900,3260,1900,100.00,58.28
20260630_204857_394528,,0,terminate,2,50,1,8.731240,0.366424,1900,3260,1900,100.00,58.28
20260630_204857_394528,,0,terminate,2,50,2,5.305580,0.322372,1900,3260,1900,100.00,58.28
20260630_204857_394528,,0,terminate,2,50,3,7.338285,0.312637,1900,3260,1900,100.00,58.28
20260630_204857_394528,,0,terminate,2,50,4,8.229659,0.229487,1900,3260,1900,100.00,58.28
20260630_204857_394528,,0,terminate,2,50,5,6.483746,0.288627,1900,3260,1900,100.00,58.28
20260630_204857_394528,,0,terminate,2,50,6,7.404926,0.048658,1900,3260,1900,100.00,58.28
20260630_204857_394528,,0,terminate,2,50,7,8.908484,0.171672,1900,3260,1900,100.00,58.28
20260630_204857_394528,,0,terminate,2,51,0,12.223726,0.072750,1900,3260,1900,100.00,58.28
20260630_204857_394528,,0,terminate,2,51,1,14.779646,-0.021989,1900,3260,1900,100.00,58.28
20260630_204857_394528,,0,terminate,2,51,2,15.957721,0.240699,1900,3260,1900,100.00,58.28
20260630_204857_394528,,0,terminate,2,51,3,9.066028,0.393622,1900,3260,1900,100.00,58.28
20260630_204857_394528,,0,terminate,2,51,4,13.173196,0.007079,1900,3260,1900,100.00,58.28
20260630_204857_394528,,0,terminate,2,51,5,11.368857,0.090960,1900,3260,1900,100.00,58.28
20260630_204857_394528,,0,terminate,2,51,6,8.058153,0.371256,1900,3260,1900,100.00,58.28
20260630_204857_394528,,0,terminate,2,51,7,10.173803,-0.048972,1900,3260,1900,100.00,58.28
20260630_204857_394528,,0,terminate,2,52,0,8.548601,0.277379,1900,3260,1900,100.00,58.28
20260630_204857_394528,,0,terminate,2,52,1,6.904360,0.043562,1900,3260,1900,100.00,58.28
20260630_204857_394528,,0,terminate,2,52,2,10.257182,0.218327,1900,3260,1900,100.00,58.28
20260630_204857_394528,,0,terminate,2,52,3,9.113135,0.323411,1900,3260,1900,100.00,58.28
20260630_204857_394528,,0,terminate,2,52,4,9.835906,0.222587,1900,3260,1900,100.00,58.28
20260630_204857_394528,,0,terminate,2,52,5,14.629593,0.354700,1900,3260,1900,100.00,58.28
20260630_204857_394528,,0,terminate,2,52,6,9.237960,0.437779,1900,3260,1900,100.00,58.28
20260630_204857_394528,,0,terminate,2,52,7,8.254641,0.005757,1900,3260,1900,100.00,58.28
20260630_204857_394528,,0,terminate,2,53,0,14.670058,0.225512,1900,3260,1900,100.00,58.28
20260630_204857_394528,,0,terminate,2,53,1,14.742927,0.251541,1900,3260,1900,100.00,58.28
20260630_204857_394528,,0,terminate,2,53,2,11.446716,0.209980,1900,3260,1900,100.00,58.28
20260630_204857_394528,,0,terminate,2,53,3,12.453177,0.242928,1900,3260,1900,100.00,58.28
20260630_204857_394528,,0,terminate,2,53,4,10.708945,0.141580,1900,3260,1900,100.00,58.28
20260630_204857_394528,,0,terminate,2,53,5,19.442380,0.103980,1900,3260,1900,100.00,58.28
20260630_204857_394528,,0,terminate,2,53,6,9.944759,0.329562,1900,3260,1900,100.00,58.28
20260630_204857_394528,,0,terminate,2,53,7,16.965227,0.478931,1900,3260,1900,100.00,58.28
20260630_204857_394528,,0,terminate,2,54,0,12.594810,0.257011,1900,3260,1900,100.00,58.28
20260630_204857_394528,,0,terminate,2,54,1,10.964604,0.116701,1900,3260,1900,100.00,58.28
20260630_204857_394528,,0,terminate,2,54,2,14.999053,0.059687,1900,3260,1900,100.00,58.28
20260630_204857_394528,,0,terminate,2,54,3,19.408913,0.447590,1900,3260,1900,100.00,58.28
20260630_204857_394528,,0,terminate,2,54,4,21.272221,0.077909,1900,3260,1900,100.00,58.28
20260630_204857_394528,,0,terminate,2,54,5,15.254472,0.209788,1900,3260,1900,100.00,58.28
20260630_204857_394528,,0,terminate,2,54,6,14.200812,0.180126,1900,3260,1900,100.00,58.28
20260630_204857_394528,,0,terminate,2,54,7,21.017908,0.340571,1900,3260,1900,100.00,58.28
20260630_204857_394528,,0,terminate,2,55,0,11.498527,0.395989,1900,3260,1900,100.00,58.28
20260630_204857_394528,,0,terminate,2,55,1,15.140136,0.193860,1900,3260,1900,100.00,58.28
20260630_204857_394528,,0,terminate,2,55,2,13.378679,0.292108,1900,3260,1900,100.00,58.28
20260630_204857_394528,,0,terminate,2,55,3,14.470927,0.262864,1900,3260,1900,100.00,58.28
20260630_204857_394528,,0,terminate,2,55,4,14.244134,0.307822,1900,3260,1900,100.00,58.28
20260630_204857_394528,,0,terminate,2,55,5,23.477696,0.168637,1900,3260,1900,100.00,58.28
20260630_204857_394528,,0,terminate,2,55,6,16.803519,0.135036,1900,3260,1900,100.00,58.28
20260630_204857_394528,,0,terminate,2,55,7,29.281925,0.405186,1900,3260,1900,100.00,58.28
20260630_204857_394528,,0,terminate,2,56,0,16.942097,0.230417,1900,3260,1900,100.00,58.28
20260630_204857_394528,,0,terminate,2,56,1,16.209533,0.189377,1900,3260,1900,100.00,58.28
20260630_204857_394528,,0,terminate,2,56,2,14.677621,0.173502,1900,3260,1900,100.00,58.28
20260630_204857_394528,,0,terminate,2,56,3,24.273917,0.143275,1900,3260,1900,100.00,58.28
20260630_204857_394528,,0,terminate,2,56,4,25.450130,0.524512,1900,3260,1900,100.00,58.28
20260630_204857_394528,,0,terminate,2,56,5,18.541749,0.284197,1900,3260,1900,100.00,58.28
20260630_204857_394528,,0,terminate,2,56,6,18.169168,0.463154,1900,3260,1900,100.00,58.28
20260630_204857_394528,,0,terminate,2,56,7,23.202058,0.278746,1900,3260,1900,100.00,58.28
20260630_204857_394528,,0,terminate,2,57,0,22.255696,0.155661,1900,3260,1900,100.00,58.28
20260630_204857_394528,,0,terminate,2,57,1,15.507661,0.319764,1900,3260,1900,100.00,58.28
20260630_204857_394528,,0,terminate,2,57,2,20.951204,0.209430,1900,3260,1900,100.00,58.28
20260630_204857_394528,,0,terminate,2,57,3,20.561039,0.286894,1900,3260,1900,100.00,58.28
20260630_204857_394528,,0,terminate,2,57,4,20.988275,0.185392,1900,3260,1900,100.00,58.28
20260630_204857_394528,,0,terminate,2,57,5,19.402825,0.381010,1900,3260,1900,100.00,58.28
20260630_204857_394528,,0,terminate,2,57,6,23.155526,0.171777,1900,3260,1900,100.00,58.28
20260630_204857_394528,,0,terminate,2,57,7,39.534019,0.162661,1900,3260,1900,100.00,58.28
20260630_204857_394528,,0,terminate,2,58,0,36.792506,0.056268,1900,3260,1900,100.00,58.28
20260630_204857_394528,,0,terminate,2,58,1,20.646387,0.198083,1900,3260,1900,100.00,58.28
20260630_204857_394528,,0,terminate,2,58,2,22.054711,0.272122,1900,3260,1900,100.00,58.28
20260630_204857_394528,,0,terminate,2,58,3,24.198519,0.285705,1900,3260,1900,100.00,58.28
20260630_204857_394528,,0,terminate,2,58,4,27.028424,0.267598,1900,3260,1900,100.00,58.28
20260630_204857_394528,,0,terminate,2,58,5,23.968043,0.214149,1900,3260,1900,100.00,58.28
20260630_204857_394528,,0,terminate,2,58,6,24.772108,0.259212,1900,3260,1900,100.00,58.28
20260630_204857_394528,,0,terminate,2,58,7,20.703321,0.330190,1900,3260,1900,100.00,58.28
20260630_204857_394528,,0,terminate,2,59,0,27.321873,0.277672,1900,3260,1900,100.00,58.28
20260630_204857_394528,,0,terminate,2,59,1,27.105794,0.341047,1900,3260,1900,100.00,58.28
20260630_204857_394528,,0,terminate,2,59,2,27.548754,0.374585,1900,3260,1900,100.00,58.28
20260630_204857_394528,,0,terminate,2,59,3,24.393991,0.351146,1900,3260,1900,100.00,58.28
20260630_204857_394528,,0,terminate,2,59,4,21.527865,0.484697,1900,3260,1900,100.00,58.28
20260630_204857_394528,,0,terminate,2,59,5,29.437313,0.377967,1900,3260,1900,100.00,58.28
20260630_204857_394528,,0,terminate,2,59,6,26.374140,0.294267,1900,3260,1900,100.00,58.28
20260630_204857_394528,,0,terminate,2,59,7,24.633627,0.218959,1900,3260,1900,100.00,58.28
20260630_204857_394528,,0,terminate,2,60,0,23.494870,0.458648,1900,3260,1900,100.00,58.28
20260630_204857_394528,,0,terminate,2,60,1,36.869042,0.730262,1900,3260,1900,100.00,58.28
20260630_204857_394528,,0,terminate,2,60,2,26.527504,0.140015,1900,3260,1900,100.00,58.28
20260630_204857_394528,,0,terminate,2,60,3,25.122637,0.121929,1900,3260,1900,100.00,58.28
20260630_204857_394528,,0,terminate,2,60,4,28.506248,0.271302,1900,3260,1900,100.00,58.28
20260630_204857_394528,,0,terminate,2,60,5,26.646428,0.195639,1900,3260,1900,100.00,58.28
20260630_204857_394528,,0,terminate,2,60,6,55.923589,0.333241,1900,3260,1900,100.00,58.28
20260630_204857_394528,,0,terminate,2,60,7,32.250839,0.547930,1900,3260,1900,100.00,58.28
20260630_204857_394528,,0,terminate,2,61,0,32.072511,0.201914,1900,3260,1900,100.00,58.28
20260630_204857_394528,,0,terminate,2,61,1,29.555303,0.291051,1900,3260,1900,100.00,58.28
20260630_204857_394528,,0,terminate,2,61,2,42.860068,0.191078,1900,3260,1900,100.00,58.28
20260630_204857_394528,,0,terminate,2,61,3,32.564211,0.364985,1900,3260,1900,100.00,58.28
20260630_204857_394528,,0,terminate,2,61,4,54.142748,0.186446,1900,3260,1900,100.00,58.28
20260630_204857_394528,,0,terminate,2,61,5,36.115312,0.360610,1900,3260,1900,100.00,58.28
20260630_204857_394528,,0,terminate,2,61,6,38.634523,0.273500,1900,3260,1900,100.00,58.28
20260630_204857_394528,,0,terminate,2,61,7,42.378026,0.626833,1900,3260,1900,100.00,58.28
20260630_204857_394528,,0,terminate,2,62,0,35.863174,0.784480,1900,3260,1900,100.00,58.28
20260630_204857_394528,,0,terminate,2,62,1,35.270463,0.260609,1900,3260,1900,100.00,58.28
20260630_204857_394528,,0,terminate,2,62,2,35.953261,0.260089,1900,3260,1900,100.00,58.28
20260630_204857_394528,,0,terminate,2,62,3,34.854680,0.140918,1900,3260,1900,100.00,58.28
20260630_204857_394528,,0,terminate,2,62,4,45.439143,0.201683,1900,3260,1900,100.00,58.28
20260630_204857_394528,,0,terminate,2,62,5,32.564241,0.259322,1900,3260,1900,100.00,58.28
20260630_204857_394528,,0,terminate,2,62,6,42.452493,0.565185,1900,3260,1900,100.00,58.28
20260630_204857_394528,,0,terminate,2,62,7,36.364378,0.229428,1900,3260,1900,100.00,58.28
20260630_204857_394528,,0,terminate,2,63,0,27.347141,0.184998,1900,3260,1900,100.00,58.28
20260630_204857_394528,,0,terminate,2,63,1,33.769068,0.100084,1900,3260,1900,100.00,58.28
20260630_204857_394528,,0,terminate,2,63,2,38.148492,0.383901,1900,3260,1900,100.00,58.28
20260630_204857_394528,,0,terminate,2,63,3,26.511345,-0.025574,1900,3260,1900,100.00,58.28
20260630_204857_394528,,0,terminate,2,63,4,33.207463,0.150947,1900,3260,1900,100.00,58.28
20260630_204857_394528,,0,terminate,2,63,5,33.752645,0.533198,1900,3260,1900,100.00,58.28
20260630_204857_394528,,0,terminate,2,63,6,28.227469,-0.021310,1900,3260,1900,100.00,58.28
20260630_204857_394528,,0,terminate,2,63,7,29.111607,0.473011,1900,3260,1900,100.00,58.28
20260630_204857_394528,terminate,1,terminate,2,0,0,0.218338,-0.050061,2531,3260,2531,100.00,77.64
20260630_204857_394528,terminate,1,terminate,2,0,1,0.301491,0.261401,2531,3260,2531,100.00,77.64
20260630_204857_394528,terminate,1,terminate,2,0,2,0.296246,0.427929,2531,3260,2531,100.00,77.64
20260630_204857_394528,terminate,1,terminate,2,0,3,0.401058,0.189569,2531,3260,2531,100.00,77.64
20260630_204857_394528,terminate,1,terminate,2,0,4,0.305577,0.633192,2531,3260,2531,100.00,77.64
20260630_204857_394528,terminate,1,terminate,2,0,5,0.273791,0.042408,2531,3260,2531,100.00,77.64
20260630_204857_394528,terminate,1,terminate,2,0,6,0.272772,-0.086324,2531,3260,2531,100.00,77.64
20260630_204857_394528,terminate,1,terminate,2,0,7,0.237466,0.542186,2531,3260,2531,100.00,77.64
20260630_204857_394528,terminate,1,terminate,2,1,0,0.451801,0.031577,2531,3260,2531,100.00,77.64
20260630_204857_394528,terminate,1,terminate,2,1,1,0.227878,0.040070,2531,3260,2531,100.00,77.64
20260630_204857_394528,terminate,1,terminate,2,1,2,0.367579,-0.095031,2531,3260,2531,100.00,77.64
20260630_204857_394528,terminate,1,terminate,2,1,3,0.450115,-0.215407,2531,3260,2531,100.00,77.64
20260630_204857_394528,terminate,1,terminate,2,1,4,0.406776,-0.063928,2531,3260,2531,100.00,77.64
20260630_204857_394528,terminate,1,terminate,2,1,5,0.307345,-0.109787,2531,3260,2531,100.00,77.64
20260630_204857_394528,terminate,1,terminate,2,1,6,0.364440,-0.027035,2531,3260,2531,100.00,77.64
20260630_204857_394528,terminate,1,terminate,2,1,7,0.416512,0.592536,2531,3260,2531,100.00,77.64
20260630_204857_394528,terminate,1,terminate,2,2,0,0.670713,-0.230938,2531,3260,2531,100.00,77.64
20260630_204857_394528,terminate,1,terminate,2,2,1,0.593754,-0.285218,2531,3260,2531,100.00,77.64
20260630_204857_394528,terminate,1,terminate,2,2,2,0.461368,-0.175239,2531,3260,2531,100.00,77.64
20260630_204857_394528,terminate,1,terminate,2,2,3,0.421457,0.009051,2531,3260,2531,100.00,77.64
20260630_204857_394528,terminate,1,terminate,2,2,4,0.461229,0.086037,2531,3260,2531,100.00,77.64
20260630_204857_394528,terminate,1,terminate,2,2,5,0.504829,-0.136068,2531,3260,2531,100.00,77.64
20260630_204857_394528,terminate,1,terminate,2,2,6,0.486363,-0.221682,2531,3260,2531,100.00,77.64
20260630_204857_394528,terminate,1,terminate,2,2,7,0.682690,-0.238353,2531,3260,2531,100.00,77.64
20260630_204857_394528,terminate,1,terminate,2,3,0,0.672954,-0.021265,2531,3260,2531,100.00,77.64
20260630_204857_394528,terminate,1,terminate,2,3,1,0.485618,0.148546,2531,3260,2531,100.00,77.64
20260630_204857_394528,terminate,1,terminate,2,3,2,0.626060,-0.077059,2531,3260,2531,100.00,77.64
20260630_204857_394528,terminate,1,terminate,2,3,3,0.564007,-0.044233,2531,3260,2531,100.00,77.64
20260630_204857_394528,terminate,1,terminate,2,3,4,0.607926,-0.094943,2531,3260,2531,100.00,77.64
20260630_204857_394528,terminate,1,terminate,2,3,5,0.608170,0.049585,2531,3260,2531,100.00,77.64
20260630_204857_394528,terminate,1,terminate,2,3,6,0.464545,0.076813,2531,3260,2531,100.00,77.64
20260630_204857_394528,terminate,1,terminate,2,3,7,0.738637,-0.068523,2531,3260,2531,100.00,77.64
20260630_204857_394528,terminate,1,terminate,2,4,0,0.673707,-0.197328,2531,3260,2531,100.00,77.64
20260630_204857_394528,terminate,1,terminate,2,4,1,0.619509,0.040005,2531,3260,2531,100.00,77.64
20260630_204857_394528,terminate,1,terminate,2,4,2,0.612834,0.356879,2531,3260,2531,100.00,77.64
20260630_204857_394528,terminate,1,terminate,2,4,3,0.715874,-0.056253,2531,3260,2531,100.00,77.64
20260630_204857_394528,terminate,1,terminate,2,4,4,0.690274,0.165543,2531,3260,2531,100.00,77.64
20260630_204857_394528,terminate,1,terminate,2,4,5,0.577849,-0.161511,2531,3260,2531,100.00,77.64
20260630_204857_394528,terminate,1,terminate,2,4,6,0.688655,-0.004539,2531,3260,2531,100.00,77.64
20260630_204857_394528,terminate,1,terminate,2,4,7,0.586366,0.025140,2531,3260,2531,100.00,77.64
20260630_204857_394528,terminate,1,terminate,2,5,0,0.785667,0.167511,2531,3260,2531,100.00,77.64
20260630_204857_394528,terminate,1,terminate,2,5,1,0.673291,0.005288,2531,3260,2531,100.00,77.64
20260630_204857_394528,terminate,1,terminate,2,5,2,0.660934,0.072817,2531,3260,2531,100.00,77.64
20260630_204857_394528,terminate,1,terminate,2,5,3,0.801385,0.321396,2531,3260,2531,100.00,77.64
20260630_204857_394528,terminate,1,terminate,2,5,4,0.746830,0.183411,2531,3260,2531,100.00,77.64
20260630_204857_394528,terminate,1,terminate,2,5,5,0.495701,0.077907,2531,3260,2531,100.00,77.64
20260630_204857_394528,terminate,1,terminate,2,5,6,0.828964,-0.023108,2531,3260,2531,100.00,77.64
20260630_204857_394528,terminate,1,terminate,2,5,7,0.590269,0.078771,2531,3260,2531,100.00,77.64
20260630_204857_394528,terminate,1,terminate,2,6,0,0.903779,0.073047,2531,3260,2531,100.00,77.64
20260630_204857_394528,terminate,1,terminate,2,6,1,0.611186,0.210959,2531,3260,2531,100.00,77.64
20260630_204857_394528,terminate,1,terminate,2,6,2,0.787627,-0.043292,2531,3260,2531,100.00,77.64
20260630_204857_394528,terminate,1,terminate,2,6,3,0.594066,0.145066,2531,3260,2531,100.00,77.64
20260630_204857_394528,terminate,1,terminate,2,6,4,0.705362,-0.027141,2531,3260,2531,100.00,77.64
20260630_204857_394528,terminate,1,terminate,2,6,5,0.796230,0.167563,2531,3260,2531,100.00,77.64
20260630_204857_394528,terminate,1,terminate,2,6,6,0.738091,0.129257,2531,3260,2531,100.00,77.64
20260630_204857_394528,terminate,1,terminate,2,6,7,0.655447,0.203286,2531,3260,2531,100.00,77.64
20260630_204857_394528,terminate,1,terminate,2,7,0,1.851984,0.092753,2531,3260,2531,100.00,77.64
20260630_204857_394528,terminate,1,terminate,2,7,1,1.636004,-0.014102,2531,3260,2531,100.00,77.64
20260630_204857_394528,terminate,1,terminate,2,7,2,1.456871,0.290196,2531,3260,2531,100.00,77.64
20260630_204857_394528,terminate,1,terminate,2,7,3,1.202207,-0.018871,2531,3260,2531,100.00,77.64
20260630_204857_394528,terminate,1,terminate,2,7,4,1.698681,0.185764,2531,3260,2531,100.00,77.64
20260630_204857_394528,terminate,1,terminate,2,7,5,1.158066,0.039778,2531,3260,2531,100.00,77.64
20260630_204857_394528,terminate,1,terminate,2,7,6,1.588515,0.245366,2531,3260,2531,100.00,77.64
20260630_204857_394528,terminate,1,terminate,2,7,7,1.766021,0.233441,2531,3260,2531,100.00,77.64
20260630_204857_394528,terminate,1,terminate,2,8,0,1.341437,0.253605,2531,3260,2531,100.00,77.64
20260630_204857_394528,terminate,1,terminate,2,8,1,1.676563,-0.023821,2531,3260,2531,100.00,77.64
20260630_204857_394528,terminate,1,terminate,2,8,2,1.560032,0.007956,2531,3260,2531,100.00,77.64
20260630_204857_394528,terminate,1,terminate,2,8,3,1.449246,0.043738,2531,3260,2531,100.00,77.64
20260630_204857_394528,terminate,1,terminate,2,8,4,1.648672,0.098037,2531,3260,2531,100.00,77.64
20260630_204857_394528,terminate,1,terminate,2,8,5,1.349620,0.159907,2531,3260,2531,100.00,77.64
20260630_204857_394528,terminate,1,terminate,2,8,6,1.510221,-0.029127,2531,3260,2531,100.00,77.64
20260630_204857_394528,terminate,1,terminate,2,8,7,1.344771,-0.034897,2531,3260,2531,100.00,77.64
20260630_204857_394528,terminate,1,terminate,2,9,0,1.343185,0.234383,2531,3260,2531,100.00,77.64
20260630_204857_394528,terminate,1,terminate,2,9,1,1.095906,0.218990,2531,3260,2531,100.00,77.64
20260630_204857_394528,terminate,1,terminate,2,9,2,1.286039,0.128159,2531,3260,2531,100.00,77.64
20260630_204857_394528,terminate,1,terminate,2,9,3,1.056436,0.218085,2531,3260,2531,100.00,77.64
20260630_204857_394528,terminate,1,terminate,2,9,4,1.450101,-0.040518,2531,3260,2531,100.00,77.64
20260630_204857_394528,terminate,1,terminate,2,9,5,0.995893,0.111127,2531,3260,2531,100.00,77.64
20260630_204857_394528,terminate,1,terminate,2,9,6,1.148350,0.153484,2531,3260,2531,100.00,77.64
20260630_204857_394528,terminate,1,terminate,2,9,7,0.759122,0.457635,2531,3260,2531,100.00,77.64
20260630_204857_394528,terminate,1,terminate,2,10,0,1.569644,0.097543,2531,3260,2531,100.00,77.64
20260630_204857_394528,terminate,1,terminate,2,10,1,1.561879,-0.023143,2531,3260,2531,100.00,77.64
20260630_204857_394528,terminate,1,terminate,2,10,2,1.441845,-0.034058,2531,3260,2531,100.00,77.64
20260630_204857_394528,terminate,1,terminate,2,10,3,1.076354,0.024805,2531,3260,2531,100.00,77.64
20260630_204857_394528,terminate,1,terminate,2,10,4,1.939597,0.085360,2531,3260,2531,100.00,77.64
20260630_204857_394528,terminate,1,terminate,2,10,5,1.283800,0.206267,2531,3260,2531,100.00,77.64
20260630_204857_394528,terminate,1,terminate,2,10,6,1.216072,0.048799,2531,3260,2531,100.00,77.64
20260630_204857_394528,terminate,1,terminate,2,10,7,1.705381,-0.035611,2531,3260,2531,100.00,77.64
20260630_204857_394528,terminate,1,terminate,2,11,0,1.732175,-0.106848,2531,3260,2531,100.00,77.64
20260630_204857_394528,terminate,1,terminate,2,11,1,1.602155,-0.054529,2531,3260,2531,100.00,77.64
20260630_204857_394528,terminate,1,terminate,2,11,2,1.197497,0.043492,2531,3260,2531,100.00,77.64
20260630_204857_394528,terminate,1,terminate,2,11,3,1.755290,-0.053893,2531,3260,2531,100.00,77.64
20260630_204857_394528,terminate,1,terminate,2,11,4,2.231827,-0.041883,2531,3260,2531,100.00,77.64
20260630_204857_394528,terminate,1,terminate,2,11,5,1.777590,-0.082976,2531,3260,2531,100.00,77.64
20260630_204857_394528,terminate,1,terminate,2,11,6,1.615526,0.151752,2531,3260,2531,100.00,77.64
20260630_204857_394528,terminate,1,terminate,2,11,7,1.560086,0.102608,2531,3260,2531,100.00,77.64
20260630_204857_394528,terminate,1,terminate,2,12,0,1.630803,0.103171,2531,3260,2531,100.00,77.64
20260630_204857_394528,terminate,1,terminate,2,12,1,1.904824,0.116823,2531,3260,2531,100.00,77.64
20260630_204857_394528,terminate,1,terminate,2,12,2,1.873219,0.037419,2531,3260,2531,100.00,77.64
20260630_204857_394528,terminate,1,terminate,2,12,3,1.691200,0.086784,2531,3260,2531,100.00,77.64
20260630_204857_394528,terminate,1,terminate,2,12,4,1.655675,-0.074516,2531,3260,2531,100.00,77.64
20260630_204857_394528,terminate,1,terminate,2,12,5,1.771645,-0.023568,2531,3260,2531,100.00,77.64
20260630_204857_394528,terminate,1,terminate,2,12,6,1.669876,0.020220,2531,3260,2531,100.00,77.64
20260630_204857_394528,terminate,1,terminate,2,12,7,1.654770,0.006314,2531,3260,2531,100.00,77.64
20260630_204857_394528,terminate,1,terminate,2,13,0,2.180625,0.121165,2531,3260,2531,100.00,77.64
20260630_204857_394528,terminate,1,terminate,2,13,1,1.615557,0.184505,2531,3260,2531,100.00,77.64
20260630_204857_394528,terminate,1,terminate,2,13,2,2.325736,0.218134,2531,3260,2531,100.00,77.64
20260630_204857_394528,terminate,1,terminate,2,13,3,2.486187,0.231107,2531,3260,2531,100.00,77.64
20260630_204857_394528,terminate,1,terminate,2,13,4,2.592215,0.160030,2531,3260,2531,100.00,77.64
20260630_204857_394528,terminate,1,terminate,2,13,5,1.731821,0.113676,2531,3260,2531,100.00,77.64
20260630_204857_394528,terminate,1,terminate,2,13,6,2.538448,0.219180,2531,3260,2531,100.00,77.64
20260630_204857_394528,terminate,1,terminate,2,13,7,1.802936,0.262195,2531,3260,2531,100.00,77.64
20260630_204857_394528,terminate,1,terminate,2,14,0,1.461008,-0.021010,2531,3260,2531,100.00,77.64
20260630_204857_394528,terminate,1,terminate,2,14,1,1.486498,0.127598,2531,3260,2531,100.00,77.64
20260630_204857_394528,terminate,1,terminate,2,14,2,1.460277,0.004900,2531,3260,2531,100.00,77.64
20260630_204857_394528,terminate,1,terminate,2,14,3,1.643732,0.046106,2531,3260,2531,100.00,77.64
20260630_204857_394528,terminate,1,terminate,2,14,4,1.843933,0.144493,2531,3260,2531,100.00,77.64
20260630_204857_394528,terminate,1,terminate,2,14,5,1.799868,0.021232,2531,3260,2531,100.00,77.64
20260630_204857_394528,terminate,1,terminate,2,14,6,2.015265,0.208903,2531,3260,2531,100.00,77.64
20260630_204857_394528,terminate,1,terminate,2,14,7,1.528381,0.049152,2531,3260,2531,100.00,77.64
20260630_204857_394528,terminate,1,terminate,2,15,0,1.570111,0.090054,2531,3260,2531,100.00,77.64
20260630_204857_394528,terminate,1,terminate,2,15,1,1.743517,0.161951,2531,3260,2531,100.00,77.64
20260630_204857_394528,terminate,1,terminate,2,15,2,1.806524,0.096210,2531,3260,2531,100.00,77.64
20260630_204857_394528,terminate,1,terminate,2,15,3,1.563805,0.000473,2531,3260,2531,100.00,77.64
20260630_204857_394528,terminate,1,terminate,2,15,4,1.700246,0.190918,2531,3260,2531,100.00,77.64
20260630_204857_394528,terminate,1,terminate,2,15,5,2.213138,0.067276,2531,3260,2531,100.00,77.64
20260630_204857_394528,terminate,1,terminate,2,15,6,1.580926,0.130481,2531,3260,2531,100.00,77.64
20260630_204857_394528,terminate,1,terminate,2,15,7,1.712793,0.166578,2531,3260,2531,100.00,77.64
20260630_204857_394528,terminate,1,terminate,2,16,0,1.599767,0.032686,2531,3260,2531,100.00,77.64
20260630_204857_394528,terminate,1,terminate,2,16,1,1.524923,-0.158457,2531,3260,2531,100.00,77.64
20260630_204857_394528,terminate,1,terminate,2,16,2,2.192508,0.174291,2531,3260,2531,100.00,77.64
20260630_204857_394528,terminate,1,terminate,2,16,3,1.554892,0.059930,2531,3260,2531,100.00,77.64
20260630_204857_394528,terminate,1,terminate,2,16,4,2.190328,-0.019318,2531,3260,2531,100.00,77.64
20260630_204857_394528,terminate,1,terminate,2,16,5,2.135303,0.122875,2531,3260,2531,100.00,77.64
20260630_204857_394528,terminate,1,terminate,2,16,6,2.390265,-0.148314,2531,3260,2531,100.00,77.64
20260630_204857_394528,terminate,1,terminate,2,16,7,1.660837,0.138358,2531,3260,2531,100.00,77.64
20260630_204857_394528,terminate,1,terminate,2,17,0,1.867853,0.131808,2531,3260,2531,100.00,77.64
20260630_204857_394528,terminate,1,terminate,2,17,1,1.256012,0.105230,2531,3260,2531,100.00,77.64
20260630_204857_394528,terminate,1,terminate,2,17,2,2.180253,-0.002192,2531,3260,2531,100.00,77.64
20260630_204857_394528,terminate,1,terminate,2,17,3,1.757423,0.080095,2531,3260,2531,100.00,77.64
20260630_204857_394528,terminate,1,terminate,2,17,4,1.784412,0.057209,2531,3260,2531,100.00,77.64
20260630_204857_394528,terminate,1,terminate,2,17,5,2.081475,-0.001320,2531,3260,2531,100.00,77.64
20260630_204857_394528,terminate,1,terminate,2,17,6,1.957503,0.123810,2531,3260,2531,100.00,77.64
20260630_204857_394528,terminate,1,terminate,2,17,7,2.131630,0.137223,2531,3260,2531,100.00,77.64
20260630_204857_394528,terminate,1,terminate,2,18,0,2.742918,0.123837,2531,3260,2531,100.00,77.64
20260630_204857_394528,terminate,1,terminate,2,18,1,1.857722,0.017829,2531,3260,2531,100.00,77.64
20260630_204857_394528,terminate,1,terminate,2,18,2,2.560575,-0.064306,2531,3260,2531,100.00,77.64
20260630_204857_394528,terminate,1,terminate,2,18,3,2.211242,0.166860,2531,3260,2531,100.00,77.64
20260630_204857_394528,terminate,1,terminate,2,18,4,1.750147,0.099977,2531,3260,2531,100.00,77.64
20260630_204857_394528,terminate,1,terminate,2,18,5,2.392633,0.093516,2531,3260,2531,100.00,77.64
20260630_204857_394528,terminate,1,terminate,2,18,6,2.109197,-0.018053,2531,3260,2531,100.00,77.64
20260630_204857_394528,terminate,1,terminate,2,18,7,1.746381,0.235257,2531,3260,2531,100.00,77.64
20260630_204857_394528,terminate,1,terminate,2,19,0,2.487059,-0.028851,2531,3260,2531,100.00,77.64
20260630_204857_394528,terminate,1,terminate,2,19,1,2.031029,0.107149,2531,3260,2531,100.00,77.64
20260630_204857_394528,terminate,1,terminate,2,19,2,2.210154,-0.119169,2531,3260,2531,100.00,77.64
20260630_204857_394528,terminate,1,terminate,2,19,3,2.463215,-0.100755,2531,3260,2531,100.00,77.64
20260630_204857_394528,terminate,1,terminate,2,19,4,2.716648,-0.021459,2531,3260,2531,100.00,77.64
20260630_204857_394528,terminate,1,terminate,2,19,5,1.991598,0.132739,2531,3260,2531,100.00,77.64
20260630_204857_394528,terminate,1,terminate,2,19,6,2.285124,0.006411,2531,3260,2531,100.00,77.64
20260630_204857_394528,terminate,1,terminate,2,19,7,2.363371,-0.045431,2531,3260,2531,100.00,77.64
20260630_204857_394528,terminate,1,terminate,2,20,0,3.008123,0.138193,2531,3260,2531,100.00,77.64
20260630_204857_394528,terminate,1,terminate,2,20,1,2.642999,0.187841,2531,3260,2531,100.00,77.64
20260630_204857_394528,terminate,1,terminate,2,20,2,3.273073,0.114051,2531,3260,2531,100.00,77.64
20260630_204857_394528,terminate,1,terminate,2,20,3,2.840139,0.274386,2531,3260,2531,100.00,77.64
20260630_204857_394528,terminate,1,terminate,2,20,4,3.345345,-0.217421,2531,3260,2531,100.00,77.64
20260630_204857_394528,terminate,1,terminate,2,20,5,2.608776,-0.010011,2531,3260,2531,100.00,77.64
20260630_204857_394528,terminate,1,terminate,2,20,6,2.422871,0.211086,2531,3260,2531,100.00,77.64
20260630_204857_394528,terminate,1,terminate,2,20,7,3.761224,0.043401,2531,3260,2531,100.00,77.64
20260630_204857_394528,terminate,1,terminate,2,21,0,3.553544,0.073981,2531,3260,2531,100.00,77.64
20260630_204857_394528,terminate,1,terminate,2,21,1,3.907254,0.151029,2531,3260,2531,100.00,77.64
20260630_204857_394528,terminate,1,terminate,2,21,2,3.216849,0.174888,2531,3260,2531,100.00,77.64
20260630_204857_394528,terminate,1,terminate,2,21,3,3.255637,0.045917,2531,3260,2531,100.00,77.64
20260630_204857_394528,terminate,1,terminate,2,21,4,3.429955,0.125389,2531,3260,2531,100.00,77.64
20260630_204857_394528,terminate,1,terminate,2,21,5,2.837886,0.089739,2531,3260,2531,100.00,77.64
20260630_204857_394528,terminate,1,terminate,2,21,6,3.165219,-0.132013,2531,3260,2531,100.00,77.64
20260630_204857_394528,terminate,1,terminate,2,21,7,3.003000,-0.017836,2531,3260,2531,100.00,77.64
20260630_204857_394528,terminate,1,terminate,2,22,0,2.585833,0.074406,2531,3260,2531,100.00,77.64
20260630_204857_394528,terminate,1,terminate,2,22,1,3.083360,0.071335,2531,3260,2531,100.00,77.64
20260630_204857_394528,terminate,1,terminate,2,22,2,3.523727,0.033155,2531,3260,2531,100.00,77.64
20260630_204857_394528,terminate,1,terminate,2,22,3,3.230201,0.152478,2531,3260,2531,100.00,77.64
20260630_204857_394528,terminate,1,terminate,2,22,4,3.268734,0.067647,2531,3260,2531,100.00,77.64
20260630_204857_394528,terminate,1,terminate,2,22,5,3.395916,-0.014421,2531,3260,2531,100.00,77.64
20260630_204857_394528,terminate,1,terminate,2,22,6,2.980713,-0.125099,2531,3260,2531,100.00,77.64
20260630_204857_394528,terminate,1,terminate,2,22,7,3.530083,-0.026581,2531,3260,2531,100.00,77.64
20260630_204857_394528,terminate,1,terminate,2,23,0,3.058105,0.044083,2531,3260,2531,100.00,77.64
20260630_204857_394528,terminate,1,terminate,2,23,1,3.591282,0.014975,2531,3260,2531,100.00,77.64
20260630_204857_394528,terminate,1,terminate,2,23,2,3.122673,0.079575,2531,3260,2531,100.00,77.64
20260630_204857_394528,terminate,1,terminate,2,23,3,3.094421,0.092664,2531,3260,2531,100.00,77.64
20260630_204857_394528,terminate,1,terminate,2,23,4,2.918821,0.037330,2531,3260,2531,100.00,77.64
20260630_204857_394528,terminate,1,terminate,2,23,5,3.759384,-0.116412,2531,3260,2531,100.00,77.64
20260630_204857_394528,terminate,1,terminate,2,23,6,3.525401,0.095830,2531,3260,2531,100.00,77.64
20260630_204857_394528,terminate,1,terminate,2,23,7,3.096296,0.224062,2531,3260,2531,100.00,77.64
20260630_204857_394528,terminate,1,terminate,2,24,0,3.888407,0.013097,2531,3260,2531,100.00,77.64
20260630_204857_394528,terminate,1,terminate,2,24,1,3.956280,0.109194,2531,3260,2531,100.00,77.64
20260630_204857_394528,terminate,1,terminate,2,24,2,4.919095,-0.090643,2531,3260,2531,100.00,77.64
20260630_204857_394528,terminate,1,terminate,2,24,3,4.132598,0.001236,2531,3260,2531,100.00,77.64
20260630_204857_394528,terminate,1,terminate,2,24,4,3.002691,0.076562,2531,3260,2531,100.00,77.64
20260630_204857_394528,terminate,1,terminate,2,24,5,2.769668,0.314894,2531,3260,2531,100.00,77.64
20260630_204857_394528,terminate,1,terminate,2,24,6,4.550876,-0.052886,2531,3260,2531,100.00,77.64
20260630_204857_394528,terminate,1,terminate,2,24,7,4.433015,-0.072011,2531,3260,2531,100.00,77.64
20260630_204857_394528,terminate,1,terminate,2,25,0,2.942344,0.036803,2531,3260,2531,100.00,77.64
20260630_204857_394528,terminate,1,terminate,2,25,1,5.373344,-0.044833,2531,3260,2531,100.00,77.64
20260630_204857_394528,terminate,1,terminate,2,25,2,4.686594,-0.152583,2531,3260,2531,100.00,77.64
20260630_204857_394528,terminate,1,terminate,2,25,3,3.520454,0.094272,2531,3260,2531,100.00,77.64
20260630_204857_394528,terminate,1,terminate,2,25,4,3.677770,0.278535,2531,3260,2531,100.00,77.64
20260630_204857_394528,terminate,1,terminate,2,25,5,4.383832,0.076416,2531,3260,2531,100.00,77.64
20260630_204857_394528,terminate,1,terminate,2,25,6,4.052712,0.029955,2531,3260,2531,100.00,77.64
20260630_204857_394528,terminate,1,terminate,2,25,7,3.768635,0.090427,2531,3260,2531,100.00,77.64
20260630_204857_394528,terminate,1,terminate,2,26,0,3.933878,0.174872,2531,3260,2531,100.00,77.64
20260630_204857_394528,terminate,1,terminate,2,26,1,3.883215,0.084287,2531,3260,2531,100.00,77.64
20260630_204857_394528,terminate,1,terminate,2,26,2,2.781189,0.154925,2531,3260,2531,100.00,77.64
20260630_204857_394528,terminate,1,terminate,2,26,3,3.769282,0.024455,2531,3260,2531,100.00,77.64
20260630_204857_394528,terminate,1,terminate,2,26,4,4.502942,0.048233,2531,3260,2531,100.00,77.64
20260630_204857_394528,terminate,1,terminate,2,26,5,3.422381,-0.071927,2531,3260,2531,100.00,77.64
20260630_204857_394528,terminate,1,terminate,2,26,6,4.279771,-0.004572,2531,3260,2531,100.00,77.64
20260630_204857_394528,terminate,1,terminate,2,26,7,4.264995,-0.052655,2531,3260,2531,100.00,77.64
20260630_204857_394528,terminate,1,terminate,2,27,0,4.529293,0.058747,2531,3260,2531,100.00,77.64
20260630_204857_394528,terminate,1,terminate,2,27,1,4.679618,0.109906,2531,3260,2531,100.00,77.64
20260630_204857_394528,terminate,1,terminate,2,27,2,4.304873,0.121127,2531,3260,2531,100.00,77.64
20260630_204857_394528,terminate,1,terminate,2,27,3,3.208792,0.042978,2531,3260,2531,100.00,77.64
20260630_204857_394528,terminate,1,terminate,2,27,4,4.356281,0.164063,2531,3260,2531,100.00,77.64
20260630_204857_394528,terminate,1,terminate,2,27,5,3.844510,0.216415,2531,3260,2531,100.00,77.64
20260630_204857_394528,terminate,1,terminate,2,27,6,4.424640,-0.013670,2531,3260,2531,100.00,77.64
20260630_204857_394528,terminate,1,terminate,2,27,7,3.613216,0.253659,2531,3260,2531,100.00,77.64
20260630_204857_394528,terminate,1,terminate,2,28,0,4.195113,0.048196,2531,3260,2531,100.00,77.64
20260630_204857_394528,terminate,1,terminate,2,28,1,3.196324,0.163835,2531,3260,2531,100.00,77.64
20260630_204857_394528,terminate,1,terminate,2,28,2,5.034304,0.007457,2531,3260,2531,100.00,77.64
20260630_204857_394528,terminate,1,terminate,2,28,3,4.438632,0.074454,2531,3260,2531,100.00,77.64
20260630_204857_394528,terminate,1,terminate,2,28,4,4.511291,0.055112,2531,3260,2531,100.00,77.64
20260630_204857_394528,terminate,1,terminate,2,28,5,4.874492,0.241230,2531,3260,2531,100.00,77.64
20260630_204857_394528,terminate,1,terminate,2,28,6,5.573272,0.182019,2531,3260,2531,100.00,77.64
20260630_204857_394528,terminate,1,terminate,2,28,7,4.104544,0.136361,2531,3260,2531,100.00,77.64
20260630_204857_394528,terminate,1,terminate,2,29,0,6.456264,-0.027783,2531,3260,2531,100.00,77.64
20260630_204857_394528,terminate,1,terminate,2,29,1,5.154328,0.152612,2531,3260,2531,100.00,77.64
20260630_204857_394528,terminate,1,terminate,2,29,2,4.719656,0.026104,2531,3260,2531,100.00,77.64
20260630_204857_394528,terminate,1,terminate,2,29,3,5.377952,0.154546,2531,3260,2531,100.00,77.64
20260630_204857_394528,terminate,1,terminate,2,29,4,5.840744,0.079353,2531,3260,2531,100.00,77.64
20260630_204857_394528,terminate,1,terminate,2,29,5,6.319078,0.017822,2531,3260,2531,100.00,77.64
20260630_204857_394528,terminate,1,terminate,2,29,6,4.406913,0.211723,2531,3260,2531,100.00,77.64
20260630_204857_394528,terminate,1,terminate,2,29,7,5.923467,0.295634,2531,3260,2531,100.00,77.64
20260630_204857_394528,terminate,1,terminate,2,30,0,7.784726,-0.068766,2531,3260,2531,100.00,77.64
20260630_204857_394528,terminate,1,terminate,2,30,1,4.711240,0.434685,2531,3260,2531,100.00,77.64
20260630_204857_394528,terminate,1,terminate,2,30,2,7.829317,0.217436,2531,3260,2531,100.00,77.64
20260630_204857_394528,terminate,1,terminate,2,30,3,6.269878,0.397760,2531,3260,2531,100.00,77.64
20260630_204857_394528,terminate,1,terminate,2,30,4,9.859371,-0.013272,2531,3260,2531,100.00,77.64
20260630_204857_394528,terminate,1,terminate,2,30,5,7.269264,0.064952,2531,3260,2531,100.00,77.64
20260630_204857_394528,terminate,1,terminate,2,30,6,7.554856,0.124641,2531,3260,2531,100.00,77.64
20260630_204857_394528,terminate,1,terminate,2,30,7,8.576778,0.071536,2531,3260,2531,100.00,77.64
20260630_204857_394528,terminate,1,terminate,2,31,0,5.509750,0.118551,2531,3260,2531,100.00,77.64
20260630_204857_394528,terminate,1,terminate,2,31,1,8.171200,0.066952,2531,3260,2531,100.00,77.64
20260630_204857_394528,terminate,1,terminate,2,31,2,6.721251,0.149529,2531,3260,2531,100.00,77.64
20260630_204857_394528,terminate,1,terminate,2,31,3,5.936657,0.230393,2531,3260,2531,100.00,77.64
20260630_204857_394528,terminate,1,terminate,2,31,4,7.043845,0.294789,2531,3260,2531,100.00,77.64
20260630_204857_394528,terminate,1,terminate,2,31,5,8.176621,0.193327,2531,3260,2531,100.00,77.64
20260630_204857_394528,terminate,1,terminate,2,31,6,6.786981,0.132997,2531,3260,2531,100.00,77.64
20260630_204857_394528,terminate,1,terminate,2,31,7,6.096019,0.320083,2531,3260,2531,100.00,77.64
20260630_204857_394528,terminate,1,terminate,2,32,0,3.668750,0.346722,2531,3260,2531,100.00,77.64
20260630_204857_394528,terminate,1,terminate,2,32,1,4.148770,0.210355,2531,3260,2531,100.00,77.64
20260630_204857_394528,terminate,1,terminate,2,32,2,3.608491,0.314778,2531,3260,2531,100.00,77.64
20260630_204857_394528,terminate,1,terminate,2,32,3,3.573788,0.175053,2531,3260,2531,100.00,77.64
20260630_204857_394528,terminate,1,terminate,2,32,4,3.387984,0.324742,2531,3260,2531,100.00,77.64
20260630_204857_394528,terminate,1,terminate,2,32,5,3.662952,0.060375,2531,3260,2531,100.00,77.64
20260630_204857_394528,terminate,1,terminate,2,32,6,4.237281,0.083974,2531,3260,2531,100.00,77.64
20260630_204857_394528,terminate,1,terminate,2,32,7,2.919433,0.227186,2531,3260,2531,100.00,77.64
20260630_204857_394528,terminate,1,terminate,2,33,0,3.873761,0.263583,2531,3260,2531,100.00,77.64
20260630_204857_394528,terminate,1,terminate,2,33,1,3.073276,0.297644,2531,3260,2531,100.00,77.64
20260630_204857_394528,terminate,1,terminate,2,33,2,4.061831,0.116094,2531,3260,2531,100.00,77.64
20260630_204857_394528,terminate,1,terminate,2,33,3,3.292054,0.233090,2531,3260,2531,100.00,77.64
20260630_204857_394528,terminate,1,terminate,2,33,4,4.054455,-0.044787,2531,3260,2531,100.00,77.64
20260630_204857_394528,terminate,1,terminate,2,33,5,2.907212,0.131637,2531,3260,2531,100.00,77.64
20260630_204857_394528,terminate,1,terminate,2,33,6,2.981918,0.163422,2531,3260,2531,100.00,77.64
20260630_204857_394528,terminate,1,terminate,2,33,7,3.646817,0.399879,2531,3260,2531,100.00,77.64
20260630_204857_394528,terminate,1,terminate,2,34,0,3.460695,0.301701,2531,3260,2531,100.00,77.64
20260630_204857_394528,terminate,1,terminate,2,34,1,4.358212,0.131252,2531,3260,2531,100.00,77.64
20260630_204857_394528,terminate,1,terminate,2,34,2,3.531696,0.142228,2531,3260,2531,100.00,77.64
20260630_204857_394528,terminate,1,terminate,2,34,3,3.384215,-0.118552,2531,3260,2531,100.00,77.64
20260630_204857_394528,terminate,1,terminate,2,34,4,5.249727,0.183925,2531,3260,2531,100.00,77.64
20260630_204857_394528,terminate,1,terminate,2,34,5,3.760817,0.296043,2531,3260,2531,100.00,77.64
20260630_204857_394528,terminate,1,terminate,2,34,6,3.407049,0.172149,2531,3260,2531,100.00,77.64
20260630_204857_394528,terminate,1,terminate,2,34,7,4.553053,0.212916,2531,3260,2531,100.00,77.64
20260630_204857_394528,terminate,1,terminate,2,35,0,4.236179,0.063569,2531,3260,2531,100.00,77.64
20260630_204857_394528,terminate,1,terminate,2,35,1,4.023836,0.147291,2531,3260,2531,100.00,77.64
20260630_204857_394528,terminate,1,terminate,2,35,2,3.796165,0.175840,2531,3260,2531,100.00,77.64
20260630_204857_394528,terminate,1,terminate,2,35,3,4.585256,0.031022,2531,3260,2531,100.00,77.64
20260630_204857_394528,terminate,1,terminate,2,35,4,6.018023,0.044937,2531,3260,2531,100.00,77.64
20260630_204857_394528,terminate,1,terminate,2,35,5,4.544857,0.062313,2531,3260,2531,100.00,77.64
20260630_204857_394528,terminate,1,terminate,2,35,6,4.336890,-0.150019,2531,3260,2531,100.00,77.64
20260630_204857_394528,terminate,1,terminate,2,35,7,4.264249,-0.050969,2531,3260,2531,100.00,77.64
20260630_204857_394528,terminate,1,terminate,2,36,0,4.165105,0.077689,2531,3260,2531,100.00,77.64
20260630_204857_394528,terminate,1,terminate,2,36,1,4.384135,0.094584,2531,3260,2531,100.00,77.64
20260630_204857_394528,terminate,1,terminate,2,36,2,3.942104,0.552026,2531,3260,2531,100.00,77.64
20260630_204857_394528,terminate,1,terminate,2,36,3,4.739458,-0.037823,2531,3260,2531,100.00,77.64
20260630_204857_394528,terminate,1,terminate,2,36,4,3.921251,0.042270,2531,3260,2531,100.00,77.64
20260630_204857_394528,terminate,1,terminate,2,36,5,4.087259,-0.145250,2531,3260,2531,100.00,77.64
20260630_204857_394528,terminate,1,terminate,2,36,6,4.237566,0.053327,2531,3260,2531,100.00,77.64
20260630_204857_394528,terminate,1,terminate,2,36,7,3.510396,0.166003,2531,3260,2531,100.00,77.64
20260630_204857_394528,terminate,1,terminate,2,37,0,5.806771,0.116276,2531,3260,2531,100.00,77.64
20260630_204857_394528,terminate,1,terminate,2,37,1,3.985647,0.191867,2531,3260,2531,100.00,77.64
20260630_204857_394528,terminate,1,terminate,2,37,2,5.009851,0.349736,2531,3260,2531,100.00,77.64
20260630_204857_394528,terminate,1,terminate,2,37,3,6.640214,-0.041741,2531,3260,2531,100.00,77.64
20260630_204857_394528,terminate,1,terminate,2,37,4,5.674789,-0.001657,2531,3260,2531,100.00,77.64
20260630_204857_394528,terminate,1,terminate,2,37,5,4.002278,0.118581,2531,3260,2531,100.00,77.64
20260630_204857_394528,terminate,1,terminate,2,37,6,6.950443,0.187770,2531,3260,2531,100.00,77.64
20260630_204857_394528,terminate,1,terminate,2,37,7,4.804764,0.144837,2531,3260,2531,100.00,77.64
20260630_204857_394528,terminate,1,terminate,2,38,0,4.249142,0.215903,2531,3260,2531,100.00,77.64
20260630_204857_394528,terminate,1,terminate,2,38,1,2.939556,0.161599,2531,3260,2531,100.00,77.64
20260630_204857_394528,terminate,1,terminate,2,38,2,3.925492,0.153286,2531,3260,2531,100.00,77.64
20260630_204857_394528,terminate,1,terminate,2,38,3,4.485572,0.020341,2531,3260,2531,100.00,77.64
20260630_204857_394528,terminate,1,terminate,2,38,4,5.570826,0.493481,2531,3260,2531,100.00,77.64
20260630_204857_394528,terminate,1,terminate,2,38,5,5.213599,-0.038068,2531,3260,2531,100.00,77.64
20260630_204857_394528,terminate,1,terminate,2,38,6,4.476819,0.335465,2531,3260,2531,100.00,77.64
20260630_204857_394528,terminate,1,terminate,2,38,7,4.629630,0.080771,2531,3260,2531,100.00,77.64
20260630_204857_394528,terminate,1,terminate,2,39,0,4.728046,0.161527,2531,3260,2531,100.00,77.64
20260630_204857_394528,terminate,1,terminate,2,39,1,4.559236,0.328102,2531,3260,2531,100.00,77.64
20260630_204857_394528,terminate,1,terminate,2,39,2,4.985532,0.087469,2531,3260,2531,100.00,77.64
20260630_204857_394528,terminate,1,terminate,2,39,3,4.216867,0.306595,2531,3260,2531,100.00,77.64
20260630_204857_394528,terminate,1,terminate,2,39,4,5.244008,0.138005,2531,3260,2531,100.00,77.64
20260630_204857_394528,terminate,1,terminate,2,39,5,5.882245,0.103864,2531,3260,2531,100.00,77.64
20260630_204857_394528,terminate,1,terminate,2,39,6,4.485293,0.104165,2531,3260,2531,100.00,77.64
20260630_204857_394528,terminate,1,terminate,2,39,7,4.726958,0.227389,2531,3260,2531,100.00,77.64
20260630_204857_394528,terminate,1,terminate,2,40,0,4.813697,0.184116,2531,3260,2531,100.00,77.64
20260630_204857_394528,terminate,1,terminate,2,40,1,6.354381,0.203075,2531,3260,2531,100.00,77.64
20260630_204857_394528,terminate,1,terminate,2,40,2,6.192344,0.184865,2531,3260,2531,100.00,77.64
20260630_204857_394528,terminate,1,terminate,2,40,3,6.107493,0.076274,2531,3260,2531,100.00,77.64
20260630_204857_394528,terminate,1,terminate,2,40,4,6.121870,0.263540,2531,3260,2531,100.00,77.64
20260630_204857_394528,terminate,1,terminate,2,40,5,7.376339,0.102423,2531,3260,2531,100.00,77.64
20260630_204857_394528,terminate,1,terminate,2,40,6,5.805506,0.144222,2531,3260,2531,100.00,77.64
20260630_204857_394528,terminate,1,terminate,2,40,7,6.000058,0.125073,2531,3260,2531,100.00,77.64
20260630_204857_394528,terminate,1,terminate,2,41,0,7.426653,0.115098,2531,3260,2531,100.00,77.64
20260630_204857_394528,terminate,1,terminate,2,41,1,4.949876,0.072212,2531,3260,2531,100.00,77.64
20260630_204857_394528,terminate,1,terminate,2,41,2,6.674319,-0.114119,2531,3260,2531,100.00,77.64
20260630_204857_394528,terminate,1,terminate,2,41,3,5.084894,0.140774,2531,3260,2531,100.00,77.64
20260630_204857_394528,terminate,1,terminate,2,41,4,4.705637,0.209651,2531,3260,2531,100.00,77.64
20260630_204857_394528,terminate,1,terminate,2,41,5,4.968486,0.131609,2531,3260,2531,100.00,77.64
20260630_204857_394528,terminate,1,terminate,2,41,6,4.242637,0.353051,2531,3260,2531,100.00,77.64
20260630_204857_394528,terminate,1,terminate,2,41,7,6.538834,0.059953,2531,3260,2531,100.00,77.64
20260630_204857_394528,terminate,1,terminate,2,42,0,7.445678,0.242822,2531,3260,2531,100.00,77.64
20260630_204857_394528,terminate,1,terminate,2,42,1,5.063216,-0.054710,2531,3260,2531,100.00,77.64
20260630_204857_394528,terminate,1,terminate,2,42,2,7.989312,-0.015655,2531,3260,2531,100.00,77.64
20260630_204857_394528,terminate,1,terminate,2,42,3,7.752767,0.203043,2531,3260,2531,100.00,77.64
20260630_204857_394528,terminate,1,terminate,2,42,4,5.460986,-0.013845,2531,3260,2531,100.00,77.64
20260630_204857_394528,terminate,1,terminate,2,42,5,6.451134,0.142102,2531,3260,2531,100.00,77.64
20260630_204857_394528,terminate,1,terminate,2,42,6,7.450929,-0.019301,2531,3260,2531,100.00,77.64
20260630_204857_394528,terminate,1,terminate,2,42,7,7.205137,0.084780,2531,3260,2531,100.00,77.64
20260630_204857_394528,terminate,1,terminate,2,43,0,6.378130,0.075735,2531,3260,2531,100.00,77.64
20260630_204857_394528,terminate,1,terminate,2,43,1,6.760659,-0.025969,2531,3260,2531,100.00,77.64
20260630_204857_394528,terminate,1,terminate,2,43,2,7.108152,0.078296,2531,3260,2531,100.00,77.64
20260630_204857_394528,terminate,1,terminate,2,43,3,6.658372,0.067155,2531,3260,2531,100.00,77.64
20260630_204857_394528,terminate,1,terminate,2,43,4,7.920280,0.126442,2531,3260,2531,100.00,77.64
20260630_204857_394528,terminate,1,terminate,2,43,5,11.297017,-0.037575,2531,3260,2531,100.00,77.64
20260630_204857_394528,terminate,1,terminate,2,43,6,7.072318,0.181262,2531,3260,2531,100.00,77.64
20260630_204857_394528,terminate,1,terminate,2,43,7,7.858864,0.241562,2531,3260,2531,100.00,77.64
20260630_204857_394528,terminate,1,terminate,2,44,0,8.801511,0.138689,2531,3260,2531,100.00,77.64
20260630_204857_394528,terminate,1,terminate,2,44,1,6.883723,0.100405,2531,3260,2531,100.00,77.64
20260630_204857_394528,terminate,1,terminate,2,44,2,8.938592,0.112289,2531,3260,2531,100.00,77.64
20260630_204857_394528,terminate,1,terminate,2,44,3,11.746697,0.042802,2531,3260,2531,100.00,77.64
20260630_204857_394528,terminate,1,terminate,2,44,4,8.559782,0.044345,2531,3260,2531,100.00,77.64
20260630_204857_394528,terminate,1,terminate,2,44,5,5.822604,0.208800,2531,3260,2531,100.00,77.64
20260630_204857_394528,terminate,1,terminate,2,44,6,8.607999,0.178429,2531,3260,2531,100.00,77.64
20260630_204857_394528,terminate,1,terminate,2,44,7,8.417717,0.173187,2531,3260,2531,100.00,77.64
20260630_204857_394528,terminate,1,terminate,2,45,0,6.255582,0.506093,2531,3260,2531,100.00,77.64
20260630_204857_394528,terminate,1,terminate,2,45,1,8.832908,0.332893,2531,3260,2531,100.00,77.64
20260630_204857_394528,terminate,1,terminate,2,45,2,6.755982,0.325366,2531,3260,2531,100.00,77.64
20260630_204857_394528,terminate,1,terminate,2,45,3,6.637514,0.353800,2531,3260,2531,100.00,77.64
20260630_204857_394528,terminate,1,terminate,2,45,4,6.917904,0.192265,2531,3260,2531,100.00,77.64
20260630_204857_394528,terminate,1,terminate,2,45,5,7.358869,0.298088,2531,3260,2531,100.00,77.64
20260630_204857_394528,terminate,1,terminate,2,45,6,7.533999,0.070613,2531,3260,2531,100.00,77.64
20260630_204857_394528,terminate,1,terminate,2,45,7,6.545358,0.102443,2531,3260,2531,100.00,77.64
20260630_204857_394528,terminate,1,terminate,2,46,0,10.654068,0.150160,2531,3260,2531,100.00,77.64
20260630_204857_394528,terminate,1,terminate,2,46,1,8.250014,0.084244,2531,3260,2531,100.00,77.64
20260630_204857_394528,terminate,1,terminate,2,46,2,10.293957,0.079518,2531,3260,2531,100.00,77.64
20260630_204857_394528,terminate,1,terminate,2,46,3,8.373798,0.247784,2531,3260,2531,100.00,77.64
20260630_204857_394528,terminate,1,terminate,2,46,4,7.447041,0.361324,2531,3260,2531,100.00,77.64
20260630_204857_394528,terminate,1,terminate,2,46,5,7.524904,0.200645,2531,3260,2531,100.00,77.64
20260630_204857_394528,terminate,1,terminate,2,46,6,6.493541,0.096401,2531,3260,2531,100.00,77.64
20260630_204857_394528,terminate,1,terminate,2,46,7,9.541859,0.318263,2531,3260,2531,100.00,77.64
20260630_204857_394528,terminate,1,terminate,2,47,0,8.977495,0.232383,2531,3260,2531,100.00,77.64
20260630_204857_394528,terminate,1,terminate,2,47,1,9.269507,0.329876,2531,3260,2531,100.00,77.64
20260630_204857_394528,terminate,1,terminate,2,47,2,9.281253,0.101547,2531,3260,2531,100.00,77.64
20260630_204857_394528,terminate,1,terminate,2,47,3,9.145229,-0.022820,2531,3260,2531,100.00,77.64
20260630_204857_394528,terminate,1,terminate,2,47,4,8.144724,0.174994,2531,3260,2531,100.00,77.64
20260630_204857_394528,terminate,1,terminate,2,47,5,9.078200,0.241654,2531,3260,2531,100.00,77.64
20260630_204857_394528,terminate,1,terminate,2,47,6,9.252146,0.308398,2531,3260,2531,100.00,77.64
20260630_204857_394528,terminate,1,terminate,2,47,7,11.215855,0.109981,2531,3260,2531,100.00,77.64
20260630_204857_394528,terminate,1,terminate,2,48,0,7.892991,0.511533,2531,3260,2531,100.00,77.64
20260630_204857_394528,terminate,1,terminate,2,48,1,10.566710,0.037508,2531,3260,2531,100.00,77.64
20260630_204857_394528,terminate,1,terminate,2,48,2,11.485406,0.070221,2531,3260,2531,100.00,77.64
20260630_204857_394528,terminate,1,terminate,2,48,3,8.411515,0.142790,2531,3260,2531,100.00,77.64
20260630_204857_394528,terminate,1,terminate,2,48,4,5.243848,0.443400,2531,3260,2531,100.00,77.64
20260630_204857_394528,terminate,1,terminate,2,48,5,6.387068,0.352567,2531,3260,2531,100.00,77.64
20260630_204857_394528,terminate,1,terminate,2,48,6,11.598181,0.057061,2531,3260,2531,100.00,77.64
20260630_204857_394528,terminate,1,terminate,2,48,7,9.200344,0.249833,2531,3260,2531,100.00,77.64
20260630_204857_394528,terminate,1,terminate,2,49,0,6.221124,0.117276,2531,3260,2531,100.00,77.64
20260630_204857_394528,terminate,1,terminate,2,49,1,11.715196,0.306123,2531,3260,2531,100.00,77.64
20260630_204857_394528,terminate,1,terminate,2,49,2,12.883529,0.030952,2531,3260,2531,100.00,77.64
20260630_204857_394528,terminate,1,terminate,2,49,3,11.996132,0.136907,2531,3260,2531,100.00,77.64
20260630_204857_394528,terminate,1,terminate,2,49,4,11.826717,0.409194,2531,3260,2531,100.00,77.64
20260630_204857_394528,terminate,1,terminate,2,49,5,10.667089,0.150605,2531,3260,2531,100.00,77.64
20260630_204857_394528,terminate,1,terminate,2,49,6,10.638592,0.202393,2531,3260,2531,100.00,77.64
20260630_204857_394528,terminate,1,terminate,2,49,7,9.330952,0.203401,2531,3260,2531,100.00,77.64
20260630_204857_394528,terminate,1,terminate,2,50,0,13.111861,0.392071,2531,3260,2531,100.00,77.64
20260630_204857_394528,terminate,1,terminate,2,50,1,11.873630,0.367021,2531,3260,2531,100.00,77.64
20260630_204857_394528,terminate,1,terminate,2,50,2,6.949051,0.175786,2531,3260,2531,100.00,77.64
20260630_204857_394528,terminate,1,terminate,2,50,3,9.128583,0.329447,2531,3260,2531,100.00,77.64
20260630_204857_394528,terminate,1,terminate,2,50,4,12.053027,0.110862,2531,3260,2531,100.00,77.64
20260630_204857_394528,terminate,1,terminate,2,50,5,8.549298,0.075449,2531,3260,2531,100.00,77.64
20260630_204857_394528,terminate,1,terminate,2,50,6,10.426291,0.058748,2531,3260,2531,100.00,77.64
20260630_204857_394528,terminate,1,terminate,2,50,7,10.292512,0.277399,2531,3260,2531,100.00,77.64
20260630_204857_394528,terminate,1,terminate,2,51,0,15.660376,0.231043,2531,3260,2531,100.00,77.64
20260630_204857_394528,terminate,1,terminate,2,51,1,17.633049,0.113169,2531,3260,2531,100.00,77.64
20260630_204857_394528,terminate,1,terminate,2,51,2,15.429653,0.460755,2531,3260,2531,100.00,77.64
20260630_204857_394528,terminate,1,terminate,2,51,3,10.882681,0.306428,2531,3260,2531,100.00,77.64
20260630_204857_394528,terminate,1,terminate,2,51,4,13.028316,0.201230,2531,3260,2531,100.00,77.64
20260630_204857_394528,terminate,1,terminate,2,51,5,12.919276,0.137332,2531,3260,2531,100.00,77.64
20260630_204857_394528,terminate,1,terminate,2,51,6,11.226107,0.257242,2531,3260,2531,100.00,77.64
20260630_204857_394528,terminate,1,terminate,2,51,7,14.281659,0.145563,2531,3260,2531,100.00,77.64
20260630_204857_394528,terminate,1,terminate,2,52,0,13.113582,-0.017454,2531,3260,2531,100.00,77.64
20260630_204857_394528,terminate,1,terminate,2,52,1,10.143543,-0.119757,2531,3260,2531,100.00,77.64
20260630_204857_394528,terminate,1,terminate,2,52,2,15.522667,-0.007904,2531,3260,2531,100.00,77.64
20260630_204857_394528,terminate,1,terminate,2,52,3,13.964370,0.215915,2531,3260,2531,100.00,77.64
20260630_204857_394528,terminate,1,terminate,2,52,4,14.317877,0.237423,2531,3260,2531,100.00,77.64
20260630_204857_394528,terminate,1,terminate,2,52,5,14.670221,0.392244,2531,3260,2531,100.00,77.64
20260630_204857_394528,terminate,1,terminate,2,52,6,12.868037,0.285808,2531,3260,2531,100.00,77.64
20260630_204857_394528,terminate,1,terminate,2,52,7,11.875019,0.270828,2531,3260,2531,100.00,77.64
20260630_204857_394528,terminate,1,terminate,2,53,0,16.675340,0.214296,2531,3260,2531,100.00,77.64
20260630_204857_394528,terminate,1,terminate,2,53,1,21.115682,0.009915,2531,3260,2531,100.00,77.64
20260630_204857_394528,terminate,1,terminate,2,53,2,14.785549,0.104352,2531,3260,2531,100.00,77.64
20260630_204857_394528,terminate,1,terminate,2,53,3,14.492923,0.113183,2531,3260,2531,100.00,77.64
20260630_204857_394528,terminate,1,terminate,2,53,4,16.837821,0.181567,2531,3260,2531,100.00,77.64
20260630_204857_394528,terminate,1,terminate,2,53,5,21.984007,0.177826,2531,3260,2531,100.00,77.64
20260630_204857_394528,terminate,1,terminate,2,53,6,12.746736,0.298506,2531,3260,2531,100.00,77.64
20260630_204857_394528,terminate,1,terminate,2,53,7,21.147243,0.291800,2531,3260,2531,100.00,77.64
20260630_204857_394528,terminate,1,terminate,2,54,0,18.563660,0.158200,2531,3260,2531,100.00,77.64
20260630_204857_394528,terminate,1,terminate,2,54,1,12.242389,0.281194,2531,3260,2531,100.00,77.64
20260630_204857_394528,terminate,1,terminate,2,54,2,20.834130,0.007331,2531,3260,2531,100.00,77.64
20260630_204857_394528,terminate,1,terminate,2,54,3,19.051675,0.532879,2531,3260,2531,100.00,77.64
20260630_204857_394528,terminate,1,terminate,2,54,4,24.216393,0.098071,2531,3260,2531,100.00,77.64
20260630_204857_394528,terminate,1,terminate,2,54,5,18.529434,0.305891,2531,3260,2531,100.00,77.64
20260630_204857_394528,terminate,1,terminate,2,54,6,20.581620,0.164060,2531,3260,2531,100.00,77.64
20260630_204857_394528,terminate,1,terminate,2,54,7,24.821205,0.626882,2531,3260,2531,100.00,77.64
20260630_204857_394528,terminate,1,terminate,2,55,0,16.397842,0.331579,2531,3260,2531,100.00,77.64
20260630_204857_394528,terminate,1,terminate,2,55,1,21.942465,0.223912,2531,3260,2531,100.00,77.64
20260630_204857_394528,terminate,1,terminate,2,55,2,20.225517,0.121195,2531,3260,2531,100.00,77.64
20260630_204857_394528,terminate,1,terminate,2,55,3,15.953478,0.474405,2531,3260,2531,100.00,77.64
20260630_204857_394528,terminate,1,terminate,2,55,4,19.646709,0.299235,2531,3260,2531,100.00,77.64
20260630_204857_394528,terminate,1,terminate,2,55,5,25.398523,0.147376,2531,3260,2531,100.00,77.64
20260630_204857_394528,terminate,1,terminate,2,55,6,20.855935,0.128662,2531,3260,2531,100.00,77.64
20260630_204857_394528,terminate,1,terminate,2,55,7,28.675463,0.420609,2531,3260,2531,100.00,77.64
20260630_204857_394528,terminate,1,terminate,2,56,0,22.096329,0.104465,2531,3260,2531,100.00,77.64
20260630_204857_394528,terminate,1,terminate,2,56,1,21.418572,0.214094,2531,3260,2531,100.00,77.64
20260630_204857_394528,terminate,1,terminate,2,56,2,23.077747,0.083465,2531,3260,2531,100.00,77.64
20260630_204857_394528,terminate,1,terminate,2,56,3,31.591043,0.062444,2531,3260,2531,100.00,77.64
20260630_204857_394528,terminate,1,terminate,2,56,4,34.196089,0.269009,2531,3260,2531,100.00,77.64
20260630_204857_394528,terminate,1,terminate,2,56,5,28.051011,0.035920,2531,3260,2531,100.00,77.64
20260630_204857_394528,terminate,1,terminate,2,56,6,27.190269,0.194042,2531,3260,2531,100.00,77.64
20260630_204857_394528,terminate,1,terminate,2,56,7,30.867502,0.320503,2531,3260,2531,100.00,77.64
20260630_204857_394528,terminate,1,terminate,2,57,0,31.847471,0.107147,2531,3260,2531,100.00,77.64
20260630_204857_394528,terminate,1,terminate,2,57,1,22.760062,0.142018,2531,3260,2531,100.00,77.64
20260630_204857_394528,terminate,1,terminate,2,57,2,31.804746,0.024885,2531,3260,2531,100.00,77.64
20260630_204857_394528,terminate,1,terminate,2,57,3,23.008639,0.337247,2531,3260,2531,100.00,77.64
20260630_204857_394528,terminate,1,terminate,2,57,4,23.506054,0.217492,2531,3260,2531,100.00,77.64
20260630_204857_394528,terminate,1,terminate,2,57,5,30.558956,0.159046,2531,3260,2531,100.00,77.64
20260630_204857_394528,terminate,1,terminate,2,57,6,31.063250,0.052417,2531,3260,2531,100.00,77.64
20260630_204857_394528,terminate,1,terminate,2,57,7,39.514296,0.283079,2531,3260,2531,100.00,77.64
20260630_204857_394528,terminate,1,terminate,2,58,0,43.734682,0.082227,2531,3260,2531,100.00,77.64
20260630_204857_394528,terminate,1,terminate,2,58,1,30.040097,0.104710,2531,3260,2531,100.00,77.64
20260630_204857_394528,terminate,1,terminate,2,58,2,31.333651,0.218082,2531,3260,2531,100.00,77.64
20260630_204857_394528,terminate,1,terminate,2,58,3,35.586567,0.143708,2531,3260,2531,100.00,77.64
20260630_204857_394528,terminate,1,terminate,2,58,4,50.078249,0.053550,2531,3260,2531,100.00,77.64
20260630_204857_394528,terminate,1,terminate,2,58,5,31.556584,0.437804,2531,3260,2531,100.00,77.64
20260630_204857_394528,terminate,1,terminate,2,58,6,34.928452,0.148635,2531,3260,2531,100.00,77.64
20260630_204857_394528,terminate,1,terminate,2,58,7,34.231479,-0.016718,2531,3260,2531,100.00,77.64
20260630_204857_394528,terminate,1,terminate,2,59,0,42.860659,-0.007216,2531,3260,2531,100.00,77.64
20260630_204857_394528,terminate,1,terminate,2,59,1,42.096010,0.059511,2531,3260,2531,100.00,77.64
20260630_204857_394528,terminate,1,terminate,2,59,2,41.068310,0.088436,2531,3260,2531,100.00,77.64
20260630_204857_394528,terminate,1,terminate,2,59,3,36.777258,0.094233,2531,3260,2531,100.00,77.64
20260630_204857_394528,terminate,1,terminate,2,59,4,35.351868,0.222169,2531,3260,2531,100.00,77.64
20260630_204857_394528,terminate,1,terminate,2,59,5,34.749963,0.256716,2531,3260,2531,100.00,77.64
20260630_204857_394528,terminate,1,terminate,2,59,6,41.083794,0.106886,2531,3260,2531,100.00,77.64
20260630_204857_394528,terminate,1,terminate,2,59,7,31.025595,0.137341,2531,3260,2531,100.00,77.64
20260630_204857_394528,terminate,1,terminate,2,60,0,30.295658,0.353506,2531,3260,2531,100.00,77.64
20260630_204857_394528,terminate,1,terminate,2,60,1,50.663082,0.465493,2531,3260,2531,100.00,77.64
20260630_204857_394528,terminate,1,terminate,2,60,2,29.081112,0.401517,2531,3260,2531,100.00,77.64
20260630_204857_394528,terminate,1,terminate,2,60,3,54.384115,0.022334,2531,3260,2531,100.00,77.64
20260630_204857_394528,terminate,1,terminate,2,60,4,26.838053,0.517412,2531,3260,2531,100.00,77.64
20260630_204857_394528,terminate,1,terminate,2,60,5,38.082445,0.050133,2531,3260,2531,100.00,77.64
20260630_204857_394528,terminate,1,terminate,2,60,6,61.970473,0.111272,2531,3260,2531,100.00,77.64
20260630_204857_394528,terminate,1,terminate,2,60,7,45.536458,0.122295,2531,3260,2531,100.00,77.64
20260630_204857_394528,terminate,1,terminate,2,61,0,49.074478,0.034410,2531,3260,2531,100.00,77.64
20260630_204857_394528,terminate,1,terminate,2,61,1,39.524008,0.165106,2531,3260,2531,100.00,77.64
20260630_204857_394528,terminate,1,terminate,2,61,2,52.182281,0.242901,2531,3260,2531,100.00,77.64
20260630_204857_394528,terminate,1,terminate,2,61,3,50.096578,0.086482,2531,3260,2531,100.00,77.64
20260630_204857_394528,terminate,1,terminate,2,61,4,56.645597,0.209821,2531,3260,2531,100.00,77.64
20260630_204857_394528,terminate,1,terminate,2,61,5,48.905042,0.042588,2531,3260,2531,100.00,77.64
20260630_204857_394528,terminate,1,terminate,2,61,6,48.582460,0.271606,2531,3260,2531,100.00,77.64
20260630_204857_394528,terminate,1,terminate,2,61,7,61.377999,0.272590,2531,3260,2531,100.00,77.64
20260630_204857_394528,terminate,1,terminate,2,62,0,50.781225,0.577672,2531,3260,2531,100.00,77.64
20260630_204857_394528,terminate,1,terminate,2,62,1,44.137198,0.242726,2531,3260,2531,100.00,77.64
20260630_204857_394528,terminate,1,terminate,2,62,2,46.989683,0.214090,2531,3260,2531,100.00,77.64
20260630_204857_394528,terminate,1,terminate,2,62,3,42.145712,0.393780,2531,3260,2531,100.00,77.64
20260630_204857_394528,terminate,1,terminate,2,62,4,40.675618,0.685344,2531,3260,2531,100.00,77.64
20260630_204857_394528,terminate,1,terminate,2,62,5,42.586024,0.298985,2531,3260,2531,100.00,77.64
20260630_204857_394528,terminate,1,terminate,2,62,6,55.896055,0.377612,2531,3260,2531,100.00,77.64
20260630_204857_394528,terminate,1,terminate,2,62,7,47.449870,0.139253,2531,3260,2531,100.00,77.64
20260630_204857_394528,terminate,1,terminate,2,63,0,31.953833,0.275276,2531,3260,2531,100.00,77.64
20260630_204857_394528,terminate,1,terminate,2,63,1,38.084904,0.163604,2531,3260,2531,100.00,77.64
20260630_204857_394528,terminate,1,terminate,2,63,2,42.093274,0.543229,2531,3260,2531,100.00,77.64
20260630_204857_394528,terminate,1,terminate,2,63,3,34.821822,0.047953,2531,3260,2531,100.00,77.64
20260630_204857_394528,terminate,1,terminate,2,63,4,33.990255,0.334974,2531,3260,2531,100.00,77.64
20260630_204857_394528,terminate,1,terminate,2,63,5,44.858480,0.455276,2531,3260,2531,100.00,77.64
20260630_204857_394528,terminate,1,terminate,2,63,6,32.524702,0.184115,2531,3260,2531,100.00,77.64
20260630_204857_394528,terminate,1,terminate,2,63,7,37.514622,0.322630,2531,3260,2531,100.00,77.64
